conversation_id,start_time,end_time,turn_count,all_request_times,timeZone,isEscalated,isForMPU,isMPUCaseCreated,mpuCaseCreationNumber,is_mpu_eligible,ineligibleReason,Abandoned_flag,End_Interaction,Stage_Last_Completed_Escalation,Caller_Type,Intent_Identified,MPU_Intent_Identification_retry,MPU_AHT,Auth_Sub_module1_AHT,Auth_Sub_module2_AHT,Auth_Sub_moduleN_AHT,MPU_Sub_module1_AHT,MPU_Sub_module2_AHT,MPU_Sub_moduleN_AHT,MPU_Code,Number_of_Question_Prompts_from_AI,Number_of_Successful_Prompts_from_AI,Number_of_AI_Prompts_Exception_handling,AI_Prompts_Auth,AI_Prompts_Intent_Identification,AI_Prompts_MPU,Prompts_Exception_Handling_Auth,Prompts_Exception_Handling_Intent_Identification,Prompts_Exception_Handling_MPU,Handled_by_AI_flag,Stage_Last_handled_abandonment,Retry_of_authentication_VA_flag,Retry_of_MPU_resolution_VA_flag,Auth_Retry_Prompt,MPU_Retry_Prompt,Type,ASAbandonment_by_customer_flag,Authentication_by_VA_success_flag,Authentication_by_VA_failure_reason
08159URk9qaSWW4Vlsh219HcQ,2025-09-17 10:01:42.518065 UTC,2025-09-17 10:02:22.846791 UTC,4,2025-09-17T10:01:42+00:00|2025-09-17T10:01:54+00:00|2025-09-17T10:02:09+00:00|2025-09-17T10:02:22+00:00,,false,,,,,,,,0,0,0,0,0,0,0,0,0,0,0,0,0,0,0,0,0,0,0,0,0,0,0,0,0,0,0,0,,,
103sP7m-NVySROocAU2vecD8g,2025-09-17 10:05:02.492136 UTC,2025-09-17 10:08:49.597776 UTC,22,2025-09-17T10:05:02+00:00|2025-09-17T10:05:15+00:00|2025-09-17T10:05:29+00:00|2025-09-17T10:05:39+00:00|2025-09-17T10:05:47+00:00|2025-09-17T10:05:56+00:00|2025-09-17T10:06:03+00:00|2025-09-17T10:06:20+00:00|2025-09-17T10:06:30+00:00|2025-09-17T10:06:40+00:00|2025-09-17T10:06:47+00:00|2025-09-17T10:06:56+00:00|2025-09-17T10:07:03+00:00|2025-09-17T10:07:19+00:00|2025-09-17T10:07:35+00:00|2025-09-17T10:07:46+00:00|2025-09-17T10:07:57+00:00|2025-09-17T10:08:04+00:00|2025-09-17T10:08:14+00:00|2025-09-17T10:08:21+00:00|2025-09-17T10:08:38+00:00|2025-09-17T10:08:49+00:00,,false,,,,,,,,0,0,0,0,0,0,0,0,0,0,0,0,0,0,0,0,0,0,0,0,0,0,0,0,0,0,0,0,,,
119lx_Z_GR5QkeeevbOB6Qhhw,2025-09-17 10:16:22.523272 UTC,2025-09-17 10:17:28.824199 UTC,5,2025-09-17T10:16:22+00:00|2025-09-17T10:16:33+00:00|2025-09-17T10:16:47+00:00|2025-09-17T10:17:02+00:00|2025-09-17T10:17:28+00:00,,false,,,,,,,,0,0,0,0,0,0,0,0,0,0,0,0,0,0,0,0,0,0,0,0,0,0,0,0,0,0,0,0,,,
0819ALq8IbbTDS0KVx3nr2zJQ,2025-09-17 10:35:15.718598 UTC,2025-09-17 10:39:41.721334 UTC,25,2025-09-17T10:35:15+00:00|2025-09-17T10:35:26+00:00|2025-09-17T10:35:40+00:00|2025-09-17T10:36:01+00:00|2025-09-17T10:36:12+00:00|2025-09-17T10:36:37+00:00|2025-09-17T10:36:48+00:00|2025-09-17T10:37:02+00:00|2025-09-17T10:37:18+00:00|2025-09-17T10:37:26+00:00|2025-09-17T10:37:40+00:00|2025-09-17T10:37:48+00:00|2025-09-17T10:38:02+00:00|2025-09-17T10:38:10+00:00|2025-09-17T10:38:17+00:00|2025-09-17T10:38:25+00:00|2025-09-17T10:38:39+00:00|2025-09-17T10:38:46+00:00|2025-09-17T10:38:54+00:00|2025-09-17T10:39:01+00:00|2025-09-17T10:39:08+00:00|2025-09-17T10:39:16+00:00|2025-09-17T10:39:23+00:00|2025-09-17T10:39:32+00:00|2025-09-17T10:39:41+00:00,,false,,,,,,,,0,0,0,0,0,0,0,0,0,0,0,0,0,0,0,0,0,0,0,0,0,0,0,0,0,0,0,0,,,
065EERxTi_7RVqeIHEFwJkNLA,2025-09-17 10:35:27.999111 UTC,2025-09-17 10:35:27.999111 UTC,1,2025-09-17T10:35:27+00:00,,false,,,,,,,,0,0,0,0,0,0,0,0,0,0,0,0,0,0,0,0,0,0,0,0,0,0,0,0,0,0,0,0,,,
0657PGCJOhyQO2Lu8E-uFU8cA,2025-09-17 11:01:11.952442 UTC,2025-09-17 11:03:03.93324 UTC,10,2025-09-17T11:01:11+00:00|2025-09-17T11:01:22+00:00|2025-09-17T11:01:34+00:00|2025-09-17T11:01:58+00:00|2025-09-17T11:02:09+00:00|2025-09-17T11:02:22+00:00|2025-09-17T11:02:30+00:00|2025-09-17T11:02:42+00:00|2025-09-17T11:02:52+00:00|2025-09-17T11:03:03+00:00,,false,,,,,,,,0,0,0,0,0,0,0,0,0,0,0,0,0,0,0,0,0,0,0,0,0,0,0,0,0,0,0,0,,,
d2ef3596-cf6c-4ebb-a909-f0f7974b1645,2025-09-17 14:50:53.659936 UTC,2025-09-17 14:51:14.083978 UTC,3,2025-09-17T14:50:53+00:00|2025-09-17T14:51:02+00:00|2025-09-17T14:51:14+00:00,America/Los_Angeles,false,,,,,,,,0,0,0,0,0,0,0,0,0,0,0,0,0,0,0,0,0,0,0,0,0,0,0,0,0,0,0,0,,,
f394c35b-9be7-45ba-9595-7b3bbeae2ad1,2025-09-17 19:20:33.32116 UTC,2025-09-17 19:21:09.889412 UTC,6,2025-09-17T19:20:33+00:00|2025-09-17T19:20:39+00:00|2025-09-17T19:20:49+00:00|2025-09-17T19:20:52+00:00|2025-09-17T19:20:58+00:00|2025-09-17T19:21:09+00:00,America/Los_Angeles,,,,,,,,,0,0,0,0,0,0,0,0,0,0,0,0,0,0,0,0,0,0,0,0,0,0,0,0,0,0,0,0,,,
5b52c345-101d-466a-ba35-53637aff516e,2025-09-17 19:32:04.687072 UTC,2025-09-17 19:32:12.961398 UTC,6,2025-09-17T19:32:04+00:00|2025-09-17T19:32:06+00:00|2025-09-17T19:32:07+00:00|2025-09-17T19:32:09+00:00|2025-09-17T19:32:11+00:00|2025-09-17T19:32:12+00:00,America/Los_Angeles,,,,,,,,,0,0,0,0,0,0,0,0,0,0,0,0,0,0,0,0,0,0,0,0,0,0,0,0,0,0,0,0,,,
aaff00a6-d3dd-48b2-bb6c-c9e63d1b111b,2025-09-17 19:41:58.014715 UTC,2025-09-17 19:42:06.882185 UTC,6,2025-09-17T19:41:58+00:00|2025-09-17T19:42:01+00:00|2025-09-17T19:42:02+00:00|2025-09-17T19:42:03+00:00|2025-09-17T19:42:05+00:00|2025-09-17T19:42:06+00:00,America/Los_Angeles,,,,,,,,,0,0,0,0,0,0,0,0,0,0,0,0,0,0,0,0,0,0,0,0,0,0,0,0,0,0,0,0,,,
065R72NOd4gT-iRtimouXP4hA,2025-09-18 08:05:56.208094 UTC,2025-09-18 08:06:57.779194 UTC,4,2025-09-18T08:05:56+00:00|2025-09-18T08:06:14+00:00|2025-09-18T08:06:34+00:00|2025-09-18T08:06:57+00:00,,,,,,,,,,0,0,0,0,0,0,0,0,0,0,0,0,0,0,0,0,0,0,0,0,0,0,0,0,0,0,0,0,,,
5de9e791-854a-49e4-881d-28286e311a36,2025-09-18 13:22:32.602113 UTC,2025-09-18 13:22:32.602113 UTC,1,2025-09-18T13:22:32+00:00,America/Los_Angeles,,,,,,,,,0,0,0,0,0,0,0,0,0,0,0,0,0,0,0,0,0,0,0,0,0,0,0,0,0,0,0,0,,,
ff4914e1-f03e-4efa-8019-7ef0194128a0,2025-09-18 13:29:51.373245 UTC,2025-09-18 13:29:51.373245 UTC,1,2025-09-18T13:29:51+00:00,America/Los_Angeles,,,,,,,,,0,0,0,0,0,0,0,0,0,0,0,0,0,0,0,0,0,0,0,0,0,0,0,0,0,0,0,0,,,
b87f5e55-f8de-4807-a5a7-fbc76353d6fa,2025-09-18 13:30:10.574888 UTC,2025-09-18 13:30:10.574888 UTC,1,2025-09-18T13:30:10+00:00,America/Los_Angeles,,,,,,,,,0,0,0,0,0,0,0,0,0,0,0,0,0,0,0,0,0,0,0,0,0,0,0,0,0,0,0,0,,,
2233a8f3-d5aa-45ce-8c5b-3869c56bd660,2025-09-18 13:30:44.130092 UTC,2025-09-18 13:30:44.130092 UTC,1,2025-09-18T13:30:44+00:00,America/Los_Angeles,,,,,,,,,0,0,0,0,0,0,0,0,0,0,0,0,0,0,0,0,0,0,0,0,0,0,0,0,0,0,0,0,,,
4037ce37-a69f-40cf-8b45-a3c9acfa96c9,2025-09-18 13:31:00.116544 UTC,2025-09-18 13:31:00.116544 UTC,1,2025-09-18T13:31:00+00:00,America/Los_Angeles,,,,,,,,,0,0,0,0,0,0,0,0,0,0,0,0,0,0,0,0,0,0,0,0,0,0,0,0,0,0,0,0,,,
010683f7-7177-4c28-9e88-4ee6114c2e6c,2025-09-18 13:31:34.695307 UTC,2025-09-18 13:31:34.695307 UTC,1,2025-09-18T13:31:34+00:00,America/Los_Angeles,,,,,,,,,0,0,0,0,0,0,0,0,0,0,0,0,0,0,0,0,0,0,0,0,0,0,0,0,0,0,0,0,,,
2047d88d-9825-483a-98fa-15c8356a0c45,2025-09-18 13:31:41.187708 UTC,2025-09-18 13:31:41.187708 UTC,1,2025-09-18T13:31:41+00:00,America/Los_Angeles,,,,,,,,,0,0,0,0,0,0,0,0,0,0,0,0,0,0,0,0,0,0,0,0,0,0,0,0,0,0,0,0,,,
a1cb9f0a-6943-4848-ac24-34a962cba221,2025-09-18 13:36:29.380301 UTC,2025-09-18 13:36:29.380301 UTC,1,2025-09-18T13:36:29+00:00,America/Los_Angeles,,,,,,,,,0,0,0,0,0,0,0,0,0,0,0,0,0,0,0,0,0,0,0,0,0,0,0,0,0,0,0,0,,,
383a2dc9-839b-4c32-987c-4058866f6bdb,2025-09-18 13:39:44.644822 UTC,2025-09-18 13:42:20.88472 UTC,8,2025-09-18T13:39:44+00:00|2025-09-18T13:39:52+00:00|2025-09-18T13:40:58+00:00|2025-09-18T13:41:01+00:00|2025-09-18T13:41:42+00:00|2025-09-18T13:41:52+00:00|2025-09-18T13:42:11+00:00|2025-09-18T13:42:20+00:00,America/Los_Angeles,,,,,,,,,0,0,0,0,0,0,0,0,0,0,0,0,0,0,0,0,0,0,0,0,0,0,0,0,0,0,0,0,,,
c92ad55c-df40-459f-afcc-555881900d44,2025-09-18 13:43:33.419944 UTC,2025-09-18 13:47:56.088661 UTC,12,2025-09-18T13:43:33+00:00|2025-09-18T13:43:35+00:00|2025-09-18T13:43:36+00:00|2025-09-18T13:43:37+00:00|2025-09-18T13:43:40+00:00|2025-09-18T13:43:42+00:00|2025-09-18T13:43:43+00:00|2025-09-18T13:43:45+00:00|2025-09-18T13:46:50+00:00|2025-09-18T13:47:06+00:00|2025-09-18T13:47:39+00:00|2025-09-18T13:47:56+00:00,America/Los_Angeles,false,false,true,500VE00000Q0mX7YAJ,false,IsContainerBlocked,,,0,0,0,0,0,0,0,0,0,0,0,0,0,0,0,0,0,0,0,0,0,0,0,0,0,0,0,0,,,
065TK4rROyWTKalfm-sTD2nFA,2025-09-18 16:27:24.55105 UTC,2025-09-18 16:27:42.449611 UTC,2,2025-09-18T16:27:24+00:00|2025-09-18T16:27:42+00:00,,,,,,,,,,0,0,0,0,0,0,0,0,0,0,0,0,0,0,0,0,0,0,0,0,0,0,0,0,0,0,0,0,,,
065ofFx-5uMS86rgd8agIM4LA,2025-09-18 16:35:15.510712 UTC,2025-09-18 16:35:15.510712 UTC,1,2025-09-18T16:35:15+00:00,,,,,,,,,,0,0,0,0,0,0,0,0,0,0,0,0,0,0,0,0,0,0,0,0,0,0,0,0,0,0,0,0,,,
065YvU1u69vTs62XG50HEl6WA,2025-09-18 16:37:47.185766 UTC,2025-09-18 16:38:02.621376 UTC,2,2025-09-18T16:37:47+00:00|2025-09-18T16:38:02+00:00,,,,,,,,,,0,0,0,0,0,0,0,0,0,0,0,0,0,0,0,0,0,0,0,0,0,0,0,0,0,0,0,0,,,
19029efa-f1dd-4ff2-97b1-4240f320234b,2025-09-18 17:07:00.025539 UTC,2025-09-18 17:07:31.01306 UTC,6,2025-09-18T17:07:00+00:00|2025-09-18T17:07:06+00:00|2025-09-18T17:07:11+00:00|2025-09-18T17:07:14+00:00|2025-09-18T17:07:26+00:00|2025-09-18T17:07:31+00:00,America/Los_Angeles,,,,,,,,,0,0,0,0,0,0,0,0,0,0,0,0,0,0,0,0,0,0,0,0,0,0,0,0,0,0,0,0,,,
b66ab441-f985-4418-a3a4-a4b01b94e8bb,2025-09-18 17:17:22.548094 UTC,2025-09-18 17:17:31.115178 UTC,6,2025-09-18T17:17:22+00:00|2025-09-18T17:17:24+00:00|2025-09-18T17:17:25+00:00|2025-09-18T17:17:27+00:00|2025-09-18T17:17:29+00:00|2025-09-18T17:17:31+00:00,America/Los_Angeles,,,,,,,,,0,0,0,0,0,0,0,0,0,0,0,0,0,0,0,0,0,0,0,0,0,0,0,0,0,0,0,0,,,
189b9b15-84c0-4979-8647-8206e12b1ec6,2025-09-18 17:30:15.8053 UTC,2025-09-18 17:31:48.86998 UTC,6,2025-09-18T17:30:15+00:00|2025-09-18T17:30:23+00:00|2025-09-18T17:30:31+00:00|2025-09-18T17:30:58+00:00|2025-09-18T17:31:22+00:00|2025-09-18T17:31:48+00:00,America/Los_Angeles,,,,,,,,,0,0,0,0,0,0,0,0,0,0,0,0,0,0,0,0,0,0,0,0,0,0,0,0,0,0,0,0,,,
142afb6e-4248-4a60-8fcd-da7a7cca8b04,2025-09-18 18:01:13.826504 UTC,2025-09-18 18:02:49.012238 UTC,7,2025-09-18T18:01:13+00:00|2025-09-18T18:01:18+00:00|2025-09-18T18:01:18+00:00|2025-09-18T18:01:20+00:00|2025-09-18T18:01:22+00:00|2025-09-18T18:01:24+00:00|2025-09-18T18:02:49+00:00,America/Los_Angeles,,,,,,,,,0,0,0,0,0,0,0,0,0,0,0,0,0,0,0,0,0,0,0,0,0,0,0,0,0,0,0,0,,,
d46ee379-110b-4083-a0ef-1f7455149dd4,2025-09-18 18:05:39.491285 UTC,2025-09-18 18:21:39.216874 UTC,10,2025-09-18T18:05:39+00:00|2025-09-18T18:05:53+00:00|2025-09-18T18:06:25+00:00|2025-09-18T18:06:28+00:00|2025-09-18T18:06:41+00:00|2025-09-18T18:06:46+00:00|2025-09-18T18:07:15+00:00|2025-09-18T18:21:25+00:00|2025-09-18T18:21:30+00:00|2025-09-18T18:21:39+00:00,America/Los_Angeles,,,,,,,,,0,0,0,0,0,0,0,0,0,0,0,0,0,0,0,0,0,0,0,0,0,0,0,0,0,0,0,0,,,
c07d6cb2-e7d0-445c-8efb-3919aa10a375,2025-09-18 19:00:50.746836 UTC,2025-09-18 19:00:50.746836 UTC,1,2025-09-18T19:00:50+00:00,America/Los_Angeles,,,,,,,,,0,0,0,0,0,0,0,0,0,0,0,0,0,0,0,0,0,0,0,0,0,0,0,0,0,0,0,0,,,
8ec8c118-f100-4a28-9d50-7769a313c03d,2025-09-18 19:55:08.268221 UTC,2025-09-18 19:55:54.198937 UTC,4,2025-09-18T19:55:08+00:00|2025-09-18T19:55:17+00:00|2025-09-18T19:55:50+00:00|2025-09-18T19:55:54+00:00,America/Los_Angeles,,,,,,,,,0,0,0,0,0,0,0,0,0,0,0,0,0,0,0,0,0,0,0,0,0,0,0,0,0,0,0,0,,,
081srHEQT-GTuiy4QfjAXw7CQ,2025-09-18 19:56:40.351808 UTC,2025-09-18 19:59:24.870339 UTC,11,2025-09-18T19:56:40+00:00|2025-09-18T19:56:53+00:00|2025-09-18T19:57:10+00:00|2025-09-18T19:57:38+00:00|2025-09-18T19:57:46+00:00|2025-09-18T19:58:04+00:00|2025-09-18T19:58:27+00:00|2025-09-18T19:58:52+00:00|2025-09-18T19:58:56+00:00|2025-09-18T19:59:05+00:00|2025-09-18T19:59:24+00:00,,,,,,,,,,0,0,0,0,0,0,0,0,0,0,0,0,0,0,0,0,0,0,0,0,0,0,0,0,0,0,0,0,,,
e258200c-fab4-4e20-aa75-c263d45434d4,2025-09-18 20:11:26.674496 UTC,2025-09-18 20:11:48.919889 UTC,4,2025-09-18T20:11:26+00:00|2025-09-18T20:11:38+00:00|2025-09-18T20:11:45+00:00|2025-09-18T20:11:48+00:00,America/Los_Angeles,,,,,,,,,0,0,0,0,0,0,0,0,0,0,0,0,0,0,0,0,0,0,0,0,0,0,0,0,0,0,0,0,,,
065WMVhLZjnSyKhP_wcMO5zmA,2025-09-18 20:32:43.451477 UTC,2025-09-18 20:32:55.434337 UTC,2,2025-09-18T20:32:43+00:00|2025-09-18T20:32:55+00:00,,,,,,,,,,0,0,0,0,0,0,0,0,0,0,0,0,0,0,0,0,0,0,0,0,0,0,0,0,0,0,0,0,,,
065obCztqMZQ2KkXvaX7nq9uA,2025-09-18 20:52:04.977773 UTC,2025-09-18 20:52:04.977773 UTC,1,2025-09-18T20:52:04+00:00,,,,,,,,,,0,0,0,0,0,0,0,0,0,0,0,0,0,0,0,0,0,0,0,0,0,0,0,0,0,0,0,0,,,
081_nmqK1DgTFWLx8a7weZ5kQ,2025-09-18 20:57:25.652286 UTC,2025-09-18 20:57:25.652286 UTC,1,2025-09-18T20:57:25+00:00,,,,,,,,,,0,0,0,0,0,0,0,0,0,0,0,0,0,0,0,0,0,0,0,0,0,0,0,0,0,0,0,0,,,
119oTbe5awVSeiE3vd4tC0YAw,2025-09-18 21:05:06.146292 UTC,2025-09-18 21:05:06.146292 UTC,1,2025-09-18T21:05:06+00:00,,,,,,,,,,0,0,0,0,0,0,0,0,0,0,0,0,0,0,0,0,0,0,0,0,0,0,0,0,0,0,0,0,,,
202f6ab8-e79b-4411-848e-b910f95e3b89,2025-09-18 22:08:54.824697 UTC,2025-09-18 22:12:08.959711 UTC,6,2025-09-18T22:08:54+00:00|2025-09-18T22:09:05+00:00|2025-09-18T22:11:13+00:00|2025-09-18T22:11:50+00:00|2025-09-18T22:12:01+00:00|2025-09-18T22:12:08+00:00,America/Los_Angeles,,,,,,,,,0,0,0,0,0,0,0,0,0,0,0,0,0,0,0,0,0,0,0,0,0,0,0,0,0,0,0,0,,,
ec995d0a-2284-490a-9ca2-97cf1891378f,2025-09-18 22:14:37.420561 UTC,2025-09-18 22:14:44.202686 UTC,6,2025-09-18T22:14:37+00:00|2025-09-18T22:14:39+00:00|2025-09-18T22:14:40+00:00|2025-09-18T22:14:40+00:00|2025-09-18T22:14:42+00:00|2025-09-18T22:14:44+00:00,America/Los_Angeles,,,,,,,,,0,0,0,0,0,0,0,0,0,0,0,0,0,0,0,0,0,0,0,0,0,0,0,0,0,0,0,0,,,
bfefbacc-bef3-4119-9354-6dd88261dac3,2025-09-18 22:15:43.954427 UTC,2025-09-18 22:16:39.333009 UTC,5,2025-09-18T22:15:43+00:00|2025-09-18T22:15:49+00:00|2025-09-18T22:16:10+00:00|2025-09-18T22:16:13+00:00|2025-09-18T22:16:39+00:00,America/Los_Angeles,,,,,,,,,0,0,0,0,0,0,0,0,0,0,0,0,0,0,0,0,0,0,0,0,0,0,0,0,0,0,0,0,,,
7195e8f9-f7de-4777-8c68-caea0e6de16e,2025-09-18 22:17:56.549119 UTC,2025-09-18 22:18:05.089317 UTC,5,2025-09-18T22:17:56+00:00|2025-09-18T22:17:58+00:00|2025-09-18T22:18:00+00:00|2025-09-18T22:18:00+00:00|2025-09-18T22:18:05+00:00,America/Los_Angeles,,,,,,,,,0,0,0,0,0,0,0,0,0,0,0,0,0,0,0,0,0,0,0,0,0,0,0,0,0,0,0,0,,,
3e8ad038-8717-4da7-a2a3-15e32bd5c418,2025-09-18 22:21:03.515208 UTC,2025-09-18 22:21:11.830786 UTC,5,2025-09-18T22:21:03+00:00|2025-09-18T22:21:05+00:00|2025-09-18T22:21:06+00:00|2025-09-18T22:21:07+00:00|2025-09-18T22:21:11+00:00,America/Los_Angeles,,,,,,,,,0,0,0,0,0,0,0,0,0,0,0,0,0,0,0,0,0,0,0,0,0,0,0,0,0,0,0,0,,,
21073344-2bf2-4366-82b8-9f8d672062cf,2025-09-18 22:21:37.772809 UTC,2025-09-18 22:22:27.486574 UTC,5,2025-09-18T22:21:37+00:00|2025-09-18T22:21:45+00:00|2025-09-18T22:21:55+00:00|2025-09-18T22:22:01+00:00|2025-09-18T22:22:27+00:00,America/Los_Angeles,,,,,,,,,0,0,0,0,0,0,0,0,0,0,0,0,0,0,0,0,0,0,0,0,0,0,0,0,0,0,0,0,,,
d5df4430-36b4-4349-9420-cf0addc98cba,2025-09-18 22:27:30.503861 UTC,2025-09-18 22:28:52.026694 UTC,6,2025-09-18T22:27:30+00:00|2025-09-18T22:27:36+00:00|2025-09-18T22:27:45+00:00|2025-09-18T22:27:48+00:00|2025-09-18T22:28:32+00:00|2025-09-18T22:28:52+00:00,America/Los_Angeles,,,,,,,,,0,0,0,0,0,0,0,0,0,0,0,0,0,0,0,0,0,0,0,0,0,0,0,0,0,0,0,0,,,
89718238-5723-49dc-a881-c47f248fbb63,2025-09-18 22:31:05.224346 UTC,2025-09-18 22:32:15.099425 UTC,6,2025-09-18T22:31:05+00:00|2025-09-18T22:31:10+00:00|2025-09-18T22:31:24+00:00|2025-09-18T22:31:28+00:00|2025-09-18T22:31:54+00:00|2025-09-18T22:32:15+00:00,America/Los_Angeles,,,,,,,,,0,0,0,0,0,0,0,0,0,0,0,0,0,0,0,0,0,0,0,0,0,0,0,0,0,0,0,0,,,
08266c98-f0bb-4d4c-bd77-b92bacc5df5a,2025-09-18 22:36:46.981982 UTC,2025-09-18 22:38:33.869197 UTC,10,2025-09-18T22:36:46+00:00|2025-09-18T22:36:52+00:00|2025-09-18T22:37:11+00:00|2025-09-18T22:37:38+00:00|2025-09-18T22:37:43+00:00|2025-09-18T22:37:59+00:00|2025-09-18T22:38:03+00:00|2025-09-18T22:38:11+00:00|2025-09-18T22:38:26+00:00|2025-09-18T22:38:33+00:00,America/Los_Angeles,,,,,,,,,0,0,0,0,0,0,0,0,0,0,0,0,0,0,0,0,0,0,0,0,0,0,0,0,0,0,0,0,,,
66681c5b-e83b-464b-b9b5-4fc85090e3d4,2025-09-18 22:39:51.867248 UTC,2025-09-18 22:40:03.361129 UTC,10,2025-09-18T22:39:51+00:00|2025-09-18T22:39:53+00:00|2025-09-18T22:39:54+00:00|2025-09-18T22:39:55+00:00|2025-09-18T22:39:55+00:00|2025-09-18T22:39:57+00:00|2025-09-18T22:39:59+00:00|2025-09-18T22:40:01+00:00|2025-09-18T22:40:01+00:00|2025-09-18T22:40:03+00:00,America/Los_Angeles,,,,,,,,,0,0,0,0,0,0,0,0,0,0,0,0,0,0,0,0,0,0,0,0,0,0,0,0,0,0,0,0,,,
21b0438e-96e4-4847-a579-2c1c0e7387ff,2025-09-18 22:40:54.82428 UTC,2025-09-18 22:42:10.942067 UTC,9,2025-09-18T22:40:54+00:00|2025-09-18T22:40:58+00:00|2025-09-18T22:41:06+00:00|2025-09-18T22:41:11+00:00|2025-09-18T22:41:32+00:00|2025-09-18T22:41:36+00:00|2025-09-18T22:41:42+00:00|2025-09-18T22:42:02+00:00|2025-09-18T22:42:10+00:00,America/Los_Angeles,,,,,,,,,0,0,0,0,0,0,0,0,0,0,0,0,0,0,0,0,0,0,0,0,0,0,0,0,0,0,0,0,,,
ff31506c-772d-413d-94f9-0e3a2ee3a785,2025-09-18 22:43:43.100856 UTC,2025-09-18 22:44:55.681136 UTC,9,2025-09-18T22:43:43+00:00|2025-09-18T22:43:50+00:00|2025-09-18T22:44:02+00:00|2025-09-18T22:44:05+00:00|2025-09-18T22:44:26+00:00|2025-09-18T22:44:30+00:00|2025-09-18T22:44:35+00:00|2025-09-18T22:44:49+00:00|2025-09-18T22:44:55+00:00,America/Los_Angeles,,,,,,,,,0,0,0,0,0,0,0,0,0,0,0,0,0,0,0,0,0,0,0,0,0,0,0,0,0,0,0,0,,,
6249656e-f620-4a4c-9541-e4b52907c7e8,2025-09-18 22:48:47.910215 UTC,2025-09-18 22:49:58.754856 UTC,9,2025-09-18T22:48:47+00:00|2025-09-18T22:48:52+00:00|2025-09-18T22:49:04+00:00|2025-09-18T22:49:07+00:00|2025-09-18T22:49:25+00:00|2025-09-18T22:49:29+00:00|2025-09-18T22:49:34+00:00|2025-09-18T22:49:52+00:00|2025-09-18T22:49:58+00:00,America/Los_Angeles,,,,,,,,,0,0,0,0,0,0,0,0,0,0,0,0,0,0,0,0,0,0,0,0,0,0,0,0,0,0,0,0,,,
4fdb2dfe-4e29-40ac-8e5e-00b7b813a030,2025-09-18 22:50:35.452908 UTC,2025-09-18 22:51:43.422482 UTC,11,2025-09-18T22:50:35+00:00|2025-09-18T22:50:37+00:00|2025-09-18T22:50:38+00:00|2025-09-18T22:50:39+00:00|2025-09-18T22:50:41+00:00|2025-09-18T22:50:42+00:00|2025-09-18T22:50:45+00:00|2025-09-18T22:50:46+00:00|2025-09-18T22:50:47+00:00|2025-09-18T22:51:28+00:00|2025-09-18T22:51:43+00:00,America/Los_Angeles,false,false,true,500VE00000Q1aYkYAJ,false,IsContainerBlocked,,,0,0,0,0,0,0,0,0,0,0,0,0,0,0,0,0,0,0,0,0,0,0,0,0,0,0,0,0,,,
820448c7-e918-417f-aed0-58be0e160d04,2025-09-18 22:52:07.558267 UTC,2025-09-19 10:51:06.04985 UTC,14,2025-09-18T22:52:07+00:00|2025-09-18T22:52:09+00:00|2025-09-18T22:52:10+00:00|2025-09-18T22:52:11+00:00|2025-09-18T22:52:13+00:00|2025-09-18T22:52:14+00:00|2025-09-18T22:52:17+00:00|2025-09-18T22:52:18+00:00|2025-09-18T22:52:19+00:00|2025-09-18T22:52:21+00:00|2025-09-18T22:52:26+00:00|2025-09-19T10:50:44+00:00|2025-09-19T10:50:53+00:00|2025-09-19T10:51:06+00:00,America/Los_Angeles,false,false,true,500VE00000Q1bPyYAJ,false,IsContainerBlocked,,,0,0,0,0,0,0,0,0,0,0,0,0,0,0,0,0,0,0,0,0,0,0,0,0,0,0,0,0,,,
a41ac53d-7bd4-46fe-abed-ad39fdb4a507,2025-09-19 09:39:46.959668 UTC,2025-09-19 09:40:07.074174 UTC,3,2025-09-19T09:39:46+00:00|2025-09-19T09:39:55+00:00|2025-09-19T09:40:07+00:00,America/Los_Angeles,,,,,,,,,0,0,0,0,0,0,0,0,0,0,0,0,0,0,0,0,0,0,0,0,0,0,0,0,0,0,0,0,,,
c7ec0b26-8d9e-4830-ba14-5314883bce49,2025-09-19 10:00:54.914284 UTC,2025-09-19 10:02:27.588846 UTC,4,2025-09-19T10:00:54+00:00|2025-09-19T10:01:12+00:00|2025-09-19T10:02:17+00:00|2025-09-19T10:02:27+00:00,America/Los_Angeles,,,,,,,,,0,0,0,0,0,0,0,0,0,0,0,0,0,0,0,0,0,0,0,0,0,0,0,0,0,0,0,0,,,
b4cc8461-10dc-48ac-a26f-b5206c84feba,2025-09-19 10:08:34.074295 UTC,2025-09-19 10:08:41.509433 UTC,3,2025-09-19T10:08:34+00:00|2025-09-19T10:08:38+00:00|2025-09-19T10:08:41+00:00,America/Los_Angeles,,,,,,,,,0,0,0,0,0,0,0,0,0,0,0,0,0,0,0,0,0,0,0,0,0,0,0,0,0,0,0,0,,,
065O6h4nANzRFWPQexX2U_4HA,2025-09-19 10:26:27.968195 UTC,2025-09-19 10:30:12.870705 UTC,16,2025-09-19T10:26:27+00:00|2025-09-19T10:26:42+00:00|2025-09-19T10:26:59+00:00|2025-09-19T10:27:22+00:00|2025-09-19T10:27:30+00:00|2025-09-19T10:28:00+00:00|2025-09-19T10:28:11+00:00|2025-09-19T10:28:23+00:00|2025-09-19T10:28:51+00:00|2025-09-19T10:28:59+00:00|2025-09-19T10:29:13+00:00|2025-09-19T10:29:29+00:00|2025-09-19T10:29:36+00:00|2025-09-19T10:29:42+00:00|2025-09-19T10:29:56+00:00|2025-09-19T10:30:12+00:00,,,,,,,,,,0,0,0,0,0,0,0,0,0,0,0,0,0,0,0,0,0,0,0,0,0,0,0,0,0,0,0,0,,,
a7b6b691-0f75-41a3-9442-57a8493ca620,2025-09-19 10:51:15.713533 UTC,2025-09-19 10:55:45.19497 UTC,7,2025-09-19T10:51:15+00:00|2025-09-19T10:51:22+00:00|2025-09-19T10:52:16+00:00|2025-09-19T10:53:24+00:00|2025-09-19T10:53:56+00:00|2025-09-19T10:54:05+00:00|2025-09-19T10:55:45+00:00,America/Los_Angeles,,,,,,,,,0,0,0,0,0,0,0,0,0,0,0,0,0,0,0,0,0,0,0,0,0,0,0,0,0,0,0,0,,,
13a90508-37b7-455c-8b86-080416365e2f,2025-09-19 10:55:56.689915 UTC,2025-09-19 10:56:24.265849 UTC,7,2025-09-19T10:55:56+00:00|2025-09-19T10:55:58+00:00|2025-09-19T10:55:59+00:00|2025-09-19T10:56:00+00:00|2025-09-19T10:56:01+00:00|2025-09-19T10:56:02+00:00|2025-09-19T10:56:24+00:00,America/Los_Angeles,,,,,,,,,0,0,0,0,0,0,0,0,0,0,0,0,0,0,0,0,0,0,0,0,0,0,0,0,0,0,0,0,,,
14faa47d-bb56-4e30-95d6-512b5ef7adb1,2025-09-19 10:56:39.554144 UTC,2025-09-19 10:58:26.231267 UTC,5,2025-09-19T10:56:39+00:00|2025-09-19T10:56:44+00:00|2025-09-19T10:57:00+00:00|2025-09-19T10:58:08+00:00|2025-09-19T10:58:26+00:00,America/Los_Angeles,,,,,,,,,0,0,0,0,0,0,0,0,0,0,0,0,0,0,0,0,0,0,0,0,0,0,0,0,0,0,0,0,,,
b0ace4a4-6f80-4377-80b5-70108443c4b1,2025-09-19 11:07:22.152251 UTC,2025-09-19 11:09:17.212183 UTC,6,2025-09-19T11:07:22+00:00|2025-09-19T11:07:26+00:00|2025-09-19T11:08:49+00:00|2025-09-19T11:09:04+00:00|2025-09-19T11:09:10+00:00|2025-09-19T11:09:17+00:00,America/Los_Angeles,,,,,,,,,0,0,0,0,0,0,0,0,0,0,0,0,0,0,0,0,0,0,0,0,0,0,0,0,0,0,0,0,,,
119xDDpE0-PTj2safhj7f3H4w,2025-09-19 11:10:05.800135 UTC,2025-09-19 11:11:34.365439 UTC,6,2025-09-19T11:10:05+00:00|2025-09-19T11:10:17+00:00|2025-09-19T11:10:36+00:00|2025-09-19T11:10:57+00:00|2025-09-19T11:11:11+00:00|2025-09-19T11:11:34+00:00,,,,,,,,,,0,0,0,0,0,0,0,0,0,0,0,0,0,0,0,0,0,0,0,0,0,0,0,0,0,0,0,0,,,
081iqfioOqNR6GUVIpdAEx57Q,2025-09-19 11:14:57.641959 UTC,2025-09-19 11:16:02.21227 UTC,5,2025-09-19T11:14:57+00:00|2025-09-19T11:15:09+00:00|2025-09-19T11:15:28+00:00|2025-09-19T11:15:49+00:00|2025-09-19T11:16:02+00:00,,,,,,,,,,0,0,0,0,0,0,0,0,0,0,0,0,0,0,0,0,0,0,0,0,0,0,0,0,0,0,0,0,,,
1519d4bb-9b51-40b2-a91a-1bd7acd4123c,2025-09-19 11:20:57.038813 UTC,2025-09-19 11:21:01.504408 UTC,2,2025-09-19T11:20:57+00:00|2025-09-19T11:21:01+00:00,America/Los_Angeles,,,,,,,,,0,0,0,0,0,0,0,0,0,0,0,0,0,0,0,0,0,0,0,0,0,0,0,0,0,0,0,0,,,
0818ASbEiSYSleUkKeWFrrIHQ,2025-09-19 11:36:45.728791 UTC,2025-09-19 11:38:03.815954 UTC,6,2025-09-19T11:36:45+00:00|2025-09-19T11:36:59+00:00|2025-09-19T11:37:16+00:00|2025-09-19T11:37:36+00:00|2025-09-19T11:37:51+00:00|2025-09-19T11:38:03+00:00,,,,,,,,,,0,0,0,0,0,0,0,0,0,0,0,0,0,0,0,0,0,0,0,0,0,0,0,0,0,0,0,0,,,
119QpxEiNsDQUmngLJNlpFbHw,2025-09-19 11:41:35.388539 UTC,2025-09-19 11:42:49.231416 UTC,6,2025-09-19T11:41:35+00:00|2025-09-19T11:41:46+00:00|2025-09-19T11:42:03+00:00|2025-09-19T11:42:20+00:00|2025-09-19T11:42:37+00:00|2025-09-19T11:42:49+00:00,,,,,,,,,,0,0,0,0,0,0,0,0,0,0,0,0,0,0,0,0,0,0,0,0,0,0,0,0,0,0,0,0,,,
119Yz35RKDxTFaPQm2lhlOsZw,2025-09-19 11:47:09.730159 UTC,2025-09-19 11:48:54.488257 UTC,7,2025-09-19T11:47:09+00:00|2025-09-19T11:47:23+00:00|2025-09-19T11:47:52+00:00|2025-09-19T11:48:11+00:00|2025-09-19T11:48:19+00:00|2025-09-19T11:48:39+00:00|2025-09-19T11:48:54+00:00,,,,,,,,,,0,0,0,0,0,0,0,0,0,0,0,0,0,0,0,0,0,0,0,0,0,0,0,0,0,0,0,0,,,
a5a95e76-c56a-44c1-b2fa-9a6b4950cb7f,2025-09-19 11:49:50.915352 UTC,2025-09-19 11:50:25.830805 UTC,6,2025-09-19T11:49:50+00:00|2025-09-19T11:49:54+00:00|2025-09-19T11:50:07+00:00|2025-09-19T11:50:10+00:00|2025-09-19T11:50:17+00:00|2025-09-19T11:50:25+00:00,America/Los_Angeles,,,,,,,,,0,0,0,0,0,0,0,0,0,0,0,0,0,0,0,0,0,0,0,0,0,0,0,0,0,0,0,0,,,
065RY4JlZE7Q4-h0MLVyyrudA,2025-09-19 11:53:14.874331 UTC,2025-09-19 11:54:54.976788 UTC,7,2025-09-19T11:53:14+00:00|2025-09-19T11:53:28+00:00|2025-09-19T11:53:44+00:00|2025-09-19T11:54:02+00:00|2025-09-19T11:54:10+00:00|2025-09-19T11:54:42+00:00|2025-09-19T11:54:54+00:00,,,,,,,,,,0,0,0,0,0,0,0,0,0,0,0,0,0,0,0,0,0,0,0,0,0,0,0,0,0,0,0,0,,,
103uEzZhAIpTFipnVZGuGwxxg,2025-09-19 12:00:04.68904 UTC,2025-09-19 12:01:03.781238 UTC,5,2025-09-19T12:00:04+00:00|2025-09-19T12:00:18+00:00|2025-09-19T12:00:35+00:00|2025-09-19T12:00:50+00:00|2025-09-19T12:01:03+00:00,,,,,,,,,,0,0,0,0,0,0,0,0,0,0,0,0,0,0,0,0,0,0,0,0,0,0,0,0,0,0,0,0,,,
1196SdPILQrSMqC7l10mFfpGw,2025-09-19 12:08:08.519602 UTC,2025-09-19 12:09:25.826822 UTC,8,2025-09-19T12:08:08+00:00|2025-09-19T12:08:19+00:00|2025-09-19T12:08:26+00:00|2025-09-19T12:08:44+00:00|2025-09-19T12:09:00+00:00|2025-09-19T12:09:09+00:00|2025-09-19T12:09:19+00:00|2025-09-19T12:09:25+00:00,,,,,,,,,,0,0,0,0,0,0,0,0,0,0,0,0,0,0,0,0,0,0,0,0,0,0,0,0,0,0,0,0,,,
1191KrUqODgSCW8xjiDWJsZNw,2025-09-19 12:11:47.820433 UTC,2025-09-19 12:14:02.392134 UTC,13,2025-09-19T12:11:47+00:00|2025-09-19T12:11:59+00:00|2025-09-19T12:12:11+00:00|2025-09-19T12:12:30+00:00|2025-09-19T12:12:44+00:00|2025-09-19T12:12:49+00:00|2025-09-19T12:13:02+00:00|2025-09-19T12:13:08+00:00|2025-09-19T12:13:20+00:00|2025-09-19T12:13:29+00:00|2025-09-19T12:13:46+00:00|2025-09-19T12:13:58+00:00|2025-09-19T12:14:02+00:00,,,,,,,,,,0,0,0,0,0,0,0,0,0,0,0,0,0,0,0,0,0,0,0,0,0,0,0,0,0,0,0,0,,,
081HQj0zCJ-TeWbUXMPkt2jUQ,2025-09-19 12:24:05.727189 UTC,2025-09-19 12:24:42.502981 UTC,5,2025-09-19T12:24:05+00:00|2025-09-19T12:24:15+00:00|2025-09-19T12:24:22+00:00|2025-09-19T12:24:38+00:00|2025-09-19T12:24:42+00:00,,,,,,,,,,0,0,0,0,0,0,0,0,0,0,0,0,0,0,0,0,0,0,0,0,0,0,0,0,0,0,0,0,,,
103BGqValX7SNu22oGcIa9u6g,2025-09-19 12:26:16.129997 UTC,2025-09-19 12:26:35.686745 UTC,3,2025-09-19T12:26:16+00:00|2025-09-19T12:26:28+00:00|2025-09-19T12:26:35+00:00,,,,,,,,,,0,0,0,0,0,0,0,0,0,0,0,0,0,0,0,0,0,0,0,0,0,0,0,0,0,0,0,0,,,
081DnszAyiNRkKJo_WT7Z509Q,2025-09-19 12:33:14.521916 UTC,2025-09-19 12:34:00.07972 UTC,5,2025-09-19T12:33:14+00:00|2025-09-19T12:33:25+00:00|2025-09-19T12:33:33+00:00|2025-09-19T12:33:48+00:00|2025-09-19T12:34:00+00:00,,,,,,,,,,0,0,0,0,0,0,0,0,0,0,0,0,0,0,0,0,0,0,0,0,0,0,0,0,0,0,0,0,,,
103ljnFHyO_QL6g51WqQImjmg,2025-09-19 12:34:52.986546 UTC,2025-09-19 12:35:37.289431 UTC,5,2025-09-19T12:34:52+00:00|2025-09-19T12:35:04+00:00|2025-09-19T12:35:10+00:00|2025-09-19T12:35:25+00:00|2025-09-19T12:35:37+00:00,,,,,,,,,,0,0,0,0,0,0,0,0,0,0,0,0,0,0,0,0,0,0,0,0,0,0,0,0,0,0,0,0,,,
0812BjxctuYT92EamZkfwzoGQ,2025-09-19 13:06:30.172316 UTC,2025-09-19 13:07:18.359856 UTC,6,2025-09-19T13:06:30+00:00|2025-09-19T13:06:39+00:00|2025-09-19T13:06:50+00:00|2025-09-19T13:07:05+00:00|2025-09-19T13:07:11+00:00|2025-09-19T13:07:18+00:00,,,,,,,,,,0,0,0,0,0,0,0,0,0,0,0,0,0,0,0,0,0,0,0,0,0,0,0,0,0,0,0,0,,,
119BYqHHpuYRTqihnNpVB2_vw,2025-09-19 13:11:40.208792 UTC,2025-09-19 13:13:14.66985 UTC,6,2025-09-19T13:11:40+00:00|2025-09-19T13:11:46+00:00|2025-09-19T13:11:58+00:00|2025-09-19T13:12:14+00:00|2025-09-19T13:12:30+00:00|2025-09-19T13:13:14+00:00,,,,,,,,,,0,0,0,0,0,0,0,0,0,0,0,0,0,0,0,0,0,0,0,0,0,0,0,0,0,0,0,0,,,
081d_h9PHlvRY2M5KSg4nzUDQ,2025-09-19 13:22:17.856775 UTC,2025-09-19 13:23:28.5455 UTC,6,2025-09-19T13:22:17+00:00|2025-09-19T13:22:24+00:00|2025-09-19T13:22:31+00:00|2025-09-19T13:22:47+00:00|2025-09-19T13:23:06+00:00|2025-09-19T13:23:28+00:00,,,,,,,,,,0,0,0,0,0,0,0,0,0,0,0,0,0,0,0,0,0,0,0,0,0,0,0,0,0,0,0,0,,,
081ZiEMLT-fTHiHWnln9WEMwQ,2025-09-19 13:24:58.371627 UTC,2025-09-19 13:25:15.045236 UTC,3,2025-09-19T13:24:58+00:00|2025-09-19T13:25:03+00:00|2025-09-19T13:25:15+00:00,,,,,,,,,,0,0,0,0,0,0,0,0,0,0,0,0,0,0,0,0,0,0,0,0,0,0,0,0,0,0,0,0,,,
119xdqvTBQpSYuO9l7SUd4ZEw,2025-09-19 13:30:35.849121 UTC,2025-09-19 13:31:09.904415 UTC,4,2025-09-19T13:30:35+00:00|2025-09-19T13:30:41+00:00|2025-09-19T13:30:55+00:00|2025-09-19T13:31:09+00:00,,,,,,,,,,0,0,0,0,0,0,0,0,0,0,0,0,0,0,0,0,0,0,0,0,0,0,0,0,0,0,0,0,,,
103_N9yn0ZVQD63GltR4gLCPg,2025-09-19 13:32:56.123288 UTC,2025-09-19 13:33:14.780579 UTC,3,2025-09-19T13:32:56+00:00|2025-09-19T13:33:01+00:00|2025-09-19T13:33:14+00:00,,,,,,,,,,0,0,0,0,0,0,0,0,0,0,0,0,0,0,0,0,0,0,0,0,0,0,0,0,0,0,0,0,,,
119MRvJ4xMBSKmHp3c_kAG7yw,2025-09-19 13:52:29.89706 UTC,2025-09-19 13:52:51.590311 UTC,3,2025-09-19T13:52:29+00:00|2025-09-19T13:52:37+00:00|2025-09-19T13:52:51+00:00,,,,,,,,,,0,0,0,0,0,0,0,0,0,0,0,0,0,0,0,0,0,0,0,0,0,0,0,0,0,0,0,0,,,
065Ma32lZFUSXSU7VbthIDr0A,2025-09-19 13:56:56.036325 UTC,2025-09-19 13:57:45.393173 UTC,6,2025-09-19T13:56:56+00:00|2025-09-19T13:57:01+00:00|2025-09-19T13:57:12+00:00|2025-09-19T13:57:27+00:00|2025-09-19T13:57:39+00:00|2025-09-19T13:57:45+00:00,,,,,,,,,,0,0,0,0,0,0,0,0,0,0,0,0,0,0,0,0,0,0,0,0,0,0,0,0,0,0,0,0,,,
081WfInbb46QimiJ1hXso6zUQ,2025-09-19 13:58:48.952131 UTC,2025-09-19 13:59:45.994362 UTC,7,2025-09-19T13:58:48+00:00|2025-09-19T13:58:54+00:00|2025-09-19T13:59:06+00:00|2025-09-19T13:59:20+00:00|2025-09-19T13:59:26+00:00|2025-09-19T13:59:41+00:00|2025-09-19T13:59:45+00:00,,,,,,,,,,0,0,0,0,0,0,0,0,0,0,0,0,0,0,0,0,0,0,0,0,0,0,0,0,0,0,0,0,,,
081COk8K0P4REO1BRSEFaT7CQ,2025-09-19 14:11:18.1626 UTC,2025-09-19 14:12:17.327676 UTC,7,2025-09-19T14:11:18+00:00|2025-09-19T14:11:23+00:00|2025-09-19T14:11:34+00:00|2025-09-19T14:11:49+00:00|2025-09-19T14:11:58+00:00|2025-09-19T14:12:13+00:00|2025-09-19T14:12:17+00:00,,,,,,,,,,0,0,0,0,0,0,0,0,0,0,0,0,0,0,0,0,0,0,0,0,0,0,0,0,0,0,0,0,,,
1037FK3_TxdSTmyXYxjoh0etg,2025-09-19 14:13:12.618236 UTC,2025-09-19 14:13:57.529498 UTC,5,2025-09-19T14:13:12+00:00|2025-09-19T14:13:17+00:00|2025-09-19T14:13:29+00:00|2025-09-19T14:13:45+00:00|2025-09-19T14:13:57+00:00,,,,,,,,,,0,0,0,0,0,0,0,0,0,0,0,0,0,0,0,0,0,0,0,0,0,0,0,0,0,0,0,0,,,
119WIIXhft3Tg-oH7SAaDGHSw,2025-09-19 14:14:51.91064 UTC,2025-09-19 14:15:25.890533 UTC,4,2025-09-19T14:14:51+00:00|2025-09-19T14:14:58+00:00|2025-09-19T14:15:11+00:00|2025-09-19T14:15:25+00:00,,,,,,,,,,0,0,0,0,0,0,0,0,0,0,0,0,0,0,0,0,0,0,0,0,0,0,0,0,0,0,0,0,,,
08108-0PXrFQbGUm5dJoaYcbQ,2025-09-19 14:21:11.38034 UTC,2025-09-19 14:22:01.184228 UTC,5,2025-09-19T14:21:11+00:00|2025-09-19T14:21:16+00:00|2025-09-19T14:21:28+00:00|2025-09-19T14:21:48+00:00|2025-09-19T14:22:01+00:00,,,,,,,,,,0,0,0,0,0,0,0,0,0,0,0,0,0,0,0,0,0,0,0,0,0,0,0,0,0,0,0,0,,,
25e0634f-a658-480f-b94d-301bf719cf8b,2025-09-19 14:22:57.160517 UTC,2025-09-19 14:23:12.371435 UTC,4,2025-09-19T14:22:57+00:00|2025-09-19T14:23:03+00:00|2025-09-19T14:23:09+00:00|2025-09-19T14:23:12+00:00,America/Los_Angeles,,,,,,,,,0,0,0,0,0,0,0,0,0,0,0,0,0,0,0,0,0,0,0,0,0,0,0,0,0,0,0,0,,,
0653vs5CTKGTfGolQbLtG8WrA,2025-09-19 14:24:58.899753 UTC,2025-09-19 14:25:32.090206 UTC,4,2025-09-19T14:24:58+00:00|2025-09-19T14:25:05+00:00|2025-09-19T14:25:16+00:00|2025-09-19T14:25:32+00:00,,,,,,,,,,0,0,0,0,0,0,0,0,0,0,0,0,0,0,0,0,0,0,0,0,0,0,0,0,0,0,0,0,,,
119IPcpzy_eR5ekb1ajiuOFqw,2025-09-19 14:28:57.943055 UTC,2025-09-19 14:29:49.732762 UTC,6,2025-09-19T14:28:57+00:00|2025-09-19T14:29:03+00:00|2025-09-19T14:29:14+00:00|2025-09-19T14:29:20+00:00|2025-09-19T14:29:37+00:00|2025-09-19T14:29:49+00:00,,,,,,,,,,0,0,0,0,0,0,0,0,0,0,0,0,0,0,0,0,0,0,0,0,0,0,0,0,0,0,0,0,,,
0655Tzu8pVYRsO6itxpFE709A,2025-09-19 14:33:39.557193 UTC,2025-09-19 14:34:13.135964 UTC,4,2025-09-19T14:33:39+00:00|2025-09-19T14:33:42+00:00|2025-09-19T14:33:55+00:00|2025-09-19T14:34:13+00:00,,,,,,,,,,0,0,0,0,0,0,0,0,0,0,0,0,0,0,0,0,0,0,0,0,0,0,0,0,0,0,0,0,,,
96934e91-0325-4571-a2a4-e6d4ff8545e0,2025-09-19 14:51:23.249619 UTC,2025-09-19 14:51:49.58185 UTC,4,2025-09-19T14:51:23+00:00|2025-09-19T14:51:28+00:00|2025-09-19T14:51:40+00:00|2025-09-19T14:51:49+00:00,America/Los_Angeles,,,,,,,,,0,0,0,0,0,0,0,0,0,0,0,0,0,0,0,0,0,0,0,0,0,0,0,0,0,0,0,0,,,
081NjYptcafSsK3Xm5ZWw3aBQ,2025-09-19 15:24:15.289296 UTC,2025-09-19 15:25:34.428497 UTC,7,2025-09-19T15:24:15+00:00|2025-09-19T15:24:19+00:00|2025-09-19T15:24:31+00:00|2025-09-19T15:24:45+00:00|2025-09-19T15:25:02+00:00|2025-09-19T15:25:18+00:00|2025-09-19T15:25:34+00:00,,,,,,,,,,0,0,0,0,0,0,0,0,0,0,0,0,0,0,0,0,0,0,0,0,0,0,0,0,0,0,0,0,,,
065REc4f6pCTwSdVsw8SeySlA,2025-09-19 15:34:01.204991 UTC,2025-09-19 15:35:17.879534 UTC,8,2025-09-19T15:34:01+00:00|2025-09-19T15:34:05+00:00|2025-09-19T15:34:18+00:00|2025-09-19T15:34:35+00:00|2025-09-19T15:34:43+00:00|2025-09-19T15:34:59+00:00|2025-09-19T15:35:12+00:00|2025-09-19T15:35:17+00:00,,,,,,,,,,0,0,0,0,0,0,0,0,0,0,0,0,0,0,0,0,0,0,0,0,0,0,0,0,0,0,0,0,,,
119RZE-MOL0SVOv_58PBAsZdw,2025-09-19 15:36:56.280512 UTC,2025-09-19 15:38:52.87255 UTC,10,2025-09-19T15:36:56+00:00|2025-09-19T15:36:59+00:00|2025-09-19T15:37:11+00:00|2025-09-19T15:37:17+00:00|2025-09-19T15:37:32+00:00|2025-09-19T15:37:40+00:00|2025-09-19T15:37:57+00:00|2025-09-19T15:38:15+00:00|2025-09-19T15:38:32+00:00|2025-09-19T15:38:52+00:00,,,,,,,,,,0,0,0,0,0,0,0,0,0,0,0,0,0,0,0,0,0,0,0,0,0,0,0,0,0,0,0,0,,,
119CDdT_KRxSjuBdcqHDNMmdw,2025-09-19 15:43:07.390736 UTC,2025-09-19 15:45:14.612409 UTC,10,2025-09-19T15:43:07+00:00|2025-09-19T15:43:10+00:00|2025-09-19T15:43:22+00:00|2025-09-19T15:43:48+00:00|2025-09-19T15:43:57+00:00|2025-09-19T15:44:13+00:00|2025-09-19T15:44:29+00:00|2025-09-19T15:44:44+00:00|2025-09-19T15:45:01+00:00|2025-09-19T15:45:14+00:00,,,,,,,,,,0,0,0,0,0,0,0,0,0,0,0,0,0,0,0,0,0,0,0,0,0,0,0,0,0,0,0,0,,,
119dgvxsJkhRSC5N46sOwc4sw,2025-09-19 15:49:12.681566 UTC,2025-09-19 15:51:26.12773 UTC,9,2025-09-19T15:49:12+00:00|2025-09-19T15:49:16+00:00|2025-09-19T15:49:28+00:00|2025-09-19T15:49:54+00:00|2025-09-19T15:50:10+00:00|2025-09-19T15:50:31+00:00|2025-09-19T15:50:53+00:00|2025-09-19T15:51:09+00:00|2025-09-19T15:51:26+00:00,,,,,,,,,,0,0,0,0,0,0,0,0,0,0,0,0,0,0,0,0,0,0,0,0,0,0,0,0,0,0,0,0,,,
a693389a-95cc-4fb5-8112-f69369aa7070,2025-09-19 15:53:52.011879 UTC,2025-09-19 16:13:45.212548 UTC,10,2025-09-19T15:53:52+00:00|2025-09-19T15:54:01+00:00|2025-09-19T15:54:17+00:00|2025-09-19T15:54:47+00:00|2025-09-19T15:55:16+00:00|2025-09-19T16:11:22+00:00|2025-09-19T16:13:06+00:00|2025-09-19T16:13:34+00:00|2025-09-19T16:13:37+00:00|2025-09-19T16:13:45+00:00,America/Los_Angeles,,,,,,,,,0,0,0,0,0,0,0,0,0,0,0,0,0,0,0,0,0,0,0,0,0,0,0,0,0,0,0,0,,,
081WwOOL8P2TTKnuchLOCZ5XQ,2025-09-19 16:23:43.134261 UTC,2025-09-19 16:23:59.414973 UTC,3,2025-09-19T16:23:43+00:00|2025-09-19T16:23:48+00:00|2025-09-19T16:23:59+00:00,,,,,,,,,,0,0,0,0,0,0,0,0,0,0,0,0,0,0,0,0,0,0,0,0,0,0,0,0,0,0,0,0,,,
081tDkEyKg0S8CGtuOzYZt0pQ,2025-09-19 16:24:54.706227 UTC,2025-09-19 16:26:55.639874 UTC,12,2025-09-19T16:24:54+00:00|2025-09-19T16:24:59+00:00|2025-09-19T16:25:10+00:00|2025-09-19T16:25:26+00:00|2025-09-19T16:25:42+00:00|2025-09-19T16:25:58+00:00|2025-09-19T16:26:05+00:00|2025-09-19T16:26:11+00:00|2025-09-19T16:26:19+00:00|2025-09-19T16:26:27+00:00|2025-09-19T16:26:48+00:00|2025-09-19T16:26:55+00:00,,,,,,,,,,0,0,0,0,0,0,0,0,0,0,0,0,0,0,0,0,0,0,0,0,0,0,0,0,0,0,0,0,,,
081efBVZtTASOmvGS4hmaWPUQ,2025-09-19 16:45:25.2449 UTC,2025-09-19 16:45:25.2449 UTC,1,2025-09-19T16:45:25+00:00,,,,,,,,,,0,0,0,0,0,0,0,0,0,0,0,0,0,0,0,0,0,0,0,0,0,0,0,0,0,0,0,0,,,
103may87Fd2T2CP5dOEIxix-g,2025-09-19 17:09:49.969016 UTC,2025-09-19 17:10:05.878527 UTC,3,2025-09-19T17:09:49+00:00|2025-09-19T17:09:54+00:00|2025-09-19T17:10:05+00:00,,,,,,,,,,0,0,0,0,0,0,0,0,0,0,0,0,0,0,0,0,0,0,0,0,0,0,0,0,0,0,0,0,,,
10327nZSEfjTxizweuf-5BoHg,2025-09-19 17:11:29.545754 UTC,2025-09-19 17:11:32.964656 UTC,2,2025-09-19T17:11:29+00:00|2025-09-19T17:11:32+00:00,,,,,,,,,,0,0,0,0,0,0,0,0,0,0,0,0,0,0,0,0,0,0,0,0,0,0,0,0,0,0,0,0,,,
119dvzQFSgfRZWM7yNRhf_uCw,2025-09-19 17:12:29.674223 UTC,2025-09-19 17:13:07.599281 UTC,5,2025-09-19T17:12:29+00:00|2025-09-19T17:12:33+00:00|2025-09-19T17:12:45+00:00|2025-09-19T17:12:53+00:00|2025-09-19T17:13:07+00:00,,,,,,,,,,0,0,0,0,0,0,0,0,0,0,0,0,0,0,0,0,0,0,0,0,0,0,0,0,0,0,0,0,,,
065aR9pDXm5RneQw2wsP35T9A,2025-09-19 17:14:59.989516 UTC,2025-09-19 17:15:04.011574 UTC,2,2025-09-19T17:14:59+00:00|2025-09-19T17:15:04+00:00,,,,,,,,,,0,0,0,0,0,0,0,0,0,0,0,0,0,0,0,0,0,0,0,0,0,0,0,0,0,0,0,0,,,
119Sgyq88eRQ1-RR1JXFqHKMw,2025-09-19 18:53:00.855679 UTC,2025-09-19 18:53:00.855679 UTC,1,2025-09-19T18:53:00+00:00,,,,,,,,,,0,0,0,0,0,0,0,0,0,0,0,0,0,0,0,0,0,0,0,0,0,0,0,0,0,0,0,0,,,
06577a1PwsITbOn94a1c_gaXA,2025-09-19 18:54:44.938256 UTC,2025-09-19 18:54:44.938256 UTC,1,2025-09-19T18:54:44+00:00,,,,,,,,,,0,0,0,0,0,0,0,0,0,0,0,0,0,0,0,0,0,0,0,0,0,0,0,0,0,0,0,0,,,
081tQWhQktzRmqOgkT0ANTE8Q,2025-09-19 19:03:04.148474 UTC,2025-09-19 19:03:04.148474 UTC,1,2025-09-19T19:03:04+00:00,,,,,,,,,,0,0,0,0,0,0,0,0,0,0,0,0,0,0,0,0,0,0,0,0,0,0,0,0,0,0,0,0,,,
ff6b95e5-7187-41e3-bfc6-82bb43092cdd,2025-09-19 19:18:24.457388 UTC,2025-09-19 19:18:24.457388 UTC,1,2025-09-19T19:18:24+00:00,America/Los_Angeles,,,,,,,,,0,0,0,0,0,0,0,0,0,0,0,0,0,0,0,0,0,0,0,0,0,0,0,0,0,0,0,0,,,
21c22c3f-bb2e-45bd-9766-faecc6ec4f21,2025-09-19 19:23:47.212558 UTC,2025-09-19 19:23:56.116051 UTC,2,2025-09-19T19:23:47+00:00|2025-09-19T19:23:56+00:00,America/Los_Angeles,,,,,,,,,0,0,0,0,0,0,0,0,0,0,0,0,0,0,0,0,0,0,0,0,0,0,0,0,0,0,0,0,,,
1a0067ee-6797-437e-9455-8bb6bb01b66d,2025-09-19 19:23:54.956747 UTC,2025-09-19 19:23:54.956747 UTC,1,2025-09-19T19:23:54+00:00,America/Los_Angeles,,,,,,,,,0,0,0,0,0,0,0,0,0,0,0,0,0,0,0,0,0,0,0,0,0,0,0,0,0,0,0,0,,,
103IyXjWC39TGag5a6ZXkVRUg,2025-09-19 19:44:20.166972 UTC,2025-09-19 19:49:01.225327 UTC,19,2025-09-19T19:44:20+00:00|2025-09-19T19:44:24+00:00|2025-09-19T19:44:35+00:00|2025-09-19T19:44:59+00:00|2025-09-19T19:45:16+00:00|2025-09-19T19:45:40+00:00|2025-09-19T19:45:57+00:00|2025-09-19T19:46:11+00:00|2025-09-19T19:46:24+00:00|2025-09-19T19:46:44+00:00|2025-09-19T19:47:02+00:00|2025-09-19T19:47:14+00:00|2025-09-19T19:47:34+00:00|2025-09-19T19:47:51+00:00|2025-09-19T19:48:02+00:00|2025-09-19T19:48:15+00:00|2025-09-19T19:48:20+00:00|2025-09-19T19:48:44+00:00|2025-09-19T19:49:01+00:00,,,,,,,,,,0,0,0,0,0,0,0,0,0,0,0,0,0,0,0,0,0,0,0,0,0,0,0,0,0,0,0,0,,,
0812WPlekG9Rca1fMcUPtx3nQ,2025-09-19 19:57:25.841606 UTC,2025-09-19 19:59:48.114486 UTC,10,2025-09-19T19:57:25+00:00|2025-09-19T19:57:29+00:00|2025-09-19T19:57:41+00:00|2025-09-19T19:58:04+00:00|2025-09-19T19:58:19+00:00|2025-09-19T19:58:43+00:00|2025-09-19T19:59:00+00:00|2025-09-19T19:59:04+00:00|2025-09-19T19:59:30+00:00|2025-09-19T19:59:48+00:00,,,,,,,,,,0,0,0,0,0,0,0,0,0,0,0,0,0,0,0,0,0,0,0,0,0,0,0,0,0,0,0,0,,,
103ngkDn-TUS0WXircswxh5Yg,2025-09-19 20:01:16.039441 UTC,2025-09-19 20:02:49.375773 UTC,7,2025-09-19T20:01:16+00:00|2025-09-19T20:01:20+00:00|2025-09-19T20:01:31+00:00|2025-09-19T20:01:53+00:00|2025-09-19T20:02:08+00:00|2025-09-19T20:02:26+00:00|2025-09-19T20:02:49+00:00,,,,,,,,,,0,0,0,0,0,0,0,0,0,0,0,0,0,0,0,0,0,0,0,0,0,0,0,0,0,0,0,0,,,
1036C0Y-CV5RJOE94e3gk-ZXg,2025-09-19 20:03:59.102261 UTC,2025-09-19 20:05:18.225719 UTC,7,2025-09-19T20:03:59+00:00|2025-09-19T20:04:03+00:00|2025-09-19T20:04:14+00:00|2025-09-19T20:04:36+00:00|2025-09-19T20:04:54+00:00|2025-09-19T20:05:10+00:00|2025-09-19T20:05:18+00:00,,,,,,,,,,0,0,0,0,0,0,0,0,0,0,0,0,0,0,0,0,0,0,0,0,0,0,0,0,0,0,0,0,,,
081gsxRnVwjSJ6W-6NrUQNKUQ,2025-09-19 20:05:52.874579 UTC,2025-09-19 20:06:41.844821 UTC,5,2025-09-19T20:05:52+00:00|2025-09-19T20:05:56+00:00|2025-09-19T20:06:07+00:00|2025-09-19T20:06:29+00:00|2025-09-19T20:06:41+00:00,,,,,,,,,,0,0,0,0,0,0,0,0,0,0,0,0,0,0,0,0,0,0,0,0,0,0,0,0,0,0,0,0,,,
1039kPsbeVlT--9dPYc7lcDNg,2025-09-19 20:07:26.749337 UTC,2025-09-19 20:09:38.824153 UTC,10,2025-09-19T20:07:26+00:00|2025-09-19T20:07:30+00:00|2025-09-19T20:07:43+00:00|2025-09-19T20:08:02+00:00|2025-09-19T20:08:17+00:00|2025-09-19T20:08:34+00:00|2025-09-19T20:09:16+00:00|2025-09-19T20:09:22+00:00|2025-09-19T20:09:31+00:00|2025-09-19T20:09:38+00:00,,,,,,,,,,0,0,0,0,0,0,0,0,0,0,0,0,0,0,0,0,0,0,0,0,0,0,0,0,0,0,0,0,,,
065aJGUsBuRQTK1NKB8-xMLUA,2025-09-19 20:13:17.428224 UTC,2025-09-19 20:14:41.302445 UTC,8,2025-09-19T20:13:17+00:00|2025-09-19T20:13:21+00:00|2025-09-19T20:13:26+00:00|2025-09-19T20:13:32+00:00|2025-09-19T20:13:52+00:00|2025-09-19T20:14:07+00:00|2025-09-19T20:14:24+00:00|2025-09-19T20:14:41+00:00,,,,,,,,,,0,0,0,0,0,0,0,0,0,0,0,0,0,0,0,0,0,0,0,0,0,0,0,0,0,0,0,0,,,
103nJyQSO88TumsLv2JIkpA3g,2025-09-19 20:15:22.569693 UTC,2025-09-19 20:16:09.707615 UTC,5,2025-09-19T20:15:22+00:00|2025-09-19T20:15:25+00:00|2025-09-19T20:15:36+00:00|2025-09-19T20:15:57+00:00|2025-09-19T20:16:09+00:00,,,,,,,,,,0,0,0,0,0,0,0,0,0,0,0,0,0,0,0,0,0,0,0,0,0,0,0,0,0,0,0,0,,,
119NkDl0LroRjm6AGCL9JGx-w,2025-09-19 20:17:48.819455 UTC,2025-09-19 20:24:02.685344 UTC,24,2025-09-19T20:17:48+00:00|2025-09-19T20:17:53+00:00|2025-09-19T20:18:04+00:00|2025-09-19T20:18:28+00:00|2025-09-19T20:18:44+00:00|2025-09-19T20:18:56+00:00|2025-09-19T20:19:16+00:00|2025-09-19T20:19:32+00:00|2025-09-19T20:19:45+00:00|2025-09-19T20:19:52+00:00|2025-09-19T20:20:09+00:00|2025-09-19T20:20:27+00:00|2025-09-19T20:20:58+00:00|2025-09-19T20:21:20+00:00|2025-09-19T20:21:35+00:00|2025-09-19T20:21:56+00:00|2025-09-19T20:22:02+00:00|2025-09-19T20:22:19+00:00|2025-09-19T20:22:38+00:00|2025-09-19T20:22:55+00:00|2025-09-19T20:23:13+00:00|2025-09-19T20:23:29+00:00|2025-09-19T20:23:47+00:00|2025-09-19T20:24:02+00:00,,,,,,,,,,0,0,0,0,0,0,0,0,0,0,0,0,0,0,0,0,0,0,0,0,0,0,0,0,0,0,0,0,,,
103VI3CktLAR8-W8xSu7Qgmng,2025-09-19 20:24:45.889498 UTC,2025-09-19 20:28:42.733203 UTC,16,2025-09-19T20:24:45+00:00|2025-09-19T20:24:50+00:00|2025-09-19T20:25:00+00:00|2025-09-19T20:25:25+00:00|2025-09-19T20:25:39+00:00|2025-09-19T20:25:48+00:00|2025-09-19T20:26:04+00:00|2025-09-19T20:26:20+00:00|2025-09-19T20:26:39+00:00|2025-09-19T20:27:00+00:00|2025-09-19T20:27:15+00:00|2025-09-19T20:27:34+00:00|2025-09-19T20:27:56+00:00|2025-09-19T20:28:07+00:00|2025-09-19T20:28:23+00:00|2025-09-19T20:28:42+00:00,,,,,,,,,,0,0,0,0,0,0,0,0,0,0,0,0,0,0,0,0,0,0,0,0,0,0,0,0,0,0,0,0,,,
119urV70MnMTXmQ7kj0ngZAKw,2025-09-19 20:29:28.870309 UTC,2025-09-19 20:31:15.823483 UTC,9,2025-09-19T20:29:28+00:00|2025-09-19T20:29:32+00:00|2025-09-19T20:29:45+00:00|2025-09-19T20:30:10+00:00|2025-09-19T20:30:25+00:00|2025-09-19T20:30:41+00:00|2025-09-19T20:30:57+00:00|2025-09-19T20:31:10+00:00|2025-09-19T20:31:15+00:00,,,,,,,,,,0,0,0,0,0,0,0,0,0,0,0,0,0,0,0,0,0,0,0,0,0,0,0,0,0,0,0,0,,,
081n5YIJ5hkRm2XO2evs9cnCQ,2025-09-19 20:31:55.276247 UTC,2025-09-19 20:34:45.263454 UTC,12,2025-09-19T20:31:55+00:00|2025-09-19T20:31:59+00:00|2025-09-19T20:32:09+00:00|2025-09-19T20:32:31+00:00|2025-09-19T20:32:47+00:00|2025-09-19T20:33:05+00:00|2025-09-19T20:33:23+00:00|2025-09-19T20:33:34+00:00|2025-09-19T20:33:51+00:00|2025-09-19T20:34:12+00:00|2025-09-19T20:34:31+00:00|2025-09-19T20:34:45+00:00,,,,,,,,,,0,0,0,0,0,0,0,0,0,0,0,0,0,0,0,0,0,0,0,0,0,0,0,0,0,0,0,0,,,
081Hrr3lh1NRZ-YxooVBMXiCQ,2025-09-19 20:35:12.871998 UTC,2025-09-19 20:35:17.882462 UTC,2,2025-09-19T20:35:12+00:00|2025-09-19T20:35:17+00:00,,,,,,,,,,0,0,0,0,0,0,0,0,0,0,0,0,0,0,0,0,0,0,0,0,0,0,0,0,0,0,0,0,,,
103aNSb7D5dT9uRfDTHS4wsxg,2025-09-19 20:35:15.167578 UTC,2025-09-19 20:37:04.00225 UTC,8,2025-09-19T20:35:15+00:00|2025-09-19T20:35:18+00:00|2025-09-19T20:35:30+00:00|2025-09-19T20:35:54+00:00|2025-09-19T20:36:11+00:00|2025-09-19T20:36:33+00:00|2025-09-19T20:36:50+00:00|2025-09-19T20:37:04+00:00,,,,,,,,,,0,0,0,0,0,0,0,0,0,0,0,0,0,0,0,0,0,0,0,0,0,0,0,0,0,0,0,0,,,
119fZE8K9nNQ4ag77PeeLmN9w,2025-09-19 20:40:16.491752 UTC,2025-09-19 20:40:53.239021 UTC,5,2025-09-19T20:40:16+00:00|2025-09-19T20:40:21+00:00|2025-09-19T20:40:33+00:00|2025-09-19T20:40:43+00:00|2025-09-19T20:40:53+00:00,,,,,,,,,,0,0,0,0,0,0,0,0,0,0,0,0,0,0,0,0,0,0,0,0,0,0,0,0,0,0,0,0,,,
1193DjPQcd9RtKqRGCJhTZAcw,2025-09-19 20:43:51.134051 UTC,2025-09-19 20:44:32.783856 UTC,5,2025-09-19T20:43:51+00:00|2025-09-19T20:43:57+00:00|2025-09-19T20:44:08+00:00|2025-09-19T20:44:14+00:00|2025-09-19T20:44:32+00:00,,,,,,,,,,0,0,0,0,0,0,0,0,0,0,0,0,0,0,0,0,0,0,0,0,0,0,0,0,0,0,0,0,,,
1037kQh4JI3Rqmi21W0D6J4wg,2025-09-19 20:45:26.112192 UTC,2025-09-19 20:46:41.103569 UTC,7,2025-09-19T20:45:26+00:00|2025-09-19T20:45:31+00:00|2025-09-19T20:45:42+00:00|2025-09-19T20:46:02+00:00|2025-09-19T20:46:10+00:00|2025-09-19T20:46:26+00:00|2025-09-19T20:46:41+00:00,,,,,,,,,,0,0,0,0,0,0,0,0,0,0,0,0,0,0,0,0,0,0,0,0,0,0,0,0,0,0,0,0,,,
9003cc28-dddf-4e25-b609-d85d4655279c,2025-09-20 00:11:55.707205 UTC,2025-09-20 00:14:39.597556 UTC,9,2025-09-20T00:11:55+00:00|2025-09-20T00:12:03+00:00|2025-09-20T00:12:33+00:00|2025-09-20T00:12:37+00:00|2025-09-20T00:13:14+00:00|2025-09-20T00:13:19+00:00|2025-09-20T00:13:48+00:00|2025-09-20T00:14:20+00:00|2025-09-20T00:14:39+00:00,America/Los_Angeles,,,,,,,,,0,0,0,0,0,0,0,0,0,0,0,0,0,0,0,0,0,0,0,0,0,0,0,0,0,0,0,0,,,
fe0dfbd6-99dd-4d9a-bf1e-82fe77b009de,2025-09-21 13:16:53.870034 UTC,2025-09-21 13:18:37.615943 UTC,6,2025-09-21T13:16:53+00:00|2025-09-21T13:17:03+00:00|2025-09-21T13:17:42+00:00|2025-09-21T13:17:54+00:00|2025-09-21T13:18:25+00:00|2025-09-21T13:18:37+00:00,America/Los_Angeles,,,,,,,,,0,0,0,0,0,0,0,0,0,0,0,0,0,0,0,0,0,0,0,0,0,0,0,0,0,0,0,0,,,
403a0ba3-5bcc-4efb-9369-414b5a89a19f,2025-09-21 14:16:35.30488 UTC,2025-09-21 14:16:42.17336 UTC,6,2025-09-21T14:16:35+00:00|2025-09-21T14:16:38+00:00|2025-09-21T14:16:38+00:00|2025-09-21T14:16:38+00:00|2025-09-21T14:16:40+00:00|2025-09-21T14:16:42+00:00,America/Los_Angeles,,,,,,,,,0,0,0,0,0,0,0,0,0,0,0,0,0,0,0,0,0,0,0,0,0,0,0,0,0,0,0,0,,,
1437ca7d-52e2-433b-a84b-7e58938030ca,2025-09-21 14:21:42.770136 UTC,2025-09-21 14:23:06.937473 UTC,10,2025-09-21T14:21:42+00:00|2025-09-21T14:21:44+00:00|2025-09-21T14:21:44+00:00|2025-09-21T14:21:45+00:00|2025-09-21T14:21:46+00:00|2025-09-21T14:21:47+00:00|2025-09-21T14:22:02+00:00|2025-09-21T14:22:43+00:00|2025-09-21T14:23:02+00:00|2025-09-21T14:23:06+00:00,America/Los_Angeles,false,false,,,false,,,,0,0,0,0,0,0,0,0,0,0,0,0,0,0,0,0,0,0,0,0,0,0,0,0,0,0,0,0,,,
e13eaee7-9414-4944-a850-d40398d87ec3,2025-09-21 14:34:30.240875 UTC,2025-09-21 14:34:38.562732 UTC,10,2025-09-21T14:34:30+00:00|2025-09-21T14:34:32+00:00|2025-09-21T14:34:32+00:00|2025-09-21T14:34:32+00:00|2025-09-21T14:34:34+00:00|2025-09-21T14:34:35+00:00|2025-09-21T14:34:37+00:00|2025-09-21T14:34:37+00:00|2025-09-21T14:34:38+00:00|2025-09-21T14:34:38+00:00,America/Los_Angeles,false,false,,,false,,,,0,0,0,0,0,0,0,0,0,0,0,0,0,0,0,0,0,0,0,0,0,0,0,0,0,0,0,0,,,
739bf3d3-993c-4714-ba80-8ff73bf9a848,2025-09-21 14:35:49.8089 UTC,2025-09-21 14:37:40.370651 UTC,10,2025-09-21T14:35:49+00:00|2025-09-21T14:35:56+00:00|2025-09-21T14:36:02+00:00|2025-09-21T14:36:04+00:00|2025-09-21T14:36:28+00:00|2025-09-21T14:36:48+00:00|2025-09-21T14:37:01+00:00|2025-09-21T14:37:14+00:00|2025-09-21T14:37:27+00:00|2025-09-21T14:37:40+00:00,America/Los_Angeles,false,false,true,500VE00000Q7o2jYAB,false,IsContainerBlocked,,,0,0,0,0,0,0,0,0,0,0,0,0,0,0,0,0,0,0,0,0,0,0,0,0,0,0,0,0,,,
103Yq2kxBMPSMSn0eTeJ9YPGg,2025-09-22 09:36:21.164368 UTC,2025-09-22 09:36:28.699235 UTC,2,2025-09-22T09:36:21+00:00|2025-09-22T09:36:28+00:00,,,,,,,,,,0,0,0,0,0,0,0,0,0,0,0,0,0,0,0,0,0,0,0,0,0,0,0,0,0,0,0,0,,,
103SkJgeMumR2-xRdOep06Nrg,2025-09-22 09:51:35.724169 UTC,2025-09-22 09:52:16.95699 UTC,5,2025-09-22T09:51:35+00:00|2025-09-22T09:51:42+00:00|2025-09-22T09:51:53+00:00|2025-09-22T09:51:59+00:00|2025-09-22T09:52:16+00:00,,,,,,,,,,0,0,0,0,0,0,0,0,0,0,0,0,0,0,0,0,0,0,0,0,0,0,0,0,0,0,0,0,,,
103kFuRjt4wQ0qH7ZJvcq_Jpg,2025-09-22 09:53:29.113128 UTC,2025-09-22 09:54:17.208456 UTC,5,2025-09-22T09:53:29+00:00|2025-09-22T09:53:34+00:00|2025-09-22T09:53:48+00:00|2025-09-22T09:54:04+00:00|2025-09-22T09:54:17+00:00,,,,,,,,,,0,0,0,0,0,0,0,0,0,0,0,0,0,0,0,0,0,0,0,0,0,0,0,0,0,0,0,0,,,
f8c9dc25-9078-467c-85f8-a099d204eca6,2025-09-22 09:57:50.004655 UTC,2025-09-22 09:58:36.759271 UTC,6,2025-09-22T09:57:50+00:00|2025-09-22T09:58:02+00:00|2025-09-22T09:58:06+00:00|2025-09-22T09:58:11+00:00|2025-09-22T09:58:27+00:00|2025-09-22T09:58:36+00:00,America/Los_Angeles,,,,,,,,,0,0,0,0,0,0,0,0,0,0,0,0,0,0,0,0,0,0,0,0,0,0,0,0,0,0,0,0,,,
103OmLm8WvaQ9WAIpGp3Dnqyg,2025-09-22 09:58:11.890679 UTC,2025-09-22 09:59:02.990646 UTC,5,2025-09-22T09:58:11+00:00|2025-09-22T09:58:17+00:00|2025-09-22T09:58:28+00:00|2025-09-22T09:58:49+00:00|2025-09-22T09:59:02+00:00,,,,,,,,,,0,0,0,0,0,0,0,0,0,0,0,0,0,0,0,0,0,0,0,0,0,0,0,0,0,0,0,0,,,
a8580679-db74-44b3-97a7-7693e1071916,2025-09-22 10:05:48.304292 UTC,2025-09-22 10:06:26.088685 UTC,6,2025-09-22T10:05:48+00:00|2025-09-22T10:05:54+00:00|2025-09-22T10:06:02+00:00|2025-09-22T10:06:08+00:00|2025-09-22T10:06:13+00:00|2025-09-22T10:06:26+00:00,America/Los_Angeles,,,,,,,,,0,0,0,0,0,0,0,0,0,0,0,0,0,0,0,0,0,0,0,0,0,0,0,0,0,0,0,0,,,
b31e84e3-b335-482f-bd41-dfb3a9eaaf56,2025-09-22 10:08:28.677016 UTC,2025-09-22 10:08:55.813827 UTC,5,2025-09-22T10:08:28+00:00|2025-09-22T10:08:34+00:00|2025-09-22T10:08:41+00:00|2025-09-22T10:08:44+00:00|2025-09-22T10:08:55+00:00,America/Los_Angeles,,,,,,,,,0,0,0,0,0,0,0,0,0,0,0,0,0,0,0,0,0,0,0,0,0,0,0,0,0,0,0,0,,,
103ad8GhmZRQ12VPLqfwWhvlg,2025-09-22 10:53:51.83901 UTC,2025-09-22 10:57:00.798185 UTC,13,2025-09-22T10:53:51+00:00|2025-09-22T10:53:57+00:00|2025-09-22T10:54:08+00:00|2025-09-22T10:54:30+00:00|2025-09-22T10:54:43+00:00|2025-09-22T10:54:59+00:00|2025-09-22T10:55:19+00:00|2025-09-22T10:55:36+00:00|2025-09-22T10:55:56+00:00|2025-09-22T10:56:09+00:00|2025-09-22T10:56:28+00:00|2025-09-22T10:56:45+00:00|2025-09-22T10:57:00+00:00,,false,false,true,500VE00000Q9YMrYAN,false,,,,0,0,0,0,0,0,0,0,0,0,0,0,0,0,0,0,0,0,0,0,0,0,0,0,0,0,0,0,,,
103z9lmd_PFR32_Uv4xuDXjNg,2025-09-22 14:30:53.74869 UTC,2025-09-22 14:32:01.486946 UTC,7,2025-09-22T14:30:53+00:00|2025-09-22T14:30:59+00:00|2025-09-22T14:31:11+00:00|2025-09-22T14:31:32+00:00|2025-09-22T14:31:37+00:00|2025-09-22T14:31:44+00:00|2025-09-22T14:32:01+00:00,,,,,,,,,,0,0,0,0,0,0,0,0,0,0,0,0,0,0,0,0,0,0,0,0,0,0,0,0,0,0,0,0,,,
081a4o6oPl2SPyodW1BTNCHjQ,2025-09-22 14:33:11.210805 UTC,2025-09-22 14:34:47.685895 UTC,8,2025-09-22T14:33:11+00:00|2025-09-22T14:33:16+00:00|2025-09-22T14:33:28+00:00|2025-09-22T14:33:48+00:00|2025-09-22T14:34:03+00:00|2025-09-22T14:34:21+00:00|2025-09-22T14:34:34+00:00|2025-09-22T14:34:47+00:00,,,,,,,,,,0,0,0,0,0,0,0,0,0,0,0,0,0,0,0,0,0,0,0,0,0,0,0,0,0,0,0,0,,,
103n1lLyM-STtSZHH7D0hrORg,2025-09-22 14:41:31.283304 UTC,2025-09-22 14:42:07.008654 UTC,4,2025-09-22T14:41:31+00:00|2025-09-22T14:41:36+00:00|2025-09-22T14:41:50+00:00|2025-09-22T14:42:07+00:00,,,,,,,,,,0,0,0,0,0,0,0,0,0,0,0,0,0,0,0,0,0,0,0,0,0,0,0,0,0,0,0,0,,,
081a1YpHx1iStec5XMH_N6bGQ,2025-09-22 14:44:40.500866 UTC,2025-09-22 14:44:57.452836 UTC,3,2025-09-22T14:44:40+00:00|2025-09-22T14:44:46+00:00|2025-09-22T14:44:57+00:00,,,,,,,,,,0,0,0,0,0,0,0,0,0,0,0,0,0,0,0,0,0,0,0,0,0,0,0,0,0,0,0,0,,,
0654-6UibQvRAOlo98OJvCnkA,2025-09-22 14:47:03.779522 UTC,2025-09-22 14:47:40.124438 UTC,4,2025-09-22T14:47:03+00:00|2025-09-22T14:47:08+00:00|2025-09-22T14:47:18+00:00|2025-09-22T14:47:40+00:00,,,,,,,,,,0,0,0,0,0,0,0,0,0,0,0,0,0,0,0,0,0,0,0,0,0,0,0,0,0,0,0,0,,,
081keX7WXdLSdy4WcU37YbphQ,2025-09-22 14:48:05.248663 UTC,2025-09-22 14:48:55.804419 UTC,5,2025-09-22T14:48:05+00:00|2025-09-22T14:48:09+00:00|2025-09-22T14:48:20+00:00|2025-09-22T14:48:42+00:00|2025-09-22T14:48:55+00:00,,,,,,,,,,0,0,0,0,0,0,0,0,0,0,0,0,0,0,0,0,0,0,0,0,0,0,0,0,0,0,0,0,,,
119BV-_h5wISSqPMGxi_truew,2025-09-22 14:50:50.669084 UTC,2025-09-22 14:51:27.772015 UTC,4,2025-09-22T14:50:50+00:00|2025-09-22T14:50:55+00:00|2025-09-22T14:51:07+00:00|2025-09-22T14:51:27+00:00,,,,,,,,,,0,0,0,0,0,0,0,0,0,0,0,0,0,0,0,0,0,0,0,0,0,0,0,0,0,0,0,0,,,
119VFpHhjMoSG-PH_0fuJiAWw,2025-09-22 14:50:51.110803 UTC,2025-09-22 14:51:44.982501 UTC,5,2025-09-22T14:50:51+00:00|2025-09-22T14:50:55+00:00|2025-09-22T14:51:07+00:00|2025-09-22T14:51:24+00:00|2025-09-22T14:51:44+00:00,,,,,,,,,,0,0,0,0,0,0,0,0,0,0,0,0,0,0,0,0,0,0,0,0,0,0,0,0,0,0,0,0,,,
103DCIEDvEhSI20-2rYwGYvQg,2025-09-22 14:53:12.495346 UTC,2025-09-22 14:53:12.495346 UTC,1,2025-09-22T14:53:12+00:00,,,,,,,,,,0,0,0,0,0,0,0,0,0,0,0,0,0,0,0,0,0,0,0,0,0,0,0,0,0,0,0,0,,,
103iXF16evVSLOw9IykdqfpMg,2025-09-22 14:55:33.379016 UTC,2025-09-22 14:55:33.379016 UTC,1,2025-09-22T14:55:33+00:00,,,,,,,,,,0,0,0,0,0,0,0,0,0,0,0,0,0,0,0,0,0,0,0,0,0,0,0,0,0,0,0,0,,,
065BXAVocXuREqddB0PZEDwhA,2025-09-22 14:56:00.238145 UTC,2025-09-22 14:56:43.18574 UTC,5,2025-09-22T14:56:00+00:00|2025-09-22T14:56:04+00:00|2025-09-22T14:56:10+00:00|2025-09-22T14:56:33+00:00|2025-09-22T14:56:43+00:00,,,,,,,,,,0,0,0,0,0,0,0,0,0,0,0,0,0,0,0,0,0,0,0,0,0,0,0,0,0,0,0,0,,,
081xd4U0t5FTY2EdqI5w1zuoQ,2025-09-22 14:56:59.897115 UTC,2025-09-22 14:58:10.296042 UTC,6,2025-09-22T14:56:59+00:00|2025-09-22T14:57:03+00:00|2025-09-22T14:57:15+00:00|2025-09-22T14:57:37+00:00|2025-09-22T14:57:53+00:00|2025-09-22T14:58:10+00:00,,,,,,,,,,0,0,0,0,0,0,0,0,0,0,0,0,0,0,0,0,0,0,0,0,0,0,0,0,0,0,0,0,,,
0653hQ_InL9TfyF1eh1o_FgQA,2025-09-22 15:01:33.238991 UTC,2025-09-22 15:03:42.153464 UTC,13,2025-09-22T15:01:33+00:00|2025-09-22T15:01:39+00:00|2025-09-22T15:01:49+00:00|2025-09-22T15:02:09+00:00|2025-09-22T15:02:27+00:00|2025-09-22T15:02:47+00:00|2025-09-22T15:03:04+00:00|2025-09-22T15:03:10+00:00|2025-09-22T15:03:16+00:00|2025-09-22T15:03:23+00:00|2025-09-22T15:03:29+00:00|2025-09-22T15:03:35+00:00|2025-09-22T15:03:42+00:00,,,,,,,,,,0,0,0,0,0,0,0,0,0,0,0,0,0,0,0,0,0,0,0,0,0,0,0,0,0,0,0,0,,,
065r2g6zXCLS0-ncAViprROmA,2025-09-22 15:03:44.712449 UTC,2025-09-22 15:04:45.252266 UTC,6,2025-09-22T15:03:44+00:00|2025-09-22T15:03:50+00:00|2025-09-22T15:04:02+00:00|2025-09-22T15:04:18+00:00|2025-09-22T15:04:31+00:00|2025-09-22T15:04:45+00:00,,,,,,,,,,0,0,0,0,0,0,0,0,0,0,0,0,0,0,0,0,0,0,0,0,0,0,0,0,0,0,0,0,,,
119CP-5gjGcR56YJRGuVeVtYw,2025-09-22 15:14:12.135959 UTC,2025-09-22 15:14:53.130356 UTC,4,2025-09-22T15:14:12+00:00|2025-09-22T15:14:17+00:00|2025-09-22T15:14:28+00:00|2025-09-22T15:14:53+00:00,,,,,,,,,,0,0,0,0,0,0,0,0,0,0,0,0,0,0,0,0,0,0,0,0,0,0,0,0,0,0,0,0,,,
7a7cc609-a0e6-42db-8909-10c0d23023ea,2025-09-22 15:23:36.065147 UTC,2025-09-22 15:23:36.065147 UTC,1,2025-09-22T15:23:36+00:00,America/Los_Angeles,,,,,,,,,0,0,0,0,0,0,0,0,0,0,0,0,0,0,0,0,0,0,0,0,0,0,0,0,0,0,0,0,,,
94f37cf3-c847-45dd-817d-9bcd651e8dc1,2025-09-22 15:23:44.561394 UTC,2025-09-22 15:24:14.795898 UTC,3,2025-09-22T15:23:44+00:00|2025-09-22T15:23:52+00:00|2025-09-22T15:24:14+00:00,America/Los_Angeles,,,,,,,,,0,0,0,0,0,0,0,0,0,0,0,0,0,0,0,0,0,0,0,0,0,0,0,0,0,0,0,0,,,
119q46lCz3CR8qi97J50Uy8Ow,2025-09-22 15:25:37.45809 UTC,2025-09-22 15:27:18.850786 UTC,10,2025-09-22T15:25:37+00:00|2025-09-22T15:25:42+00:00|2025-09-22T15:25:50+00:00|2025-09-22T15:26:06+00:00|2025-09-22T15:26:19+00:00|2025-09-22T15:26:33+00:00|2025-09-22T15:26:49+00:00|2025-09-22T15:27:02+00:00|2025-09-22T15:27:12+00:00|2025-09-22T15:27:18+00:00,,,,,,,,,,0,0,0,0,0,0,0,0,0,0,0,0,0,0,0,0,0,0,0,0,0,0,0,0,0,0,0,0,,,
103H_frVbfSQR6GaS6lpB8xqg,2025-09-22 15:28:06.864558 UTC,2025-09-22 15:28:40.014495 UTC,4,2025-09-22T15:28:06+00:00|2025-09-22T15:28:10+00:00|2025-09-22T15:28:35+00:00|2025-09-22T15:28:40+00:00,,,,,,,,,,0,0,0,0,0,0,0,0,0,0,0,0,0,0,0,0,0,0,0,0,0,0,0,0,0,0,0,0,,,
119Kpjosdp8Rt2PEgZ8X0aWow,2025-09-22 15:28:53.847228 UTC,2025-09-22 15:29:10.207399 UTC,3,2025-09-22T15:28:53+00:00|2025-09-22T15:28:58+00:00|2025-09-22T15:29:10+00:00,,,,,,,,,,0,0,0,0,0,0,0,0,0,0,0,0,0,0,0,0,0,0,0,0,0,0,0,0,0,0,0,0,,,
103EG2iO-CPTvCTCsO8jLnAdg,2025-09-22 15:30:53.586689 UTC,2025-09-22 15:30:53.586689 UTC,1,2025-09-22T15:30:53+00:00,,,,,,,,,,0,0,0,0,0,0,0,0,0,0,0,0,0,0,0,0,0,0,0,0,0,0,0,0,0,0,0,0,,,
065U3Y2Sm9dTbasE8HrLT_EDA,2025-09-22 15:31:52.571559 UTC,2025-09-22 15:33:08.789675 UTC,8,2025-09-22T15:31:52+00:00|2025-09-22T15:31:58+00:00|2025-09-22T15:32:10+00:00|2025-09-22T15:32:35+00:00|2025-09-22T15:32:41+00:00|2025-09-22T15:32:55+00:00|2025-09-22T15:33:04+00:00|2025-09-22T15:33:08+00:00,,,,,,,,,,0,0,0,0,0,0,0,0,0,0,0,0,0,0,0,0,0,0,0,0,0,0,0,0,0,0,0,0,,,
081_fIKUaqURm23l3BH6gsMsQ,2025-09-22 15:35:48.618794 UTC,2025-09-22 15:36:20.709719 UTC,4,2025-09-22T15:35:48+00:00|2025-09-22T15:35:54+00:00|2025-09-22T15:36:04+00:00|2025-09-22T15:36:20+00:00,,,,,,,,,,0,0,0,0,0,0,0,0,0,0,0,0,0,0,0,0,0,0,0,0,0,0,0,0,0,0,0,0,,,
065X7lIPukeQiC2fLA5kGAp0A,2025-09-22 15:38:24.032907 UTC,2025-09-22 15:39:10.513778 UTC,5,2025-09-22T15:38:24+00:00|2025-09-22T15:38:30+00:00|2025-09-22T15:38:41+00:00|2025-09-22T15:39:00+00:00|2025-09-22T15:39:10+00:00,,,,,,,,,,0,0,0,0,0,0,0,0,0,0,0,0,0,0,0,0,0,0,0,0,0,0,0,0,0,0,0,0,,,
08173kzOo0vQp61AcyUV_lXiQ,2025-09-22 15:43:37.403897 UTC,2025-09-22 15:43:41.82922 UTC,2,2025-09-22T15:43:37+00:00|2025-09-22T15:43:41+00:00,,,,,,,,,,0,0,0,0,0,0,0,0,0,0,0,0,0,0,0,0,0,0,0,0,0,0,0,0,0,0,0,0,,,
103NQBQjkYgQ5uLbeodXui4tg,2025-09-22 15:44:09.347129 UTC,2025-09-22 15:45:02.835834 UTC,5,2025-09-22T15:44:09+00:00|2025-09-22T15:44:14+00:00|2025-09-22T15:44:25+00:00|2025-09-22T15:44:43+00:00|2025-09-22T15:45:02+00:00,,,,,,,,,,0,0,0,0,0,0,0,0,0,0,0,0,0,0,0,0,0,0,0,0,0,0,0,0,0,0,0,0,,,
119Z4GzCYHAQS2DxqUM1xNRtw,2025-09-22 15:45:38.663937 UTC,2025-09-22 15:46:12.168577 UTC,4,2025-09-22T15:45:38+00:00|2025-09-22T15:45:42+00:00|2025-09-22T15:45:55+00:00|2025-09-22T15:46:12+00:00,,,,,,,,,,0,0,0,0,0,0,0,0,0,0,0,0,0,0,0,0,0,0,0,0,0,0,0,0,0,0,0,0,,,
119JHDZ5impSCqYaTgC_B3EOw,2025-09-22 15:46:39.191783 UTC,2025-09-22 15:46:43.112383 UTC,2,2025-09-22T15:46:39+00:00|2025-09-22T15:46:43+00:00,,,,,,,,,,0,0,0,0,0,0,0,0,0,0,0,0,0,0,0,0,0,0,0,0,0,0,0,0,0,0,0,0,,,
11960i5n07iRYSP7o53RX_ukw,2025-09-22 15:48:33.106488 UTC,2025-09-22 15:49:34.629248 UTC,6,2025-09-22T15:48:33+00:00|2025-09-22T15:48:38+00:00|2025-09-22T15:48:49+00:00|2025-09-22T15:49:06+00:00|2025-09-22T15:49:20+00:00|2025-09-22T15:49:34+00:00,,,,,,,,,,0,0,0,0,0,0,0,0,0,0,0,0,0,0,0,0,0,0,0,0,0,0,0,0,0,0,0,0,,,
103rw3tUlo9Se2Im1hgyO7v2g,2025-09-22 15:51:27.668146 UTC,2025-09-22 15:52:39.380389 UTC,6,2025-09-22T15:51:27+00:00|2025-09-22T15:51:33+00:00|2025-09-22T15:51:47+00:00|2025-09-22T15:52:05+00:00|2025-09-22T15:52:23+00:00|2025-09-22T15:52:39+00:00,,,,,,,,,,0,0,0,0,0,0,0,0,0,0,0,0,0,0,0,0,0,0,0,0,0,0,0,0,0,0,0,0,,,
119K-1VGbtFScKRVGRaO8JD2w,2025-09-22 15:55:40.782257 UTC,2025-09-22 15:58:23.141681 UTC,12,2025-09-22T15:55:40+00:00|2025-09-22T15:55:45+00:00|2025-09-22T15:55:59+00:00|2025-09-22T15:56:18+00:00|2025-09-22T15:56:33+00:00|2025-09-22T15:56:39+00:00|2025-09-22T15:56:59+00:00|2025-09-22T15:57:11+00:00|2025-09-22T15:57:34+00:00|2025-09-22T15:57:46+00:00|2025-09-22T15:58:06+00:00|2025-09-22T15:58:23+00:00,,false,false,,,false,container_status,,,0,0,0,0,0,0,0,0,0,0,0,0,0,0,0,0,0,0,0,0,0,0,0,0,0,0,0,0,,,
ba69d758-a47c-43e0-a8e3-6cebe36ddd24,2025-09-22 16:11:49.410828 UTC,2025-09-22 16:12:22.479165 UTC,3,2025-09-22T16:11:49+00:00|2025-09-22T16:11:53+00:00|2025-09-22T16:12:22+00:00,America/Los_Angeles,,,,,,,,,0,0,0,0,0,0,0,0,0,0,0,0,0,0,0,0,0,0,0,0,0,0,0,0,0,0,0,0,,,
d567b2aa-4af7-4c80-b1c2-70d0152e219d,2025-09-22 18:42:07.42761 UTC,2025-09-22 19:37:03.78382 UTC,3,2025-09-22T18:42:07+00:00|2025-09-22T18:42:16+00:00|2025-09-22T19:37:03+00:00,America/Los_Angeles,,,,,,,,,0,0,0,0,0,0,0,0,0,0,0,0,0,0,0,0,0,0,0,0,0,0,0,0,0,0,0,0,,,
6626e46b-2521-451d-93b0-cd1c8c794d96,2025-09-22 19:38:43.468073 UTC,2025-09-22 19:38:47.265532 UTC,3,2025-09-22T19:38:43+00:00|2025-09-22T19:38:46+00:00|2025-09-22T19:38:47+00:00,America/Los_Angeles,,,,,,,,,0,0,0,0,0,0,0,0,0,0,0,0,0,0,0,0,0,0,0,0,0,0,0,0,0,0,0,0,,,
07c8b203-1cc2-4c01-80eb-32ba8dd2b85f,2025-09-22 19:38:52.896688 UTC,2025-09-22 19:38:56.523784 UTC,3,2025-09-22T19:38:52+00:00|2025-09-22T19:38:55+00:00|2025-09-22T19:38:56+00:00,America/Los_Angeles,,,,,,,,,0,0,0,0,0,0,0,0,0,0,0,0,0,0,0,0,0,0,0,0,0,0,0,0,0,0,0,0,,,
bd395212-a40c-40ff-bd08-7b92af30f63a,2025-09-22 19:39:14.414494 UTC,2025-09-22 19:39:37.886462 UTC,3,2025-09-22T19:39:14+00:00|2025-09-22T19:39:18+00:00|2025-09-22T19:39:37+00:00,America/Los_Angeles,,,,,,,,,0,0,0,0,0,0,0,0,0,0,0,0,0,0,0,0,0,0,0,0,0,0,0,0,0,0,0,0,,,
cbf5788a-e683-4ee2-9ff8-5a67489f5ac2,2025-09-22 19:40:24.380642 UTC,2025-09-22 19:40:27.653408 UTC,3,2025-09-22T19:40:24+00:00|2025-09-22T19:40:26+00:00|2025-09-22T19:40:27+00:00,America/Los_Angeles,,,,,,,,,0,0,0,0,0,0,0,0,0,0,0,0,0,0,0,0,0,0,0,0,0,0,0,0,0,0,0,0,,,
7a869f81-1bcd-4965-bf81-279248eb1e19,2025-09-22 19:42:12.333321 UTC,2025-09-22 19:43:25.977725 UTC,7,2025-09-22T19:42:12+00:00|2025-09-22T19:42:20+00:00|2025-09-22T19:42:27+00:00|2025-09-22T19:42:55+00:00|2025-09-22T19:43:11+00:00|2025-09-22T19:43:23+00:00|2025-09-22T19:43:25+00:00,America/Los_Angeles,,,,,,,,,0,0,0,0,0,0,0,0,0,0,0,0,0,0,0,0,0,0,0,0,0,0,0,0,0,0,0,0,,,
2db97512-01d2-4745-ad64-6aa0f3c6cdde,2025-09-22 19:47:06.891966 UTC,2025-09-22 19:47:14.460074 UTC,7,2025-09-22T19:47:06+00:00|2025-09-22T19:47:09+00:00|2025-09-22T19:47:10+00:00|2025-09-22T19:47:11+00:00|2025-09-22T19:47:12+00:00|2025-09-22T19:47:13+00:00|2025-09-22T19:47:14+00:00,America/Los_Angeles,,,,,,,,,0,0,0,0,0,0,0,0,0,0,0,0,0,0,0,0,0,0,0,0,0,0,0,0,0,0,0,0,,,
d6174596-98b7-4800-9ee4-b2b2eee1d65c,2025-09-22 19:47:25.168865 UTC,2025-09-22 19:47:30.926742 UTC,2,2025-09-22T19:47:25+00:00|2025-09-22T19:47:30+00:00,America/Los_Angeles,,,,,,,,,0,0,0,0,0,0,0,0,0,0,0,0,0,0,0,0,0,0,0,0,0,0,0,0,0,0,0,0,,,
858221b8-9f35-4016-b237-aa074cd5751c,2025-09-22 19:47:56.548017 UTC,2025-09-22 19:47:58.53999 UTC,2,2025-09-22T19:47:56+00:00|2025-09-22T19:47:58+00:00,America/Los_Angeles,,,,,,,,,0,0,0,0,0,0,0,0,0,0,0,0,0,0,0,0,0,0,0,0,0,0,0,0,0,0,0,0,,,
1d13c0d9-d2f4-41d1-84d9-13ef873a2c2c,2025-09-22 19:49:14.461137 UTC,2025-09-22 19:49:25.680289 UTC,3,2025-09-22T19:49:14+00:00|2025-09-22T19:49:16+00:00|2025-09-22T19:49:25+00:00,America/Los_Angeles,,,,,,,,,0,0,0,0,0,0,0,0,0,0,0,0,0,0,0,0,0,0,0,0,0,0,0,0,0,0,0,0,,,
c430192a-9299-4264-a8cc-686fb8ce52ac,2025-09-22 19:49:54.966736 UTC,2025-09-22 19:49:58.32024 UTC,3,2025-09-22T19:49:54+00:00|2025-09-22T19:49:57+00:00|2025-09-22T19:49:58+00:00,America/Los_Angeles,,,,,,,,,0,0,0,0,0,0,0,0,0,0,0,0,0,0,0,0,0,0,0,0,0,0,0,0,0,0,0,0,,,
130daefa-b360-41c7-a8f2-4f1e36272fe8,2025-09-22 19:54:30.075334 UTC,2025-09-22 19:54:33.360134 UTC,3,2025-09-22T19:54:30+00:00|2025-09-22T19:54:32+00:00|2025-09-22T19:54:33+00:00,America/Los_Angeles,,,,,,,,,0,0,0,0,0,0,0,0,0,0,0,0,0,0,0,0,0,0,0,0,0,0,0,0,0,0,0,0,,,
30154325-e0e7-45ab-87ef-df2bb877894f,2025-09-22 19:56:01.783374 UTC,2025-09-22 19:56:05.799202 UTC,3,2025-09-22T19:56:01+00:00|2025-09-22T19:56:04+00:00|2025-09-22T19:56:05+00:00,America/Los_Angeles,,,,,,,,,0,0,0,0,0,0,0,0,0,0,0,0,0,0,0,0,0,0,0,0,0,0,0,0,0,0,0,0,,,
1dcf3b1d-7d4c-49f6-a808-84c31aaa7a0b,2025-09-22 19:57:57.715852 UTC,2025-09-22 19:58:00.88226 UTC,3,2025-09-22T19:57:57+00:00|2025-09-22T19:57:59+00:00|2025-09-22T19:58:00+00:00,America/Los_Angeles,,,,,,,,,0,0,0,0,0,0,0,0,0,0,0,0,0,0,0,0,0,0,0,0,0,0,0,0,0,0,0,0,,,
8928912b-b7fd-4581-864e-68355c2938b0,2025-09-22 20:07:56.256838 UTC,2025-09-22 20:07:59.950836 UTC,3,2025-09-22T20:07:56+00:00|2025-09-22T20:07:58+00:00|2025-09-22T20:07:59+00:00,America/Los_Angeles,,,,,,,,,0,0,0,0,0,0,0,0,0,0,0,0,0,0,0,0,0,0,0,0,0,0,0,0,0,0,0,0,,,
44f5c22a-885e-4e5d-8dd2-fe3559108fc3,2025-09-22 20:16:04.620739 UTC,2025-09-22 20:16:08.057886 UTC,3,2025-09-22T20:16:04+00:00|2025-09-22T20:16:06+00:00|2025-09-22T20:16:08+00:00,America/Los_Angeles,,,,,,,,,0,0,0,0,0,0,0,0,0,0,0,0,0,0,0,0,0,0,0,0,0,0,0,0,0,0,0,0,,,
c6bc63a6-c8e9-490e-a98a-68a6f8ec7a79,2025-09-22 20:17:01.234794 UTC,2025-09-22 20:17:08.023929 UTC,2,2025-09-22T20:17:01+00:00|2025-09-22T20:17:08+00:00,America/Los_Angeles,,,,,,,,,0,0,0,0,0,0,0,0,0,0,0,0,0,0,0,0,0,0,0,0,0,0,0,0,0,0,0,0,,,
0214d6db-5299-49e9-b8ad-d7566ca6f8e4,2025-09-22 20:17:22.957554 UTC,2025-09-22 20:17:35.847306 UTC,3,2025-09-22T20:17:22+00:00|2025-09-22T20:17:25+00:00|2025-09-22T20:17:35+00:00,America/Los_Angeles,,,,,,,,,0,0,0,0,0,0,0,0,0,0,0,0,0,0,0,0,0,0,0,0,0,0,0,0,0,0,0,0,,,
c7df825b-b14b-49b6-aaf8-9b598aced63f,2025-09-22 20:18:47.10083 UTC,2025-09-22 20:18:55.058189 UTC,4,2025-09-22T20:18:47+00:00|2025-09-22T20:18:49+00:00|2025-09-22T20:18:50+00:00|2025-09-22T20:18:55+00:00,America/Los_Angeles,,,,,,,,,0,0,0,0,0,0,0,0,0,0,0,0,0,0,0,0,0,0,0,0,0,0,0,0,0,0,0,0,,,
ab0de27d-5459-47e6-9bce-2e6b4b569a3d,2025-09-23 09:43:08.609019 UTC,2025-09-23 09:43:33.181404 UTC,3,2025-09-23T09:43:08+00:00|2025-09-23T09:43:23+00:00|2025-09-23T09:43:33+00:00,America/Los_Angeles,,,,,,,,,0,0,0,0,0,0,0,0,0,0,0,0,0,0,0,0,0,0,0,0,0,0,0,0,0,0,0,0,,,
a5b5a94b-bb3b-4cfe-bfdd-5bc8875d5ebc,2025-09-23 09:47:54.394416 UTC,2025-09-23 09:48:02.873905 UTC,3,2025-09-23T09:47:54+00:00|2025-09-23T09:47:57+00:00|2025-09-23T09:48:02+00:00,America/Los_Angeles,,,,,,,,,0,0,0,0,0,0,0,0,0,0,0,0,0,0,0,0,0,0,0,0,0,0,0,0,0,0,0,0,,,
aa894de0-0cd5-431e-ba49-4684abf32f06,2025-09-23 09:48:08.376361 UTC,2025-09-23 09:50:25.500412 UTC,4,2025-09-23T09:48:08+00:00|2025-09-23T09:48:10+00:00|2025-09-23T09:48:11+00:00|2025-09-23T09:50:25+00:00,America/Los_Angeles,,,,,,,,,0,0,0,0,0,0,0,0,0,0,0,0,0,0,0,0,0,0,0,0,0,0,0,0,0,0,0,0,,,
5ef200aa-a279-45fe-9b35-8182a1f275eb,2025-09-23 10:03:13.297162 UTC,2025-09-23 10:04:28.176039 UTC,6,2025-09-23T10:03:13+00:00|2025-09-23T10:03:18+00:00|2025-09-23T10:03:40+00:00|2025-09-23T10:03:49+00:00|2025-09-23T10:04:14+00:00|2025-09-23T10:04:28+00:00,America/Los_Angeles,,,,,,,,,0,0,0,0,0,0,0,0,0,0,0,0,0,0,0,0,0,0,0,0,0,0,0,0,0,0,0,0,,,
a1280717-bfd7-478e-bd23-e6178db7e4a1,2025-09-23 10:05:39.334441 UTC,2025-09-23 10:05:39.334441 UTC,1,2025-09-23T10:05:39+00:00,America/Los_Angeles,,,,,,,,,0,0,0,0,0,0,0,0,0,0,0,0,0,0,0,0,0,0,0,0,0,0,0,0,0,0,0,0,,,
8618a5fb-9ff1-4f3f-a9b1-732c4c678d9e,2025-09-23 10:06:02.248832 UTC,2025-09-23 10:42:52.650571 UTC,7,2025-09-23T10:06:02+00:00|2025-09-23T10:06:05+00:00|2025-09-23T10:06:15+00:00|2025-09-23T10:06:19+00:00|2025-09-23T10:06:29+00:00|2025-09-23T10:06:51+00:00|2025-09-23T10:42:52+00:00,America/Los_Angeles,,,,,,,,,0,0,0,0,0,0,0,0,0,0,0,0,0,0,0,0,0,0,0,0,0,0,0,0,0,0,0,0,,,
784ec3cc-9b94-4046-b148-f6d38b6115b1,2025-09-23 11:02:39.018927 UTC,2025-09-23 11:02:50.179247 UTC,7,2025-09-23T11:02:39+00:00|2025-09-23T11:02:41+00:00|2025-09-23T11:02:42+00:00|2025-09-23T11:02:44+00:00|2025-09-23T11:02:46+00:00|2025-09-23T11:02:48+00:00|2025-09-23T11:02:50+00:00,America/Los_Angeles,false,false,,,false,,,,0,0,0,0,0,0,0,0,0,0,0,0,0,0,0,0,0,0,0,0,0,0,0,0,0,0,0,0,,,
621f4a51-e50c-4f6d-b208-b78e4fb0e0bf,2025-09-23 11:47:39.934742 UTC,2025-09-23 11:48:08.718384 UTC,4,2025-09-23T11:47:39+00:00|2025-09-23T11:47:48+00:00|2025-09-23T11:48:03+00:00|2025-09-23T11:48:08+00:00,America/Los_Angeles,,,,,,,,,0,0,0,0,0,0,0,0,0,0,0,0,0,0,0,0,0,0,0,0,0,0,0,0,0,0,0,0,,,
8cbd4437-8557-4761-9f1c-e38729668014,2025-09-23 12:46:49.162929 UTC,2025-09-23 12:47:27.85036 UTC,4,2025-09-23T12:46:49+00:00|2025-09-23T12:46:54+00:00|2025-09-23T12:47:05+00:00|2025-09-23T12:47:27+00:00,America/Los_Angeles,,,,,,,,,0,0,0,0,0,0,0,0,0,0,0,0,0,0,0,0,0,0,0,0,0,0,0,0,0,0,0,0,,,
2acd3662-f5c4-457b-82d9-7b242960fdc2,2025-09-23 12:50:34.679111 UTC,2025-09-23 12:57:46.685223 UTC,6,2025-09-23T12:50:34+00:00|2025-09-23T12:50:36+00:00|2025-09-23T12:50:38+00:00|2025-09-23T12:50:39+00:00|2025-09-23T12:57:43+00:00|2025-09-23T12:57:46+00:00,America/Los_Angeles,,,,,,,,,0,0,0,0,0,0,0,0,0,0,0,0,0,0,0,0,0,0,0,0,0,0,0,0,0,0,0,0,,,
065v-jpu2vNTce16n-ubB4-nA,2025-09-23 13:37:55.334274 UTC,2025-09-23 13:38:37.46291 UTC,4,2025-09-23T13:37:55+00:00|2025-09-23T13:38:02+00:00|2025-09-23T13:38:14+00:00|2025-09-23T13:38:37+00:00,,,,,,,,,,0,0,0,0,0,0,0,0,0,0,0,0,0,0,0,0,0,0,0,0,0,0,0,0,0,0,0,0,,,
081MvcQeo7LS2uDItUsbHAoOQ,2025-09-23 14:58:01.809558 UTC,2025-09-23 15:01:01.129943 UTC,23,2025-09-23T14:58:01+00:00|2025-09-23T14:58:07+00:00|2025-09-23T14:58:21+00:00|2025-09-23T14:58:37+00:00|2025-09-23T14:58:46+00:00|2025-09-23T14:58:56+00:00|2025-09-23T14:59:02+00:00|2025-09-23T14:59:07+00:00|2025-09-23T14:59:12+00:00|2025-09-23T14:59:17+00:00|2025-09-23T14:59:23+00:00|2025-09-23T14:59:28+00:00|2025-09-23T14:59:33+00:00|2025-09-23T14:59:39+00:00|2025-09-23T14:59:44+00:00|2025-09-23T14:59:49+00:00|2025-09-23T14:59:54+00:00|2025-09-23T15:00:00+00:00|2025-09-23T15:00:05+00:00|2025-09-23T15:00:10+00:00|2025-09-23T15:00:16+00:00|2025-09-23T15:00:43+00:00|2025-09-23T15:01:01+00:00,,,,,,,,,,0,0,0,0,0,0,0,0,0,0,0,0,0,0,0,0,0,0,0,0,0,0,0,0,0,0,0,0,,,
d6ce7f2a-e205-4b66-b8ac-2db281ddef7b,2025-09-23 15:13:02.953183 UTC,2025-09-23 15:14:08.511624 UTC,7,2025-09-23T15:13:02+00:00|2025-09-23T15:13:08+00:00|2025-09-23T15:13:24+00:00|2025-09-23T15:13:27+00:00|2025-09-23T15:13:37+00:00|2025-09-23T15:13:41+00:00|2025-09-23T15:14:08+00:00,America/Los_Angeles,,,,,,,,,0,0,0,0,0,0,0,0,0,0,0,0,0,0,0,0,0,0,0,0,0,0,0,0,0,0,0,0,,,
bc219e00-1e8e-40c9-8b40-328a5f417fff,2025-09-23 15:15:51.021966 UTC,2025-09-23 15:16:00.751041 UTC,7,2025-09-23T15:15:51+00:00|2025-09-23T15:15:53+00:00|2025-09-23T15:15:54+00:00|2025-09-23T15:15:55+00:00|2025-09-23T15:15:57+00:00|2025-09-23T15:15:59+00:00|2025-09-23T15:16:00+00:00,America/Los_Angeles,,,,,,,,,0,0,0,0,0,0,0,0,0,0,0,0,0,0,0,0,0,0,0,0,0,0,0,0,0,0,0,0,,,
d7c80cce-bb08-4e81-8c10-bcb09bfd3660,2025-09-23 15:16:41.604686 UTC,2025-09-23 15:16:50.648998 UTC,7,2025-09-23T15:16:41+00:00|2025-09-23T15:16:43+00:00|2025-09-23T15:16:44+00:00|2025-09-23T15:16:45+00:00|2025-09-23T15:16:47+00:00|2025-09-23T15:16:49+00:00|2025-09-23T15:16:50+00:00,America/Los_Angeles,,,,,,,,,0,0,0,0,0,0,0,0,0,0,0,0,0,0,0,0,0,0,0,0,0,0,0,0,0,0,0,0,,,
df689c07-5bd1-4634-b7a7-46d1aeb6a315,2025-09-23 15:18:36.410904 UTC,2025-09-23 15:18:46.394969 UTC,7,2025-09-23T15:18:36+00:00|2025-09-23T15:18:38+00:00|2025-09-23T15:18:40+00:00|2025-09-23T15:18:41+00:00|2025-09-23T15:18:43+00:00|2025-09-23T15:18:45+00:00|2025-09-23T15:18:46+00:00,America/Los_Angeles,,,,,,,,,0,0,0,0,0,0,0,0,0,0,0,0,0,0,0,0,0,0,0,0,0,0,0,0,0,0,0,0,,,
887a9b6b-5836-45b4-bc5a-ccc78ff02609,2025-09-23 15:27:15.138303 UTC,2025-09-23 15:27:58.793007 UTC,6,2025-09-23T15:27:15+00:00|2025-09-23T15:27:18+00:00|2025-09-23T15:27:28+00:00|2025-09-23T15:27:44+00:00|2025-09-23T15:27:54+00:00|2025-09-23T15:27:58+00:00,America/Los_Angeles,,,,,,,,,0,0,0,0,0,0,0,0,0,0,0,0,0,0,0,0,0,0,0,0,0,0,0,0,0,0,0,0,,,
c0536b58-2af6-4fc6-80a8-4cb63b783ede,2025-09-23 15:31:06.615773 UTC,2025-09-23 15:31:13.145863 UTC,3,2025-09-23T15:31:06+00:00|2025-09-23T15:31:10+00:00|2025-09-23T15:31:13+00:00,America/Los_Angeles,,,,,,,,,0,0,0,0,0,0,0,0,0,0,0,0,0,0,0,0,0,0,0,0,0,0,0,0,0,0,0,0,,,
dcc82066-6601-4b3a-9c10-20704ac5bf25,2025-09-23 15:31:19.494376 UTC,2025-09-23 15:33:31.605241 UTC,14,2025-09-23T15:31:19+00:00|2025-09-23T15:31:23+00:00|2025-09-23T15:31:27+00:00|2025-09-23T15:31:32+00:00|2025-09-23T15:31:36+00:00|2025-09-23T15:31:49+00:00|2025-09-23T15:31:57+00:00|2025-09-23T15:32:02+00:00|2025-09-23T15:32:11+00:00|2025-09-23T15:32:17+00:00|2025-09-23T15:32:37+00:00|2025-09-23T15:32:41+00:00|2025-09-23T15:33:22+00:00|2025-09-23T15:33:31+00:00,America/Los_Angeles,,,,,,,,,0,0,0,0,0,0,0,0,0,0,0,0,0,0,0,0,0,0,0,0,0,0,0,0,0,0,0,0,,,
88a8fb27-d61e-4ed8-ba68-611a8f5440a3,2025-09-23 15:40:57.88349 UTC,2025-09-23 15:42:21.499243 UTC,13,2025-09-23T15:40:57+00:00|2025-09-23T15:41:07+00:00|2025-09-23T15:41:18+00:00|2025-09-23T15:41:20+00:00|2025-09-23T15:41:27+00:00|2025-09-23T15:41:31+00:00|2025-09-23T15:41:40+00:00|2025-09-23T15:41:44+00:00|2025-09-23T15:42:01+00:00|2025-09-23T15:42:10+00:00|2025-09-23T15:42:16+00:00|2025-09-23T15:42:18+00:00|2025-09-23T15:42:21+00:00,America/Los_Angeles,,,,,,,,,0,0,0,0,0,0,0,0,0,0,0,0,0,0,0,0,0,0,0,0,0,0,0,0,0,0,0,0,,,
8579766d-3ea9-434b-9ef3-6ea7ce8a0311,2025-09-23 15:46:44.014429 UTC,2025-09-23 15:46:59.078603 UTC,11,2025-09-23T15:46:44+00:00|2025-09-23T15:46:45+00:00|2025-09-23T15:46:47+00:00|2025-09-23T15:46:47+00:00|2025-09-23T15:46:51+00:00|2025-09-23T15:46:52+00:00|2025-09-23T15:46:53+00:00|2025-09-23T15:46:55+00:00|2025-09-23T15:46:55+00:00|2025-09-23T15:46:57+00:00|2025-09-23T15:46:59+00:00,America/Los_Angeles,,,,,,,,,0,0,0,0,0,0,0,0,0,0,0,0,0,0,0,0,0,0,0,0,0,0,0,0,0,0,0,0,,,
42a4eb32-6f99-4ef9-87dc-b8b524a7db12,2025-09-23 15:47:06.37803 UTC,2025-09-23 15:49:08.585327 UTC,12,2025-09-23T15:47:06+00:00|2025-09-23T15:47:10+00:00|2025-09-23T15:47:15+00:00|2025-09-23T15:47:18+00:00|2025-09-23T15:47:28+00:00|2025-09-23T15:47:31+00:00|2025-09-23T15:47:37+00:00|2025-09-23T15:48:02+00:00|2025-09-23T15:48:07+00:00|2025-09-23T15:48:58+00:00|2025-09-23T15:49:05+00:00|2025-09-23T15:49:08+00:00,America/Los_Angeles,,,,,,,,,0,0,0,0,0,0,0,0,0,0,0,0,0,0,0,0,0,0,0,0,0,0,0,0,0,0,0,0,,,
103V1Gl0QLcSgCEeir4y_mtjg,2025-09-23 15:48:42.658968 UTC,2025-09-23 15:49:23.095085 UTC,5,2025-09-23T15:48:42+00:00|2025-09-23T15:48:48+00:00|2025-09-23T15:48:58+00:00|2025-09-23T15:49:07+00:00|2025-09-23T15:49:23+00:00,,,,,,,,,,0,0,0,0,0,0,0,0,0,0,0,0,0,0,0,0,0,0,0,0,0,0,0,0,0,0,0,0,,,
3e797132-25fb-45c5-9d2b-a7325cbd0297,2025-09-23 15:50:18.682288 UTC,2025-09-23 15:50:18.682288 UTC,1,2025-09-23T15:50:18+00:00,America/Los_Angeles,,,,,,,,,0,0,0,0,0,0,0,0,0,0,0,0,0,0,0,0,0,0,0,0,0,0,0,0,0,0,0,0,,,
ae195f50-69d3-4cc6-9cb2-4b986a51dfab,2025-09-23 15:50:29.415074 UTC,2025-09-23 15:51:40.938756 UTC,7,2025-09-23T15:50:29+00:00|2025-09-23T15:50:44+00:00|2025-09-23T15:50:47+00:00|2025-09-23T15:50:51+00:00|2025-09-23T15:51:17+00:00|2025-09-23T15:51:31+00:00|2025-09-23T15:51:40+00:00,America/Los_Angeles,,,,,,,,,0,0,0,0,0,0,0,0,0,0,0,0,0,0,0,0,0,0,0,0,0,0,0,0,0,0,0,0,,,
9abc232c-fb1c-4b69-83ce-92c8675293ef,2025-09-23 15:55:55.513385 UTC,2025-09-23 15:56:09.936247 UTC,12,2025-09-23T15:55:55+00:00|2025-09-23T15:55:57+00:00|2025-09-23T15:55:58+00:00|2025-09-23T15:55:59+00:00|2025-09-23T15:56:01+00:00|2025-09-23T15:56:03+00:00|2025-09-23T15:56:04+00:00|2025-09-23T15:56:05+00:00|2025-09-23T15:56:07+00:00|2025-09-23T15:56:08+00:00|2025-09-23T15:56:09+00:00|2025-09-23T15:56:09+00:00,America/Los_Angeles,,,,,,,,,0,0,0,0,0,0,0,0,0,0,0,0,0,0,0,0,0,0,0,0,0,0,0,0,0,0,0,0,,,
b07998f6-1e64-41cb-ab47-9c1e0631e36d,2025-09-23 15:56:16.680618 UTC,2025-09-23 15:57:54.934167 UTC,10,2025-09-23T15:56:16+00:00|2025-09-23T15:56:20+00:00|2025-09-23T15:56:27+00:00|2025-09-23T15:56:29+00:00|2025-09-23T15:56:40+00:00|2025-09-23T15:56:43+00:00|2025-09-23T15:56:52+00:00|2025-09-23T15:57:36+00:00|2025-09-23T15:57:49+00:00|2025-09-23T15:57:54+00:00,America/Los_Angeles,,,,,,,,,0,0,0,0,0,0,0,0,0,0,0,0,0,0,0,0,0,0,0,0,0,0,0,0,0,0,0,0,,,
2c8b56e3-e374-4133-b5aa-a845843206c8,2025-09-23 15:58:48.421574 UTC,2025-09-23 15:59:00.135507 UTC,10,2025-09-23T15:58:48+00:00|2025-09-23T15:58:50+00:00|2025-09-23T15:58:51+00:00|2025-09-23T15:58:52+00:00|2025-09-23T15:58:54+00:00|2025-09-23T15:58:56+00:00|2025-09-23T15:58:57+00:00|2025-09-23T15:58:57+00:00|2025-09-23T15:58:58+00:00|2025-09-23T15:59:00+00:00,America/Los_Angeles,,,,,,,,,0,0,0,0,0,0,0,0,0,0,0,0,0,0,0,0,0,0,0,0,0,0,0,0,0,0,0,0,,,
081TlPwiBcjTyqM7bMYiVrD1Q,2025-09-23 16:11:17.179825 UTC,2025-09-23 16:15:10.474235 UTC,20,2025-09-23T16:11:17+00:00|2025-09-23T16:11:22+00:00|2025-09-23T16:11:32+00:00|2025-09-23T16:11:38+00:00|2025-09-23T16:11:52+00:00|2025-09-23T16:12:06+00:00|2025-09-23T16:12:23+00:00|2025-09-23T16:12:41+00:00|2025-09-23T16:12:55+00:00|2025-09-23T16:13:14+00:00|2025-09-23T16:13:31+00:00|2025-09-23T16:14:00+00:00|2025-09-23T16:14:11+00:00|2025-09-23T16:14:20+00:00|2025-09-23T16:14:34+00:00|2025-09-23T16:14:38+00:00|2025-09-23T16:14:47+00:00|2025-09-23T16:14:52+00:00|2025-09-23T16:15:02+00:00|2025-09-23T16:15:10+00:00,,false,false,true,500VE00000QD91hYAD,false,,,,0,0,0,0,0,0,0,0,0,0,0,0,0,0,0,0,0,0,0,0,0,0,0,0,0,0,0,0,,,
119qqlC7a8GQgi7IdZD_OKb-w,2025-09-23 16:29:59.047456 UTC,2025-09-23 16:30:41.49219 UTC,4,2025-09-23T16:29:59+00:00|2025-09-23T16:30:07+00:00|2025-09-23T16:30:19+00:00|2025-09-23T16:30:41+00:00,,,,,,,,,,0,0,0,0,0,0,0,0,0,0,0,0,0,0,0,0,0,0,0,0,0,0,0,0,0,0,0,0,,,
8570c53f-4767-42b3-959a-85af7d832554,2025-09-23 16:33:23.22226 UTC,2025-09-23 16:36:44.496584 UTC,16,2025-09-23T16:33:23+00:00|2025-09-23T16:33:34+00:00|2025-09-23T16:33:43+00:00|2025-09-23T16:33:48+00:00|2025-09-23T16:34:01+00:00|2025-09-23T16:34:10+00:00|2025-09-23T16:34:37+00:00|2025-09-23T16:35:07+00:00|2025-09-23T16:35:19+00:00|2025-09-23T16:35:27+00:00|2025-09-23T16:35:36+00:00|2025-09-23T16:35:45+00:00|2025-09-23T16:35:55+00:00|2025-09-23T16:36:07+00:00|2025-09-23T16:36:16+00:00|2025-09-23T16:36:44+00:00,America/Los_Angeles,,,,,,,,,0,0,0,0,0,0,0,0,0,0,0,0,0,0,0,0,0,0,0,0,0,0,0,0,0,0,0,0,,,
119Vj68YdCjQOGqut6i932dPw,2025-09-23 16:45:43.954194 UTC,2025-09-23 16:51:21.617198 UTC,37,2025-09-23T16:45:43+00:00|2025-09-23T16:45:49+00:00|2025-09-23T16:46:00+00:00|2025-09-23T16:46:23+00:00|2025-09-23T16:46:41+00:00|2025-09-23T16:46:58+00:00|2025-09-23T16:47:06+00:00|2025-09-23T16:47:15+00:00|2025-09-23T16:47:34+00:00|2025-09-23T16:47:49+00:00|2025-09-23T16:47:57+00:00|2025-09-23T16:48:08+00:00|2025-09-23T16:48:16+00:00|2025-09-23T16:48:29+00:00|2025-09-23T16:48:47+00:00|2025-09-23T16:48:50+00:00|2025-09-23T16:48:58+00:00|2025-09-23T16:49:04+00:00|2025-09-23T16:49:11+00:00|2025-09-23T16:49:17+00:00|2025-09-23T16:49:26+00:00|2025-09-23T16:49:33+00:00|2025-09-23T16:49:39+00:00|2025-09-23T16:49:45+00:00|2025-09-23T16:49:53+00:00|2025-09-23T16:49:59+00:00|2025-09-23T16:50:07+00:00|2025-09-23T16:50:14+00:00|2025-09-23T16:50:23+00:00|2025-09-23T16:50:29+00:00|2025-09-23T16:50:36+00:00|2025-09-23T16:50:44+00:00|2025-09-23T16:50:52+00:00|2025-09-23T16:50:58+00:00|2025-09-23T16:51:06+00:00|2025-09-23T16:51:12+00:00|2025-09-23T16:51:21+00:00,,false,false,,,false,,,,0,0,0,0,0,0,0,0,0,0,0,0,0,0,0,0,0,0,0,0,0,0,0,0,0,0,0,0,,,
f793c807-b028-48ca-8119-7a91482a41dc,2025-09-23 16:46:26.311861 UTC,2025-09-23 16:46:46.870986 UTC,16,2025-09-23T16:46:26+00:00|2025-09-23T16:46:28+00:00|2025-09-23T16:46:29+00:00|2025-09-23T16:46:30+00:00|2025-09-23T16:46:33+00:00|2025-09-23T16:46:34+00:00|2025-09-23T16:46:36+00:00|2025-09-23T16:46:37+00:00|2025-09-23T16:46:39+00:00|2025-09-23T16:46:40+00:00|2025-09-23T16:46:41+00:00|2025-09-23T16:46:42+00:00|2025-09-23T16:46:43+00:00|2025-09-23T16:46:44+00:00|2025-09-23T16:46:45+00:00|2025-09-23T16:46:46+00:00,America/Los_Angeles,,,,,,,,,0,0,0,0,0,0,0,0,0,0,0,0,0,0,0,0,0,0,0,0,0,0,0,0,0,0,0,0,,,
f707e049-000f-433d-9b55-25fb49f1bf8d,2025-09-23 16:49:47.771714 UTC,2025-09-23 16:50:09.840742 UTC,16,2025-09-23T16:49:47+00:00|2025-09-23T16:49:50+00:00|2025-09-23T16:49:51+00:00|2025-09-23T16:49:53+00:00|2025-09-23T16:49:55+00:00|2025-09-23T16:49:56+00:00|2025-09-23T16:49:58+00:00|2025-09-23T16:49:59+00:00|2025-09-23T16:50:01+00:00|2025-09-23T16:50:02+00:00|2025-09-23T16:50:04+00:00|2025-09-23T16:50:05+00:00|2025-09-23T16:50:06+00:00|2025-09-23T16:50:07+00:00|2025-09-23T16:50:08+00:00|2025-09-23T16:50:09+00:00,America/Los_Angeles,,,,,,,,,0,0,0,0,0,0,0,0,0,0,0,0,0,0,0,0,0,0,0,0,0,0,0,0,0,0,0,0,,,
89139915-90bf-4ce8-9013-da504b2d0c28,2025-09-23 16:50:26.037783 UTC,2025-09-23 16:51:22.647483 UTC,9,2025-09-23T16:50:26+00:00|2025-09-23T16:50:30+00:00|2025-09-23T16:50:35+00:00|2025-09-23T16:50:37+00:00|2025-09-23T16:50:52+00:00|2025-09-23T16:50:55+00:00|2025-09-23T16:51:01+00:00|2025-09-23T16:51:17+00:00|2025-09-23T16:51:22+00:00,America/Los_Angeles,,,,,,,,,0,0,0,0,0,0,0,0,0,0,0,0,0,0,0,0,0,0,0,0,0,0,0,0,0,0,0,0,,,
4dfcc12d-7e0c-4cf6-af84-aa462a35564f,2025-09-23 16:54:11.023684 UTC,2025-09-23 16:54:54.918928 UTC,5,2025-09-23T16:54:11+00:00|2025-09-23T16:54:19+00:00|2025-09-23T16:54:31+00:00|2025-09-23T16:54:49+00:00|2025-09-23T16:54:54+00:00,America/Los_Angeles,,,,,,,,,0,0,0,0,0,0,0,0,0,0,0,0,0,0,0,0,0,0,0,0,0,0,0,0,0,0,0,0,,,
28f5f795-4745-4968-961a-2d50baaf4b5d,2025-09-23 16:54:41.244387 UTC,2025-09-23 16:55:41.137558 UTC,6,2025-09-23T16:54:41+00:00|2025-09-23T16:54:46+00:00|2025-09-23T16:54:59+00:00|2025-09-23T16:55:04+00:00|2025-09-23T16:55:25+00:00|2025-09-23T16:55:41+00:00,America/Los_Angeles,,,,,,,,,0,0,0,0,0,0,0,0,0,0,0,0,0,0,0,0,0,0,0,0,0,0,0,0,0,0,0,0,,,
47342da2-9b13-4809-8f71-910fdf7294ec,2025-09-23 16:56:08.223185 UTC,2025-09-23 17:06:37.55025 UTC,19,2025-09-23T16:56:08+00:00|2025-09-23T16:56:13+00:00|2025-09-23T16:56:22+00:00|2025-09-23T16:56:25+00:00|2025-09-23T16:56:31+00:00|2025-09-23T16:56:41+00:00|2025-09-23T16:57:00+00:00|2025-09-23T16:57:12+00:00|2025-09-23T16:57:16+00:00|2025-09-23T16:57:27+00:00|2025-09-23T17:05:49+00:00|2025-09-23T17:06:09+00:00|2025-09-23T17:06:13+00:00|2025-09-23T17:06:17+00:00|2025-09-23T17:06:24+00:00|2025-09-23T17:06:28+00:00|2025-09-23T17:06:33+00:00|2025-09-23T17:06:35+00:00|2025-09-23T17:06:37+00:00,America/Los_Angeles,,,,,,,,,0,0,0,0,0,0,0,0,0,0,0,0,0,0,0,0,0,0,0,0,0,0,0,0,0,0,0,0,,,
af50adcc-dac7-4d2b-a080-7ba34e85474b,2025-09-23 17:00:03.959992 UTC,2025-09-23 17:00:11.502859 UTC,6,2025-09-23T17:00:03+00:00|2025-09-23T17:00:07+00:00|2025-09-23T17:00:07+00:00|2025-09-23T17:00:08+00:00|2025-09-23T17:00:10+00:00|2025-09-23T17:00:11+00:00,America/Los_Angeles,,,,,,,,,0,0,0,0,0,0,0,0,0,0,0,0,0,0,0,0,0,0,0,0,0,0,0,0,0,0,0,0,,,
103Xl4eipxCRVK03s3K7BS1qg,2025-09-23 17:00:25.420856 UTC,2025-09-23 17:04:09.910227 UTC,16,2025-09-23T17:00:25+00:00|2025-09-23T17:00:30+00:00|2025-09-23T17:00:43+00:00|2025-09-23T17:01:03+00:00|2025-09-23T17:01:12+00:00|2025-09-23T17:01:32+00:00|2025-09-23T17:01:53+00:00|2025-09-23T17:02:01+00:00|2025-09-23T17:02:21+00:00|2025-09-23T17:02:43+00:00|2025-09-23T17:02:53+00:00|2025-09-23T17:03:14+00:00|2025-09-23T17:03:20+00:00|2025-09-23T17:03:44+00:00|2025-09-23T17:03:56+00:00|2025-09-23T17:04:09+00:00,,,,,,,,,,0,0,0,0,0,0,0,0,0,0,0,0,0,0,0,0,0,0,0,0,0,0,0,0,0,0,0,0,,,
218eab0c-4d13-4418-9dbd-09e6dfcd889f,2025-09-23 17:00:48.252775 UTC,2025-09-23 17:00:54.532884 UTC,6,2025-09-23T17:00:48+00:00|2025-09-23T17:00:50+00:00|2025-09-23T17:00:51+00:00|2025-09-23T17:00:51+00:00|2025-09-23T17:00:53+00:00|2025-09-23T17:00:54+00:00,America/Los_Angeles,,,,,,,,,0,0,0,0,0,0,0,0,0,0,0,0,0,0,0,0,0,0,0,0,0,0,0,0,0,0,0,0,,,
8d64db2c-0831-465e-ba85-a6b169bded65,2025-09-23 17:09:27.409161 UTC,2025-09-23 17:11:57.712093 UTC,8,2025-09-23T17:09:27+00:00|2025-09-23T17:10:10+00:00|2025-09-23T17:10:32+00:00|2025-09-23T17:10:35+00:00|2025-09-23T17:10:58+00:00|2025-09-23T17:11:52+00:00|2025-09-23T17:11:54+00:00|2025-09-23T17:11:57+00:00,America/Los_Angeles,,,,,,,,,0,0,0,0,0,0,0,0,0,0,0,0,0,0,0,0,0,0,0,0,0,0,0,0,0,0,0,0,,,
103X9kqE9stTLq1iWoWkmsBHg,2025-09-23 17:20:11.339339 UTC,2025-09-23 17:27:01.662085 UTC,32,2025-09-23T17:20:11+00:00|2025-09-23T17:20:16+00:00|2025-09-23T17:20:26+00:00|2025-09-23T17:20:49+00:00|2025-09-23T17:21:04+00:00|2025-09-23T17:21:25+00:00|2025-09-23T17:21:41+00:00|2025-09-23T17:22:03+00:00|2025-09-23T17:22:21+00:00|2025-09-23T17:22:34+00:00|2025-09-23T17:22:52+00:00|2025-09-23T17:23:06+00:00|2025-09-23T17:23:22+00:00|2025-09-23T17:23:34+00:00|2025-09-23T17:23:50+00:00|2025-09-23T17:24:04+00:00|2025-09-23T17:24:20+00:00|2025-09-23T17:24:33+00:00|2025-09-23T17:24:50+00:00|2025-09-23T17:25:03+00:00|2025-09-23T17:25:16+00:00|2025-09-23T17:25:31+00:00|2025-09-23T17:25:41+00:00|2025-09-23T17:25:58+00:00|2025-09-23T17:26:10+00:00|2025-09-23T17:26:17+00:00|2025-09-23T17:26:25+00:00|2025-09-23T17:26:32+00:00|2025-09-23T17:26:39+00:00|2025-09-23T17:26:46+00:00|2025-09-23T17:26:53+00:00|2025-09-23T17:27:01+00:00,,false,false,,,false,,,,0,0,0,0,0,0,0,0,0,0,0,0,0,0,0,0,0,0,0,0,0,0,0,0,0,0,0,0,,,
fc7a4c6b-ab32-444a-b353-92f0be9f98c1,2025-09-23 17:23:26.078316 UTC,2025-09-23 17:23:28.928319 UTC,2,2025-09-23T17:23:26+00:00|2025-09-23T17:23:28+00:00,America/Los_Angeles,,,,,,,,,0,0,0,0,0,0,0,0,0,0,0,0,0,0,0,0,0,0,0,0,0,0,0,0,0,0,0,0,,,
e22e8644-6a85-470b-b9d4-4eefaf4a6579,2025-09-23 17:23:38.638448 UTC,2025-09-23 17:24:51.187101 UTC,8,2025-09-23T17:23:38+00:00|2025-09-23T17:23:42+00:00|2025-09-23T17:23:50+00:00|2025-09-23T17:24:17+00:00|2025-09-23T17:24:26+00:00|2025-09-23T17:24:32+00:00|2025-09-23T17:24:44+00:00|2025-09-23T17:24:51+00:00,America/Los_Angeles,,,,,,,,,0,0,0,0,0,0,0,0,0,0,0,0,0,0,0,0,0,0,0,0,0,0,0,0,0,0,0,0,,,
065LyBG_g-tT7-37Ku30VrwIA,2025-09-23 17:51:25.240261 UTC,2025-09-23 17:54:39.774568 UTC,13,2025-09-23T17:51:25+00:00|2025-09-23T17:51:30+00:00|2025-09-23T17:51:41+00:00|2025-09-23T17:52:03+00:00|2025-09-23T17:52:22+00:00|2025-09-23T17:52:38+00:00|2025-09-23T17:53:00+00:00|2025-09-23T17:53:16+00:00|2025-09-23T17:53:35+00:00|2025-09-23T17:53:54+00:00|2025-09-23T17:54:03+00:00|2025-09-23T17:54:20+00:00|2025-09-23T17:54:39+00:00,,,,,,,,,,0,0,0,0,0,0,0,0,0,0,0,0,0,0,0,0,0,0,0,0,0,0,0,0,0,0,0,0,,,
103-fcI5iCVRcKnpcza31Nomg,2025-09-23 17:55:39.163326 UTC,2025-09-23 17:59:18.186046 UTC,16,2025-09-23T17:55:39+00:00|2025-09-23T17:55:44+00:00|2025-09-23T17:55:55+00:00|2025-09-23T17:56:14+00:00|2025-09-23T17:56:32+00:00|2025-09-23T17:56:51+00:00|2025-09-23T17:57:04+00:00|2025-09-23T17:57:22+00:00|2025-09-23T17:57:39+00:00|2025-09-23T17:57:58+00:00|2025-09-23T17:58:30+00:00|2025-09-23T17:58:46+00:00|2025-09-23T17:58:56+00:00|2025-09-23T17:59:03+00:00|2025-09-23T17:59:10+00:00|2025-09-23T17:59:18+00:00,,false,false,,,false,route_not_yet_started,,,0,0,0,0,0,0,0,0,0,0,0,0,0,0,0,0,0,0,0,0,0,0,0,0,0,0,0,0,,,
065OcYM3v06QVu-Il-ZJygCDA,2025-09-23 18:19:36.881014 UTC,2025-09-23 18:21:08.653109 UTC,7,2025-09-23T18:19:36+00:00|2025-09-23T18:19:44+00:00|2025-09-23T18:19:55+00:00|2025-09-23T18:20:18+00:00|2025-09-23T18:20:34+00:00|2025-09-23T18:20:52+00:00|2025-09-23T18:21:08+00:00,,,,,,,,,,0,0,0,0,0,0,0,0,0,0,0,0,0,0,0,0,0,0,0,0,0,0,0,0,0,0,0,0,,,
065FHmBNxBOTb-4Ev1X5yIg0A,2025-09-23 18:22:13.524769 UTC,2025-09-23 18:25:33.807244 UTC,14,2025-09-23T18:22:13+00:00|2025-09-23T18:22:19+00:00|2025-09-23T18:22:30+00:00|2025-09-23T18:22:45+00:00|2025-09-23T18:23:01+00:00|2025-09-23T18:23:21+00:00|2025-09-23T18:23:35+00:00|2025-09-23T18:23:53+00:00|2025-09-23T18:24:16+00:00|2025-09-23T18:24:34+00:00|2025-09-23T18:24:53+00:00|2025-09-23T18:25:08+00:00|2025-09-23T18:25:22+00:00|2025-09-23T18:25:33+00:00,,,,,,,,,,0,0,0,0,0,0,0,0,0,0,0,0,0,0,0,0,0,0,0,0,0,0,0,0,0,0,0,0,,,
b4ffb19c-6039-4aba-babf-102c2f505142,2025-09-23 18:33:55.342327 UTC,2025-09-23 18:36:23.447358 UTC,8,2025-09-23T18:33:55+00:00|2025-09-23T18:33:59+00:00|2025-09-23T18:34:15+00:00|2025-09-23T18:34:19+00:00|2025-09-23T18:34:35+00:00|2025-09-23T18:34:42+00:00|2025-09-23T18:34:49+00:00|2025-09-23T18:36:23+00:00,America/Los_Angeles,,,,,,,,,0,0,0,0,0,0,0,0,0,0,0,0,0,0,0,0,0,0,0,0,0,0,0,0,0,0,0,0,,,
081QHcKQ1mDSYW1ZlgpN_CLUQ,2025-09-23 18:37:45.052712 UTC,2025-09-23 18:38:48.571265 UTC,5,2025-09-23T18:37:45+00:00|2025-09-23T18:37:51+00:00|2025-09-23T18:38:02+00:00|2025-09-23T18:38:32+00:00|2025-09-23T18:38:48+00:00,,,,,,,,,,0,0,0,0,0,0,0,0,0,0,0,0,0,0,0,0,0,0,0,0,0,0,0,0,0,0,0,0,,,
065H9JkFzc6R46lLgIEf4QwTA,2025-09-23 18:41:26.335184 UTC,2025-09-23 18:43:01.776323 UTC,6,2025-09-23T18:41:26+00:00|2025-09-23T18:41:32+00:00|2025-09-23T18:41:42+00:00|2025-09-23T18:42:13+00:00|2025-09-23T18:42:29+00:00|2025-09-23T18:43:01+00:00,,,,,,,,,,0,0,0,0,0,0,0,0,0,0,0,0,0,0,0,0,0,0,0,0,0,0,0,0,0,0,0,0,,,
103N6zbLbn-T0SDh58QYQxcig,2025-09-23 18:41:41.242372 UTC,2025-09-23 18:46:55.466097 UTC,20,2025-09-23T18:41:41+00:00|2025-09-23T18:41:47+00:00|2025-09-23T18:41:57+00:00|2025-09-23T18:42:19+00:00|2025-09-23T18:42:34+00:00|2025-09-23T18:42:51+00:00|2025-09-23T18:43:04+00:00|2025-09-23T18:43:18+00:00|2025-09-23T18:43:46+00:00|2025-09-23T18:43:54+00:00|2025-09-23T18:44:11+00:00|2025-09-23T18:44:30+00:00|2025-09-23T18:44:48+00:00|2025-09-23T18:45:04+00:00|2025-09-23T18:45:31+00:00|2025-09-23T18:45:49+00:00|2025-09-23T18:46:06+00:00|2025-09-23T18:46:30+00:00|2025-09-23T18:46:47+00:00|2025-09-23T18:46:55+00:00,,,,,,,,,,0,0,0,0,0,0,0,0,0,0,0,0,0,0,0,0,0,0,0,0,0,0,0,0,0,0,0,0,,,
33c823f8-92ba-44cc-9a02-b09b4cc45f83,2025-09-23 18:49:44.339985 UTC,2025-09-23 18:50:57.047733 UTC,8,2025-09-23T18:49:44+00:00|2025-09-23T18:49:47+00:00|2025-09-23T18:50:00+00:00|2025-09-23T18:50:03+00:00|2025-09-23T18:50:27+00:00|2025-09-23T18:50:36+00:00|2025-09-23T18:50:47+00:00|2025-09-23T18:50:57+00:00,America/Los_Angeles,,,,,,,,,0,0,0,0,0,0,0,0,0,0,0,0,0,0,0,0,0,0,0,0,0,0,0,0,0,0,0,0,,,
b5362302-04c9-4fcc-b8f8-5c64772a7981,2025-09-23 18:52:27.672734 UTC,2025-09-23 18:52:39.003082 UTC,8,2025-09-23T18:52:27+00:00|2025-09-23T18:52:30+00:00|2025-09-23T18:52:31+00:00|2025-09-23T18:52:32+00:00|2025-09-23T18:52:35+00:00|2025-09-23T18:52:36+00:00|2025-09-23T18:52:38+00:00|2025-09-23T18:52:39+00:00,America/Los_Angeles,,,,,,,,,0,0,0,0,0,0,0,0,0,0,0,0,0,0,0,0,0,0,0,0,0,0,0,0,0,0,0,0,,,
28689ce4-d381-42ea-9f05-26f2bd158bcf,2025-09-23 18:54:09.013671 UTC,2025-09-23 18:54:19.565381 UTC,8,2025-09-23T18:54:09+00:00|2025-09-23T18:54:11+00:00|2025-09-23T18:54:12+00:00|2025-09-23T18:54:13+00:00|2025-09-23T18:54:15+00:00|2025-09-23T18:54:17+00:00|2025-09-23T18:54:18+00:00|2025-09-23T18:54:19+00:00,America/Los_Angeles,,,,,,,,,0,0,0,0,0,0,0,0,0,0,0,0,0,0,0,0,0,0,0,0,0,0,0,0,0,0,0,0,,,
b273017e-e2b5-416c-b10b-bbf5a0b4402a,2025-09-23 18:58:20.131493 UTC,2025-09-23 18:58:34.141466 UTC,8,2025-09-23T18:58:20+00:00|2025-09-23T18:58:22+00:00|2025-09-23T18:58:23+00:00|2025-09-23T18:58:24+00:00|2025-09-23T18:58:30+00:00|2025-09-23T18:58:32+00:00|2025-09-23T18:58:33+00:00|2025-09-23T18:58:34+00:00,America/Los_Angeles,,,,,,,,,0,0,0,0,0,0,0,0,0,0,0,0,0,0,0,0,0,0,0,0,0,0,0,0,0,0,0,0,,,
103wULKOyItTYmdjNmENRxm-g,2025-09-23 18:58:41.109301 UTC,2025-09-23 19:02:36.843036 UTC,21,2025-09-23T18:58:41+00:00|2025-09-23T18:58:46+00:00|2025-09-23T18:58:57+00:00|2025-09-23T18:59:04+00:00|2025-09-23T18:59:23+00:00|2025-09-23T18:59:44+00:00|2025-09-23T19:00:00+00:00|2025-09-23T19:00:17+00:00|2025-09-23T19:00:37+00:00|2025-09-23T19:00:50+00:00|2025-09-23T19:01:14+00:00|2025-09-23T19:01:25+00:00|2025-09-23T19:01:31+00:00|2025-09-23T19:01:43+00:00|2025-09-23T19:01:52+00:00|2025-09-23T19:01:59+00:00|2025-09-23T19:02:06+00:00|2025-09-23T19:02:14+00:00|2025-09-23T19:02:21+00:00|2025-09-23T19:02:30+00:00|2025-09-23T19:02:36+00:00,,false,false,,,false,,,,0,0,0,0,0,0,0,0,0,0,0,0,0,0,0,0,0,0,0,0,0,0,0,0,0,0,0,0,,,
b34a7315-41cf-4ea7-8c92-b2f3dface9a6,2025-09-23 19:00:28.818465 UTC,2025-09-23 19:00:39.384712 UTC,8,2025-09-23T19:00:28+00:00|2025-09-23T19:00:31+00:00|2025-09-23T19:00:32+00:00|2025-09-23T19:00:33+00:00|2025-09-23T19:00:35+00:00|2025-09-23T19:00:37+00:00|2025-09-23T19:00:38+00:00|2025-09-23T19:00:39+00:00,America/Los_Angeles,,,,,,,,,0,0,0,0,0,0,0,0,0,0,0,0,0,0,0,0,0,0,0,0,0,0,0,0,0,0,0,0,,,
081v51Odf8LTWe2GNROx8yshQ,2025-09-23 19:03:08.132606 UTC,2025-09-23 19:06:02.354898 UTC,14,2025-09-23T19:03:08+00:00|2025-09-23T19:03:14+00:00|2025-09-23T19:03:26+00:00|2025-09-23T19:03:45+00:00|2025-09-23T19:04:01+00:00|2025-09-23T19:04:17+00:00|2025-09-23T19:04:31+00:00|2025-09-23T19:04:48+00:00|2025-09-23T19:04:59+00:00|2025-09-23T19:05:11+00:00|2025-09-23T19:05:16+00:00|2025-09-23T19:05:31+00:00|2025-09-23T19:05:49+00:00|2025-09-23T19:06:02+00:00,,false,false,,,false,,,,0,0,0,0,0,0,0,0,0,0,0,0,0,0,0,0,0,0,0,0,0,0,0,0,0,0,0,0,,,
7d7c78da-4624-4342-8927-bc9857cedcc2,2025-09-23 21:10:38.035631 UTC,2025-09-23 21:11:17.598546 UTC,3,2025-09-23T21:10:38+00:00|2025-09-23T21:10:50+00:00|2025-09-23T21:11:17+00:00,America/Los_Angeles,,,,,,,,,0,0,0,0,0,0,0,0,0,0,0,0,0,0,0,0,0,0,0,0,0,0,0,0,0,0,0,0,,,
b66159dd-9dcb-4ebd-85f0-124954fba0f9,2025-09-23 21:13:48.556792 UTC,2025-09-23 21:13:50.606393 UTC,3,2025-09-23T21:13:48+00:00|2025-09-23T21:13:50+00:00|2025-09-23T21:13:50+00:00,America/Los_Angeles,,,,,,,,,0,0,0,0,0,0,0,0,0,0,0,0,0,0,0,0,0,0,0,0,0,0,0,0,0,0,0,0,,,
75cb5514-da9e-4279-acac-84b368a70672,2025-09-23 21:28:29.46189 UTC,2025-09-23 21:28:32.098105 UTC,3,2025-09-23T21:28:29+00:00|2025-09-23T21:28:31+00:00|2025-09-23T21:28:32+00:00,America/Los_Angeles,,,,,,,,,0,0,0,0,0,0,0,0,0,0,0,0,0,0,0,0,0,0,0,0,0,0,0,0,0,0,0,0,,,
e8a9b9ec-dcbb-47f6-bfe7-d0cff41a35c1,2025-09-23 21:28:36.042334 UTC,2025-09-23 21:28:38.23588 UTC,3,2025-09-23T21:28:36+00:00|2025-09-23T21:28:37+00:00|2025-09-23T21:28:38+00:00,America/Los_Angeles,,,,,,,,,0,0,0,0,0,0,0,0,0,0,0,0,0,0,0,0,0,0,0,0,0,0,0,0,0,0,0,0,,,
725d000b-d329-42ec-b186-5e86aa8ab480,2025-09-23 21:35:25.323558 UTC,2025-09-23 21:36:09.326277 UTC,3,2025-09-23T21:35:25+00:00|2025-09-23T21:35:39+00:00|2025-09-23T21:36:09+00:00,America/Los_Angeles,,,,,,,,,0,0,0,0,0,0,0,0,0,0,0,0,0,0,0,0,0,0,0,0,0,0,0,0,0,0,0,0,,,
19f8a0f6-0734-4852-a9a6-2462dba6dc7c,2025-09-23 21:40:02.822731 UTC,2025-09-23 21:40:05.584611 UTC,3,2025-09-23T21:40:02+00:00|2025-09-23T21:40:05+00:00|2025-09-23T21:40:05+00:00,America/Los_Angeles,,,,,,,,,0,0,0,0,0,0,0,0,0,0,0,0,0,0,0,0,0,0,0,0,0,0,0,0,0,0,0,0,,,
f46e9faf-bfd2-4470-8a45-98797f9ba780,2025-09-23 21:59:37.96272 UTC,2025-09-23 21:59:40.388517 UTC,3,2025-09-23T21:59:37+00:00|2025-09-23T21:59:39+00:00|2025-09-23T21:59:40+00:00,America/Los_Angeles,,,,,,,,,0,0,0,0,0,0,0,0,0,0,0,0,0,0,0,0,0,0,0,0,0,0,0,0,0,0,0,0,,,
79c8f208-8d07-4165-b025-8b4ea3fa6a6e,2025-09-23 22:05:52.474543 UTC,2025-09-23 22:05:54.12256 UTC,3,2025-09-23T22:05:52+00:00|2025-09-23T22:05:53+00:00|2025-09-23T22:05:54+00:00,America/Los_Angeles,,,,,,,,,0,0,0,0,0,0,0,0,0,0,0,0,0,0,0,0,0,0,0,0,0,0,0,0,0,0,0,0,,,
bdd142a4-a91b-43cc-8ac8-537437f5f95f,2025-09-23 22:24:12.890544 UTC,2025-09-23 22:24:16.149545 UTC,3,2025-09-23T22:24:12+00:00|2025-09-23T22:24:15+00:00|2025-09-23T22:24:16+00:00,America/Los_Angeles,,,,,,,,,0,0,0,0,0,0,0,0,0,0,0,0,0,0,0,0,0,0,0,0,0,0,0,0,0,0,0,0,,,
94d1c4d9-5521-4362-8f97-9d97ce2b7e6f,2025-09-23 22:25:48.922441 UTC,2025-09-23 22:27:20.120532 UTC,7,2025-09-23T22:25:48+00:00|2025-09-23T22:25:50+00:00|2025-09-23T22:25:50+00:00|2025-09-23T22:26:27+00:00|2025-09-23T22:26:40+00:00|2025-09-23T22:26:45+00:00|2025-09-23T22:27:20+00:00,America/Los_Angeles,,,,,,,,,0,0,0,0,0,0,0,0,0,0,0,0,0,0,0,0,0,0,0,0,0,0,0,0,0,0,0,0,,,
16666314-7c8b-4c26-8ae1-e32823b60a89,2025-09-23 22:32:51.27648 UTC,2025-09-23 22:32:54.338588 UTC,7,2025-09-23T22:32:51+00:00|2025-09-23T22:32:52+00:00|2025-09-23T22:32:53+00:00|2025-09-23T22:32:53+00:00|2025-09-23T22:32:53+00:00|2025-09-23T22:32:54+00:00|2025-09-23T22:32:54+00:00,America/Los_Angeles,,,,,,,,,0,0,0,0,0,0,0,0,0,0,0,0,0,0,0,0,0,0,0,0,0,0,0,0,0,0,0,0,,,
c5d695a1-32c3-4da0-8e9b-187716bc4644,2025-09-23 22:35:18.266252 UTC,2025-09-23 22:35:18.266252 UTC,1,2025-09-23T22:35:18+00:00,America/Los_Angeles,,,,,,,,,0,0,0,0,0,0,0,0,0,0,0,0,0,0,0,0,0,0,0,0,0,0,0,0,0,0,0,0,,,
a3f5610d-85ca-4cfd-b2ba-8b35f3b52072,2025-09-23 22:36:47.173124 UTC,2025-09-23 22:36:57.053912 UTC,2,2025-09-23T22:36:47+00:00|2025-09-23T22:36:57+00:00,America/Los_Angeles,,,,,,,,,0,0,0,0,0,0,0,0,0,0,0,0,0,0,0,0,0,0,0,0,0,0,0,0,0,0,0,0,,,
249f74a9-9ca2-4782-a81f-50a6bf48a514,2025-09-23 22:40:53.92486 UTC,2025-09-23 22:41:12.822729 UTC,4,2025-09-23T22:40:53+00:00|2025-09-23T22:40:57+00:00|2025-09-23T22:41:09+00:00|2025-09-23T22:41:12+00:00,America/Los_Angeles,,,,,,,,,0,0,0,0,0,0,0,0,0,0,0,0,0,0,0,0,0,0,0,0,0,0,0,0,0,0,0,0,,,
065IBoeoeguSryMZlXPIeD2sA,2025-09-24 08:40:17.094977 UTC,2025-09-24 08:41:23.28684 UTC,6,2025-09-24T08:40:17+00:00|2025-09-24T08:40:24+00:00|2025-09-24T08:40:36+00:00|2025-09-24T08:41:01+00:00|2025-09-24T08:41:12+00:00|2025-09-24T08:41:23+00:00,,,,,,,,,,0,0,0,0,0,0,0,0,0,0,0,0,0,0,0,0,0,0,0,0,0,0,0,0,0,0,0,0,,,
081sA6BRqUnROmj68VmxNcpeQ,2025-09-24 08:42:17.795248 UTC,2025-09-24 08:43:46.322037 UTC,8,2025-09-24T08:42:17+00:00|2025-09-24T08:42:23+00:00|2025-09-24T08:42:34+00:00|2025-09-24T08:42:58+00:00|2025-09-24T08:43:09+00:00|2025-09-24T08:43:21+00:00|2025-09-24T08:43:34+00:00|2025-09-24T08:43:46+00:00,,,,,,,,,,0,0,0,0,0,0,0,0,0,0,0,0,0,0,0,0,0,0,0,0,0,0,0,0,0,0,0,0,,,
1033v7sMNwmRReXQokeI1lEDg,2025-09-24 08:51:19.681532 UTC,2025-09-24 08:52:05.295348 UTC,4,2025-09-24T08:51:19+00:00|2025-09-24T08:51:27+00:00|2025-09-24T08:51:36+00:00|2025-09-24T08:52:05+00:00,,false,false,,,false,,,,0,0,0,0,0,0,0,0,0,0,0,0,0,0,0,0,0,0,0,0,0,0,0,0,0,0,0,0,,,
065RlfOf91aT7yDa2Joi5F5JA,2025-09-24 08:56:52.280566 UTC,2025-09-24 08:58:08.20416 UTC,7,2025-09-24T08:56:52+00:00|2025-09-24T08:56:57+00:00|2025-09-24T08:57:07+00:00|2025-09-24T08:57:33+00:00|2025-09-24T08:57:44+00:00|2025-09-24T08:57:52+00:00|2025-09-24T08:58:08+00:00,,,,,,,,,,0,0,0,0,0,0,0,0,0,0,0,0,0,0,0,0,0,0,0,0,0,0,0,0,0,0,0,0,,,
613e3249-966f-4bfa-ac0c-ae2b38da00ba,2025-09-24 08:57:30.495878 UTC,2025-09-24 09:05:44.734025 UTC,4,2025-09-24T08:57:30+00:00|2025-09-24T08:58:14+00:00|2025-09-24T09:02:58+00:00|2025-09-24T09:05:44+00:00,America/Los_Angeles,,,,,,,,,0,0,0,0,0,0,0,0,0,0,0,0,0,0,0,0,0,0,0,0,0,0,0,0,0,0,0,0,,,
3dcb6afd-2a49-4075-b73d-eb15356d9f0a,2025-09-24 09:04:12.698147 UTC,2025-09-24 09:04:49.860103 UTC,3,2025-09-24T09:04:12+00:00|2025-09-24T09:04:19+00:00|2025-09-24T09:04:49+00:00,America/Los_Angeles,,,,,,,,,0,0,0,0,0,0,0,0,0,0,0,0,0,0,0,0,0,0,0,0,0,0,0,0,0,0,0,0,,,
932eef92-6fa3-4ec4-ac13-342197370625,2025-09-24 09:12:02.42302 UTC,2025-09-24 09:13:03.922581 UTC,4,2025-09-24T09:12:02+00:00|2025-09-24T09:12:12+00:00|2025-09-24T09:12:44+00:00|2025-09-24T09:13:03+00:00,America/Los_Angeles,,,,,,,,,0,0,0,0,0,0,0,0,0,0,0,0,0,0,0,0,0,0,0,0,0,0,0,0,0,0,0,0,,,
7f9dceb8-6b77-479c-80db-276e8c7bc40e,2025-09-24 09:16:00.468899 UTC,2025-09-24 09:16:02.887344 UTC,4,2025-09-24T09:16:00+00:00|2025-09-24T09:16:02+00:00|2025-09-24T09:16:02+00:00|2025-09-24T09:16:02+00:00,America/Los_Angeles,,,,,,,,,0,0,0,0,0,0,0,0,0,0,0,0,0,0,0,0,0,0,0,0,0,0,0,0,0,0,0,0,,,
0c7c86a1-fc60-4e0f-85b2-705fd40f425f,2025-09-24 09:24:01.817273 UTC,2025-09-24 09:25:12.617045 UTC,7,2025-09-24T09:24:01+00:00|2025-09-24T09:24:03+00:00|2025-09-24T09:24:04+00:00|2025-09-24T09:24:04+00:00|2025-09-24T09:24:21+00:00|2025-09-24T09:24:56+00:00|2025-09-24T09:25:12+00:00,America/Los_Angeles,,,,,,,,,0,0,0,0,0,0,0,0,0,0,0,0,0,0,0,0,0,0,0,0,0,0,0,0,0,0,0,0,,,
ceac5a43-0e4a-48e0-9ad9-6e51d986abe2,2025-09-24 09:25:59.365835 UTC,2025-09-24 09:28:37.328484 UTC,6,2025-09-24T09:25:59+00:00|2025-09-24T09:26:05+00:00|2025-09-24T09:26:35+00:00|2025-09-24T09:28:19+00:00|2025-09-24T09:28:34+00:00|2025-09-24T09:28:37+00:00,America/Los_Angeles,,,,,,,,,0,0,0,0,0,0,0,0,0,0,0,0,0,0,0,0,0,0,0,0,0,0,0,0,0,0,0,0,,,
8dfeb2c9-e71d-44bf-b27f-cb3306abf22e,2025-09-24 09:28:50.836837 UTC,2025-09-24 09:31:57.197239 UTC,6,2025-09-24T09:28:50+00:00|2025-09-24T09:28:55+00:00|2025-09-24T09:29:13+00:00|2025-09-24T09:29:40+00:00|2025-09-24T09:31:34+00:00|2025-09-24T09:31:57+00:00,America/Los_Angeles,,,,,,,,,0,0,0,0,0,0,0,0,0,0,0,0,0,0,0,0,0,0,0,0,0,0,0,0,0,0,0,0,,,
0653rxzaU2rSbygDoyz0e19DA,2025-09-24 10:08:02.616673 UTC,2025-09-24 10:09:43.149986 UTC,8,2025-09-24T10:08:02+00:00|2025-09-24T10:08:07+00:00|2025-09-24T10:08:20+00:00|2025-09-24T10:08:38+00:00|2025-09-24T10:08:55+00:00|2025-09-24T10:09:14+00:00|2025-09-24T10:09:32+00:00|2025-09-24T10:09:43+00:00,,false,false,,,false,,,,0,0,0,0,0,0,0,0,0,0,0,0,0,0,0,0,0,0,0,0,0,0,0,0,0,0,0,0,,,
081Zc3vMah6Sx-Oajgea99_mQ,2025-09-24 10:17:34.191219 UTC,2025-09-24 10:19:18.697957 UTC,9,2025-09-24T10:17:34+00:00|2025-09-24T10:17:37+00:00|2025-09-24T10:17:49+00:00|2025-09-24T10:18:09+00:00|2025-09-24T10:18:15+00:00|2025-09-24T10:18:32+00:00|2025-09-24T10:18:50+00:00|2025-09-24T10:19:11+00:00|2025-09-24T10:19:18+00:00,,,,,,,,,,0,0,0,0,0,0,0,0,0,0,0,0,0,0,0,0,0,0,0,0,0,0,0,0,0,0,0,0,,,
065WxMXq76JSiqEXqBbfMJ6aA,2025-09-24 10:19:56.042226 UTC,2025-09-24 10:21:25.641056 UTC,7,2025-09-24T10:19:56+00:00|2025-09-24T10:20:00+00:00|2025-09-24T10:20:11+00:00|2025-09-24T10:20:33+00:00|2025-09-24T10:20:53+00:00|2025-09-24T10:21:12+00:00|2025-09-24T10:21:25+00:00,,,,,,,,,,0,0,0,0,0,0,0,0,0,0,0,0,0,0,0,0,0,0,0,0,0,0,0,0,0,0,0,0,,,
119-t3AetfmSwaYSDOu4absEw,2025-09-24 10:21:52.373016 UTC,2025-09-24 10:25:11.982064 UTC,12,2025-09-24T10:21:52+00:00|2025-09-24T10:21:55+00:00|2025-09-24T10:22:07+00:00|2025-09-24T10:22:23+00:00|2025-09-24T10:22:38+00:00|2025-09-24T10:23:03+00:00|2025-09-24T10:23:22+00:00|2025-09-24T10:23:42+00:00|2025-09-24T10:24:07+00:00|2025-09-24T10:24:28+00:00|2025-09-24T10:24:49+00:00|2025-09-24T10:25:11+00:00,,,,,,,,,,0,0,0,0,0,0,0,0,0,0,0,0,0,0,0,0,0,0,0,0,0,0,0,0,0,0,0,0,,,
103YsQjRjqxSJe2UHHPQGVvMg,2025-09-24 10:54:57.955805 UTC,2025-09-24 10:59:15.691076 UTC,19,2025-09-24T10:54:57+00:00|2025-09-24T10:55:03+00:00|2025-09-24T10:55:14+00:00|2025-09-24T10:55:32+00:00|2025-09-24T10:55:47+00:00|2025-09-24T10:56:06+00:00|2025-09-24T10:56:24+00:00|2025-09-24T10:56:48+00:00|2025-09-24T10:57:03+00:00|2025-09-24T10:57:14+00:00|2025-09-24T10:57:23+00:00|2025-09-24T10:57:36+00:00|2025-09-24T10:57:44+00:00|2025-09-24T10:57:52+00:00|2025-09-24T10:58:02+00:00|2025-09-24T10:58:21+00:00|2025-09-24T10:58:34+00:00|2025-09-24T10:58:51+00:00|2025-09-24T10:59:15+00:00,,,,,,,,,,0,0,0,0,0,0,0,0,0,0,0,0,0,0,0,0,0,0,0,0,0,0,0,0,0,0,0,0,,,
103M-0KVNGlSwW41NkqTiTPEg,2025-09-24 11:25:24.604747 UTC,2025-09-24 11:28:15.908615 UTC,13,2025-09-24T11:25:24+00:00|2025-09-24T11:25:28+00:00|2025-09-24T11:25:39+00:00|2025-09-24T11:25:56+00:00|2025-09-24T11:26:13+00:00|2025-09-24T11:26:27+00:00|2025-09-24T11:26:44+00:00|2025-09-24T11:27:04+00:00|2025-09-24T11:27:17+00:00|2025-09-24T11:27:35+00:00|2025-09-24T11:27:52+00:00|2025-09-24T11:28:07+00:00|2025-09-24T11:28:15+00:00,,,,,,,,,,0,0,0,0,0,0,0,0,0,0,0,0,0,0,0,0,0,0,0,0,0,0,0,0,0,0,0,0,,,
103IoDCcD54SCW7GiClQGoOFg,2025-09-24 11:35:52.558316 UTC,2025-09-24 11:38:56.830235 UTC,15,2025-09-24T11:35:52+00:00|2025-09-24T11:35:56+00:00|2025-09-24T11:36:07+00:00|2025-09-24T11:36:25+00:00|2025-09-24T11:36:42+00:00|2025-09-24T11:37:00+00:00|2025-09-24T11:37:18+00:00|2025-09-24T11:37:31+00:00|2025-09-24T11:37:49+00:00|2025-09-24T11:38:05+00:00|2025-09-24T11:38:26+00:00|2025-09-24T11:38:35+00:00|2025-09-24T11:38:44+00:00|2025-09-24T11:38:49+00:00|2025-09-24T11:38:56+00:00,,false,false,,,false,,,,0,0,0,0,0,0,0,0,0,0,0,0,0,0,0,0,0,0,0,0,0,0,0,0,0,0,0,0,,,
1035Vq3HnupTBaqT-rdXZv4ng,2025-09-24 11:59:38.687035 UTC,2025-09-24 12:02:10.899329 UTC,12,2025-09-24T11:59:38+00:00|2025-09-24T11:59:42+00:00|2025-09-24T11:59:52+00:00|2025-09-24T12:00:15+00:00|2025-09-24T12:00:29+00:00|2025-09-24T12:00:47+00:00|2025-09-24T12:01:04+00:00|2025-09-24T12:01:21+00:00|2025-09-24T12:01:38+00:00|2025-09-24T12:01:50+00:00|2025-09-24T12:01:54+00:00|2025-09-24T12:02:10+00:00,,,,,,,,,,0,0,0,0,0,0,0,0,0,0,0,0,0,0,0,0,0,0,0,0,0,0,0,0,0,0,0,0,,,
065fx3xuUhORwqU_IrnVbwgdA,2025-09-24 12:17:11.247325 UTC,2025-09-24 12:18:08.449155 UTC,5,2025-09-24T12:17:11+00:00|2025-09-24T12:17:15+00:00|2025-09-24T12:17:27+00:00|2025-09-24T12:17:47+00:00|2025-09-24T12:18:08+00:00,,,,,,,,,,0,0,0,0,0,0,0,0,0,0,0,0,0,0,0,0,0,0,0,0,0,0,0,0,0,0,0,0,,,
103kEpeAV5_ReuqH3edJRVyVg,2025-09-24 12:20:38.415731 UTC,2025-09-24 12:20:53.907276 UTC,3,2025-09-24T12:20:38+00:00|2025-09-24T12:20:42+00:00|2025-09-24T12:20:53+00:00,,,,,,,,,,0,0,0,0,0,0,0,0,0,0,0,0,0,0,0,0,0,0,0,0,0,0,0,0,0,0,0,0,,,
065d78GapPOQ0iKcdt2K-Pl9A,2025-09-24 12:26:22.036948 UTC,2025-09-24 12:27:42.573877 UTC,6,2025-09-24T12:26:22+00:00|2025-09-24T12:26:25+00:00|2025-09-24T12:26:35+00:00|2025-09-24T12:26:58+00:00|2025-09-24T12:27:15+00:00|2025-09-24T12:27:42+00:00,,,,,,,,,,0,0,0,0,0,0,0,0,0,0,0,0,0,0,0,0,0,0,0,0,0,0,0,0,0,0,0,0,,,
065qkFZa4jXS2Sasph2N1p4BA,2025-09-24 12:39:38.116382 UTC,2025-09-24 12:40:16.496059 UTC,5,2025-09-24T12:39:38+00:00|2025-09-24T12:39:41+00:00|2025-09-24T12:39:53+00:00|2025-09-24T12:40:12+00:00|2025-09-24T12:40:16+00:00,,,,,,,,,,0,0,0,0,0,0,0,0,0,0,0,0,0,0,0,0,0,0,0,0,0,0,0,0,0,0,0,0,,,
119lPRJTiuOTNebjG_ffi1ehw,2025-09-24 12:42:15.871261 UTC,2025-09-24 12:43:05.780448 UTC,5,2025-09-24T12:42:15+00:00|2025-09-24T12:42:19+00:00|2025-09-24T12:42:31+00:00|2025-09-24T12:42:49+00:00|2025-09-24T12:43:05+00:00,,,,,,,,,,0,0,0,0,0,0,0,0,0,0,0,0,0,0,0,0,0,0,0,0,0,0,0,0,0,0,0,0,,,
0810-IE19OVQ9e9-0zNIG8uKQ,2025-09-24 12:45:35.745992 UTC,2025-09-24 12:46:41.805581 UTC,6,2025-09-24T12:45:35+00:00|2025-09-24T12:45:40+00:00|2025-09-24T12:45:51+00:00|2025-09-24T12:46:09+00:00|2025-09-24T12:46:23+00:00|2025-09-24T12:46:41+00:00,,,,,,,,,,0,0,0,0,0,0,0,0,0,0,0,0,0,0,0,0,0,0,0,0,0,0,0,0,0,0,0,0,,,
103XwGLCWQ1QpSuNHt4NkSHUg,2025-09-24 12:50:07.128775 UTC,2025-09-24 12:51:29.876335 UTC,7,2025-09-24T12:50:07+00:00|2025-09-24T12:50:10+00:00|2025-09-24T12:50:23+00:00|2025-09-24T12:50:39+00:00|2025-09-24T12:50:56+00:00|2025-09-24T12:51:10+00:00|2025-09-24T12:51:29+00:00,,,,,,,,,,0,0,0,0,0,0,0,0,0,0,0,0,0,0,0,0,0,0,0,0,0,0,0,0,0,0,0,0,,,
065FMtni3EDTceglQqhnQ58IA,2025-09-24 14:21:22.728664 UTC,2025-09-24 14:23:03.813314 UTC,8,2025-09-24T14:21:22+00:00|2025-09-24T14:21:26+00:00|2025-09-24T14:21:39+00:00|2025-09-24T14:22:03+00:00|2025-09-24T14:22:16+00:00|2025-09-24T14:22:37+00:00|2025-09-24T14:22:55+00:00|2025-09-24T14:23:03+00:00,,,,,,,,,,0,0,0,0,0,0,0,0,0,0,0,0,0,0,0,0,0,0,0,0,0,0,0,0,0,0,0,0,,,
103VUppsC2_QLOQHa1zVUdMjg,2025-09-24 14:26:23.355233 UTC,2025-09-24 14:28:36.390296 UTC,10,2025-09-24T14:26:23+00:00|2025-09-24T14:26:27+00:00|2025-09-24T14:26:39+00:00|2025-09-24T14:27:06+00:00|2025-09-24T14:27:25+00:00|2025-09-24T14:27:43+00:00|2025-09-24T14:27:50+00:00|2025-09-24T14:27:59+00:00|2025-09-24T14:28:18+00:00|2025-09-24T14:28:36+00:00,,,,,,,,,,0,0,0,0,0,0,0,0,0,0,0,0,0,0,0,0,0,0,0,0,0,0,0,0,0,0,0,0,,,
065OllD3UBBTXmmoSSyq9UixA,2025-09-24 14:29:19.447791 UTC,2025-09-24 14:30:59.173217 UTC,8,2025-09-24T14:29:19+00:00|2025-09-24T14:29:23+00:00|2025-09-24T14:29:36+00:00|2025-09-24T14:29:55+00:00|2025-09-24T14:30:10+00:00|2025-09-24T14:30:29+00:00|2025-09-24T14:30:48+00:00|2025-09-24T14:30:59+00:00,,,,,,,,,,0,0,0,0,0,0,0,0,0,0,0,0,0,0,0,0,0,0,0,0,0,0,0,0,0,0,0,0,,,
07f2c4ed-9c06-4742-8d97-f4e5ea3a6364,2025-09-24 14:34:00.895922 UTC,2025-09-24 14:37:02.236709 UTC,14,2025-09-24T14:34:00+00:00|2025-09-24T14:34:06+00:00|2025-09-24T14:34:24+00:00|2025-09-24T14:35:23+00:00|2025-09-24T14:35:35+00:00|2025-09-24T14:35:45+00:00|2025-09-24T14:35:54+00:00|2025-09-24T14:36:00+00:00|2025-09-24T14:36:10+00:00|2025-09-24T14:36:21+00:00|2025-09-24T14:36:52+00:00|2025-09-24T14:36:56+00:00|2025-09-24T14:36:59+00:00|2025-09-24T14:37:02+00:00,America/Los_Angeles,,,,,,,,,0,0,0,0,0,0,0,0,0,0,0,0,0,0,0,0,0,0,0,0,0,0,0,0,0,0,0,0,,,
065dc2BmybmQliSelusinulRA,2025-09-24 14:35:02.1468 UTC,2025-09-24 14:38:04.899889 UTC,26,2025-09-24T14:35:02+00:00|2025-09-24T14:35:05+00:00|2025-09-24T14:35:17+00:00|2025-09-24T14:35:41+00:00|2025-09-24T14:35:58+00:00|2025-09-24T14:36:13+00:00|2025-09-24T14:36:22+00:00|2025-09-24T14:36:37+00:00|2025-09-24T14:36:42+00:00|2025-09-24T14:36:48+00:00|2025-09-24T14:36:53+00:00|2025-09-24T14:36:58+00:00|2025-09-24T14:37:03+00:00|2025-09-24T14:37:08+00:00|2025-09-24T14:37:14+00:00|2025-09-24T14:37:19+00:00|2025-09-24T14:37:24+00:00|2025-09-24T14:37:29+00:00|2025-09-24T14:37:32+00:00|2025-09-24T14:37:37+00:00|2025-09-24T14:37:42+00:00|2025-09-24T14:37:47+00:00|2025-09-24T14:37:50+00:00|2025-09-24T14:37:56+00:00|2025-09-24T14:38:01+00:00|2025-09-24T14:38:04+00:00,,,,,,,,,,0,0,0,0,0,0,0,0,0,0,0,0,0,0,0,0,0,0,0,0,0,0,0,0,0,0,0,0,,,
71d2b25b-d3c3-480e-8838-265278749d2f,2025-09-24 14:41:48.985552 UTC,2025-09-24 14:49:12.66859 UTC,10,2025-09-24T14:41:48+00:00|2025-09-24T14:41:53+00:00|2025-09-24T14:41:55+00:00|2025-09-24T14:42:04+00:00|2025-09-24T14:42:07+00:00|2025-09-24T14:42:16+00:00|2025-09-24T14:42:22+00:00|2025-09-24T14:42:29+00:00|2025-09-24T14:48:21+00:00|2025-09-24T14:49:12+00:00,America/Los_Angeles,,,,,,,,,0,0,0,0,0,0,0,0,0,0,0,0,0,0,0,0,0,0,0,0,0,0,0,0,0,0,0,0,,,
10394yzTIZ4SL2dehGh6a1khg,2025-09-24 14:45:15.730961 UTC,2025-09-24 14:47:35.314821 UTC,10,2025-09-24T14:45:15+00:00|2025-09-24T14:45:19+00:00|2025-09-24T14:45:31+00:00|2025-09-24T14:45:52+00:00|2025-09-24T14:46:07+00:00|2025-09-24T14:46:25+00:00|2025-09-24T14:46:43+00:00|2025-09-24T14:47:00+00:00|2025-09-24T14:47:22+00:00|2025-09-24T14:47:35+00:00,,,,,,,,,,0,0,0,0,0,0,0,0,0,0,0,0,0,0,0,0,0,0,0,0,0,0,0,0,0,0,0,0,,,
103UEIap70kRryTBK2l2JMVRg,2025-09-24 14:48:02.70344 UTC,2025-09-24 14:49:50.561473 UTC,8,2025-09-24T14:48:02+00:00|2025-09-24T14:48:06+00:00|2025-09-24T14:48:18+00:00|2025-09-24T14:48:35+00:00|2025-09-24T14:49:06+00:00|2025-09-24T14:49:28+00:00|2025-09-24T14:49:38+00:00|2025-09-24T14:49:50+00:00,,,,,,,,,,0,0,0,0,0,0,0,0,0,0,0,0,0,0,0,0,0,0,0,0,0,0,0,0,0,0,0,0,,,
0813kSLvveqQ5S6gyLK0_9nsQ,2025-09-24 14:57:59.681262 UTC,2025-09-24 14:59:39.11104 UTC,9,2025-09-24T14:57:59+00:00|2025-09-24T14:58:03+00:00|2025-09-24T14:58:15+00:00|2025-09-24T14:58:19+00:00|2025-09-24T14:58:32+00:00|2025-09-24T14:58:47+00:00|2025-09-24T14:59:03+00:00|2025-09-24T14:59:22+00:00|2025-09-24T14:59:39+00:00,,,,,,,,,,0,0,0,0,0,0,0,0,0,0,0,0,0,0,0,0,0,0,0,0,0,0,0,0,0,0,0,0,,,
103uULWRokHQiyssHI8mNGdIg,2025-09-24 14:59:57.683605 UTC,2025-09-24 14:59:57.683605 UTC,1,2025-09-24T14:59:57+00:00,,,,,,,,,,0,0,0,0,0,0,0,0,0,0,0,0,0,0,0,0,0,0,0,0,0,0,0,0,0,0,0,0,,,
0658jCWO9_8RvGsx6PSujCopA,2025-09-24 15:26:09.993329 UTC,2025-09-24 15:29:22.905586 UTC,12,2025-09-24T15:26:09+00:00|2025-09-24T15:26:14+00:00|2025-09-24T15:26:28+00:00|2025-09-24T15:26:56+00:00|2025-09-24T15:27:12+00:00|2025-09-24T15:27:28+00:00|2025-09-24T15:27:44+00:00|2025-09-24T15:28:07+00:00|2025-09-24T15:28:19+00:00|2025-09-24T15:28:27+00:00|2025-09-24T15:28:55+00:00|2025-09-24T15:29:22+00:00,,,,,,,,,,0,0,0,0,0,0,0,0,0,0,0,0,0,0,0,0,0,0,0,0,0,0,0,0,0,0,0,0,,,
9ec0c8d3-f13f-431c-b374-a0c08f35997d,2025-09-24 15:33:47.801505 UTC,2025-09-24 15:34:42.723165 UTC,12,2025-09-24T15:33:47+00:00|2025-09-24T15:33:56+00:00|2025-09-24T15:33:58+00:00|2025-09-24T15:34:00+00:00|2025-09-24T15:34:04+00:00|2025-09-24T15:34:06+00:00|2025-09-24T15:34:08+00:00|2025-09-24T15:34:22+00:00|2025-09-24T15:34:25+00:00|2025-09-24T15:34:36+00:00|2025-09-24T15:34:39+00:00|2025-09-24T15:34:42+00:00,America/Los_Angeles,,,,,,,,,0,0,0,0,0,0,0,0,0,0,0,0,0,0,0,0,0,0,0,0,0,0,0,0,0,0,0,0,,,
0655tXPg69USW-vj31Zpn7jWA,2025-09-24 15:43:36.088212 UTC,2025-09-24 15:45:03.282063 UTC,8,2025-09-24T15:43:36+00:00|2025-09-24T15:43:40+00:00|2025-09-24T15:43:52+00:00|2025-09-24T15:44:09+00:00|2025-09-24T15:44:18+00:00|2025-09-24T15:44:38+00:00|2025-09-24T15:44:49+00:00|2025-09-24T15:45:03+00:00,,,,,,,,,,0,0,0,0,0,0,0,0,0,0,0,0,0,0,0,0,0,0,0,0,0,0,0,0,0,0,0,0,,,
8cf12a71-889b-40a4-8a7b-bb55d7235764,2025-09-24 15:46:44.532406 UTC,2025-09-24 15:47:06.523672 UTC,3,2025-09-24T15:46:44+00:00|2025-09-24T15:46:56+00:00|2025-09-24T15:47:06+00:00,America/Los_Angeles,,,,,,,,,0,0,0,0,0,0,0,0,0,0,0,0,0,0,0,0,0,0,0,0,0,0,0,0,0,0,0,0,,,
0656Fjz_DwsSgatFga3Cqnd5A,2025-09-24 16:04:54.486907 UTC,2025-09-24 16:06:40.592609 UTC,7,2025-09-24T16:04:54+00:00|2025-09-24T16:04:59+00:00|2025-09-24T16:05:06+00:00|2025-09-24T16:05:37+00:00|2025-09-24T16:05:59+00:00|2025-09-24T16:06:18+00:00|2025-09-24T16:06:40+00:00,,,,,,,,,,0,0,0,0,0,0,0,0,0,0,0,0,0,0,0,0,0,0,0,0,0,0,0,0,0,0,0,0,,,
61600865-be00-4430-8205-f0ed3c34b268,2025-09-24 16:07:19.867179 UTC,2025-09-24 16:09:16.591612 UTC,10,2025-09-24T16:07:19+00:00|2025-09-24T16:07:26+00:00|2025-09-24T16:08:15+00:00|2025-09-24T16:08:21+00:00|2025-09-24T16:08:34+00:00|2025-09-24T16:08:41+00:00|2025-09-24T16:08:51+00:00|2025-09-24T16:08:57+00:00|2025-09-24T16:09:07+00:00|2025-09-24T16:09:16+00:00,America/Los_Angeles,,,,,,,,,0,0,0,0,0,0,0,0,0,0,0,0,0,0,0,0,0,0,0,0,0,0,0,0,0,0,0,0,,,
0582f019-a78d-4e1e-86ad-6bb5b31e0d1c,2025-09-24 16:10:35.596355 UTC,2025-09-24 16:13:14.412036 UTC,10,2025-09-24T16:10:35+00:00|2025-09-24T16:10:44+00:00|2025-09-24T16:11:26+00:00|2025-09-24T16:11:33+00:00|2025-09-24T16:11:50+00:00|2025-09-24T16:12:04+00:00|2025-09-24T16:12:11+00:00|2025-09-24T16:12:16+00:00|2025-09-24T16:12:56+00:00|2025-09-24T16:13:14+00:00,America/Los_Angeles,,,,,,,,,0,0,0,0,0,0,0,0,0,0,0,0,0,0,0,0,0,0,0,0,0,0,0,0,0,0,0,0,,,
081K9RzuuLhSNOgJP8mOFzw7Q,2025-09-24 16:11:03.725107 UTC,2025-09-24 16:11:27.805587 UTC,5,2025-09-24T16:11:03+00:00|2025-09-24T16:11:07+00:00|2025-09-24T16:11:13+00:00|2025-09-24T16:11:22+00:00|2025-09-24T16:11:27+00:00,,,,,,,,,,0,0,0,0,0,0,0,0,0,0,0,0,0,0,0,0,0,0,0,0,0,0,0,0,0,0,0,0,,,
3cfbde56-4b2e-4dfd-907a-d17a90325aa3,2025-09-24 16:13:27.431971 UTC,2025-09-24 16:15:19.595222 UTC,10,2025-09-24T16:13:27+00:00|2025-09-24T16:13:34+00:00|2025-09-24T16:14:09+00:00|2025-09-24T16:14:17+00:00|2025-09-24T16:14:26+00:00|2025-09-24T16:14:36+00:00|2025-09-24T16:14:46+00:00|2025-09-24T16:14:54+00:00|2025-09-24T16:15:05+00:00|2025-09-24T16:15:19+00:00,America/Los_Angeles,,,,,,,,,0,0,0,0,0,0,0,0,0,0,0,0,0,0,0,0,0,0,0,0,0,0,0,0,0,0,0,0,,,
065CeAi5QOeTNaby0W9t9QElA,2025-09-24 16:32:09.019596 UTC,2025-09-24 16:33:31.089022 UTC,6,2025-09-24T16:32:09+00:00|2025-09-24T16:32:15+00:00|2025-09-24T16:32:27+00:00|2025-09-24T16:32:47+00:00|2025-09-24T16:33:08+00:00|2025-09-24T16:33:31+00:00,,,,,,,,,,0,0,0,0,0,0,0,0,0,0,0,0,0,0,0,0,0,0,0,0,0,0,0,0,0,0,0,0,,,
103-8xmfd4vR1CxTjMthdtgPg,2025-09-24 16:34:13.99446 UTC,2025-09-24 16:37:53.860325 UTC,15,2025-09-24T16:34:13+00:00|2025-09-24T16:34:19+00:00|2025-09-24T16:34:32+00:00|2025-09-24T16:34:54+00:00|2025-09-24T16:35:12+00:00|2025-09-24T16:35:34+00:00|2025-09-24T16:35:45+00:00|2025-09-24T16:36:02+00:00|2025-09-24T16:36:22+00:00|2025-09-24T16:36:40+00:00|2025-09-24T16:36:58+00:00|2025-09-24T16:37:07+00:00|2025-09-24T16:37:25+00:00|2025-09-24T16:37:42+00:00|2025-09-24T16:37:53+00:00,,,,,,,,,,0,0,0,0,0,0,0,0,0,0,0,0,0,0,0,0,0,0,0,0,0,0,0,0,0,0,0,0,,,
5a9defe8-8fc3-40a8-a25f-0dbbffe91da1,2025-09-24 16:35:05.605073 UTC,2025-09-24 16:36:33.067881 UTC,5,2025-09-24T16:35:05+00:00|2025-09-24T16:35:28+00:00|2025-09-24T16:35:39+00:00|2025-09-24T16:36:07+00:00|2025-09-24T16:36:33+00:00,America/Los_Angeles,,,,,,,,,0,0,0,0,0,0,0,0,0,0,0,0,0,0,0,0,0,0,0,0,0,0,0,0,0,0,0,0,,,
1ac06872-97d6-4609-91a9-3b78296db696,2025-09-24 16:36:51.683201 UTC,2025-09-24 16:37:05.709366 UTC,2,2025-09-24T16:36:51+00:00|2025-09-24T16:37:05+00:00,America/Los_Angeles,,,,,,,,,0,0,0,0,0,0,0,0,0,0,0,0,0,0,0,0,0,0,0,0,0,0,0,0,0,0,0,0,,,
119nFTTtG3sSbCRZkSn0ZSUkw,2025-09-24 16:39:43.802114 UTC,2025-09-24 16:41:38.320117 UTC,8,2025-09-24T16:39:43+00:00|2025-09-24T16:39:47+00:00|2025-09-24T16:39:58+00:00|2025-09-24T16:40:19+00:00|2025-09-24T16:40:36+00:00|2025-09-24T16:40:49+00:00|2025-09-24T16:41:04+00:00|2025-09-24T16:41:38+00:00,,,,,,,,,,0,0,0,0,0,0,0,0,0,0,0,0,0,0,0,0,0,0,0,0,0,0,0,0,0,0,0,0,,,
f29b2b55-c973-4796-97f1-de948d2cd16c,2025-09-24 16:39:47.362384 UTC,2025-09-24 16:40:47.633395 UTC,3,2025-09-24T16:39:47+00:00|2025-09-24T16:40:31+00:00|2025-09-24T16:40:47+00:00,America/Los_Angeles,,,,,,,,,0,0,0,0,0,0,0,0,0,0,0,0,0,0,0,0,0,0,0,0,0,0,0,0,0,0,0,0,,,
103LyIsu3YPT06fZ-ZfShkCYg,2025-09-24 16:40:52.327878 UTC,2025-09-24 16:42:03.239814 UTC,6,2025-09-24T16:40:52+00:00|2025-09-24T16:40:57+00:00|2025-09-24T16:41:10+00:00|2025-09-24T16:41:27+00:00|2025-09-24T16:41:43+00:00|2025-09-24T16:42:03+00:00,,,,,,,,,,0,0,0,0,0,0,0,0,0,0,0,0,0,0,0,0,0,0,0,0,0,0,0,0,0,0,0,0,,,
081PQFz2hPaQYaEgK0xDe5-0Q,2025-09-24 16:44:40.943603 UTC,2025-09-24 16:46:58.800783 UTC,12,2025-09-24T16:44:40+00:00|2025-09-24T16:44:45+00:00|2025-09-24T16:44:57+00:00|2025-09-24T16:45:03+00:00|2025-09-24T16:45:07+00:00|2025-09-24T16:45:24+00:00|2025-09-24T16:45:41+00:00|2025-09-24T16:45:54+00:00|2025-09-24T16:46:17+00:00|2025-09-24T16:46:30+00:00|2025-09-24T16:46:36+00:00|2025-09-24T16:46:58+00:00,,,,,,,,,,0,0,0,0,0,0,0,0,0,0,0,0,0,0,0,0,0,0,0,0,0,0,0,0,0,0,0,0,,,
065wGhl6Vn_RXivJTp0ujAerA,2025-09-24 16:55:25.538714 UTC,2025-09-24 16:57:00.662821 UTC,7,2025-09-24T16:55:25+00:00|2025-09-24T16:55:31+00:00|2025-09-24T16:55:43+00:00|2025-09-24T16:55:59+00:00|2025-09-24T16:56:15+00:00|2025-09-24T16:56:28+00:00|2025-09-24T16:57:00+00:00,,,,,,,,,,0,0,0,0,0,0,0,0,0,0,0,0,0,0,0,0,0,0,0,0,0,0,0,0,0,0,0,0,,,
0816jD-yj2dRFCMOlt8NgWBiQ,2025-09-24 17:00:07.64402 UTC,2025-09-24 17:01:52.155303 UTC,7,2025-09-24T17:00:07+00:00|2025-09-24T17:00:11+00:00|2025-09-24T17:00:22+00:00|2025-09-24T17:00:44+00:00|2025-09-24T17:01:00+00:00|2025-09-24T17:01:24+00:00|2025-09-24T17:01:52+00:00,,,,,,,,,,0,0,0,0,0,0,0,0,0,0,0,0,0,0,0,0,0,0,0,0,0,0,0,0,0,0,0,0,,,
0814UVLsih2QHKK5AofIrJGPQ,2025-09-24 17:10:26.432162 UTC,2025-09-24 17:13:29.955697 UTC,17,2025-09-24T17:10:26+00:00|2025-09-24T17:10:29+00:00|2025-09-24T17:10:41+00:00|2025-09-24T17:10:55+00:00|2025-09-24T17:11:02+00:00|2025-09-24T17:11:16+00:00|2025-09-24T17:11:35+00:00|2025-09-24T17:11:47+00:00|2025-09-24T17:11:51+00:00|2025-09-24T17:12:01+00:00|2025-09-24T17:12:18+00:00|2025-09-24T17:12:34+00:00|2025-09-24T17:12:48+00:00|2025-09-24T17:12:51+00:00|2025-09-24T17:13:03+00:00|2025-09-24T17:13:14+00:00|2025-09-24T17:13:29+00:00,,,,,,,,,,0,0,0,0,0,0,0,0,0,0,0,0,0,0,0,0,0,0,0,0,0,0,0,0,0,0,0,0,,,
dde4f43b-3eaa-4346-9716-3d12c9d116de,2025-09-24 17:54:55.186815 UTC,2025-09-24 17:55:16.222738 UTC,3,2025-09-24T17:54:55+00:00|2025-09-24T17:55:02+00:00|2025-09-24T17:55:16+00:00,America/Los_Angeles,,,,,,,,,0,0,0,0,0,0,0,0,0,0,0,0,0,0,0,0,0,0,0,0,0,0,0,0,0,0,0,0,,,
119rirL0MGwSxe8Mi9vpguzPw,2025-09-24 18:57:56.995955 UTC,2025-09-24 18:58:54.757366 UTC,5,2025-09-24T18:57:56+00:00|2025-09-24T18:58:01+00:00|2025-09-24T18:58:12+00:00|2025-09-24T18:58:38+00:00|2025-09-24T18:58:54+00:00,,,,,,,,,,0,0,0,0,0,0,0,0,0,0,0,0,0,0,0,0,0,0,0,0,0,0,0,0,0,0,0,0,,,
065TzfrsOruTEq3ETx6CyxeBA,2025-09-24 18:59:57.547661 UTC,2025-09-24 19:01:17.158711 UTC,6,2025-09-24T18:59:57+00:00|2025-09-24T19:00:01+00:00|2025-09-24T19:00:12+00:00|2025-09-24T19:00:39+00:00|2025-09-24T19:00:56+00:00|2025-09-24T19:01:17+00:00,,false,false,,,false,,,,0,0,0,0,0,0,0,0,0,0,0,0,0,0,0,0,0,0,0,0,0,0,0,0,0,0,0,0,,,
1198dpE3rvNQAacpixO4Cm9Nw,2025-09-24 19:07:06.010463 UTC,2025-09-24 19:07:58.185218 UTC,5,2025-09-24T19:07:06+00:00|2025-09-24T19:07:11+00:00|2025-09-24T19:07:24+00:00|2025-09-24T19:07:42+00:00|2025-09-24T19:07:58+00:00,,,,,,,,,,0,0,0,0,0,0,0,0,0,0,0,0,0,0,0,0,0,0,0,0,0,0,0,0,0,0,0,0,,,
065_CJ38VQvRpmMenFcAXP3DA,2025-09-24 19:08:39.520101 UTC,2025-09-24 19:09:51.453879 UTC,6,2025-09-24T19:08:39+00:00|2025-09-24T19:08:43+00:00|2025-09-24T19:08:54+00:00|2025-09-24T19:09:16+00:00|2025-09-24T19:09:32+00:00|2025-09-24T19:09:51+00:00,,,,,,,,,,0,0,0,0,0,0,0,0,0,0,0,0,0,0,0,0,0,0,0,0,0,0,0,0,0,0,0,0,,,
b55e2017-e18c-430a-8451-f621d29afdc5,2025-09-24 20:11:34.676893 UTC,2025-09-24 20:23:05.16336 UTC,5,2025-09-24T20:11:34+00:00|2025-09-24T20:13:09+00:00|2025-09-24T20:20:51+00:00|2025-09-24T20:22:30+00:00|2025-09-24T20:23:05+00:00,America/Los_Angeles,,,,,,,,,0,0,0,0,0,0,0,0,0,0,0,0,0,0,0,0,0,0,0,0,0,0,0,0,0,0,0,0,,,
a8e2fbe3-a14e-4f9b-8e38-1d450a23adee,2025-09-24 20:24:02.119301 UTC,2025-09-24 20:25:34.792062 UTC,4,2025-09-24T20:24:02+00:00|2025-09-24T20:24:12+00:00|2025-09-24T20:24:32+00:00|2025-09-24T20:25:34+00:00,America/Los_Angeles,,,,,,,,,0,0,0,0,0,0,0,0,0,0,0,0,0,0,0,0,0,0,0,0,0,0,0,0,0,0,0,0,,,
10335YfAzpcRNa60RM3VOx7Cg,2025-09-24 20:27:31.07265 UTC,2025-09-24 20:29:40.248483 UTC,9,2025-09-24T20:27:31+00:00|2025-09-24T20:27:34+00:00|2025-09-24T20:27:45+00:00|2025-09-24T20:28:07+00:00|2025-09-24T20:28:29+00:00|2025-09-24T20:28:48+00:00|2025-09-24T20:29:06+00:00|2025-09-24T20:29:20+00:00|2025-09-24T20:29:40+00:00,,,,,,,,,,0,0,0,0,0,0,0,0,0,0,0,0,0,0,0,0,0,0,0,0,0,0,0,0,0,0,0,0,,,
103xpWcbkGUQ92EFg9Sl0_yRg,2025-09-24 20:34:30.163655 UTC,2025-09-24 20:36:04.547596 UTC,7,2025-09-24T20:34:30+00:00|2025-09-24T20:34:33+00:00|2025-09-24T20:34:45+00:00|2025-09-24T20:35:09+00:00|2025-09-24T20:35:29+00:00|2025-09-24T20:35:46+00:00|2025-09-24T20:36:04+00:00,,,,,,,,,,0,0,0,0,0,0,0,0,0,0,0,0,0,0,0,0,0,0,0,0,0,0,0,0,0,0,0,0,,,
081wbRLMn1ER5-b-eeGQE8mwQ,2025-09-24 20:36:41.744892 UTC,2025-09-24 20:39:32.196998 UTC,12,2025-09-24T20:36:41+00:00|2025-09-24T20:36:45+00:00|2025-09-24T20:36:56+00:00|2025-09-24T20:37:16+00:00|2025-09-24T20:37:35+00:00|2025-09-24T20:37:57+00:00|2025-09-24T20:38:14+00:00|2025-09-24T20:38:32+00:00|2025-09-24T20:38:46+00:00|2025-09-24T20:39:03+00:00|2025-09-24T20:39:19+00:00|2025-09-24T20:39:32+00:00,,,,,,,,,,0,0,0,0,0,0,0,0,0,0,0,0,0,0,0,0,0,0,0,0,0,0,0,0,0,0,0,0,,,
1be364ed-ff0d-47cd-8a5c-e56ada49f375,2025-09-24 20:41:01.322304 UTC,2025-09-24 20:41:04.739289 UTC,4,2025-09-24T20:41:01+00:00|2025-09-24T20:41:03+00:00|2025-09-24T20:41:04+00:00|2025-09-24T20:41:04+00:00,America/Los_Angeles,,,,,,,,,0,0,0,0,0,0,0,0,0,0,0,0,0,0,0,0,0,0,0,0,0,0,0,0,0,0,0,0,,,
e9e67b73-54e9-4e5a-b856-2cb17dfb7ffe,2025-09-24 20:41:09.343741 UTC,2025-09-24 20:41:11.447726 UTC,4,2025-09-24T20:41:09+00:00|2025-09-24T20:41:10+00:00|2025-09-24T20:41:11+00:00|2025-09-24T20:41:11+00:00,America/Los_Angeles,,,,,,,,,0,0,0,0,0,0,0,0,0,0,0,0,0,0,0,0,0,0,0,0,0,0,0,0,0,0,0,0,,,
1cd4dbbf-443b-40c4-8211-f98ec59c1047,2025-09-24 20:41:20.926565 UTC,2025-09-24 20:41:23.0652 UTC,4,2025-09-24T20:41:20+00:00|2025-09-24T20:41:22+00:00|2025-09-24T20:41:22+00:00|2025-09-24T20:41:23+00:00,America/Los_Angeles,,,,,,,,,0,0,0,0,0,0,0,0,0,0,0,0,0,0,0,0,0,0,0,0,0,0,0,0,0,0,0,0,,,
811f36c3-a578-4041-a0aa-f4070b853a8e,2025-09-24 21:03:54.748092 UTC,2025-09-24 21:03:57.821742 UTC,4,2025-09-24T21:03:54+00:00|2025-09-24T21:03:57+00:00|2025-09-24T21:03:57+00:00|2025-09-24T21:03:57+00:00,America/Los_Angeles,,,,,,,,,0,0,0,0,0,0,0,0,0,0,0,0,0,0,0,0,0,0,0,0,0,0,0,0,0,0,0,0,,,
13af98d0-6041-4b94-b691-84944aac3cfd,2025-09-24 21:06:53.901195 UTC,2025-09-24 21:06:56.53793 UTC,4,2025-09-24T21:06:53+00:00|2025-09-24T21:06:55+00:00|2025-09-24T21:06:56+00:00|2025-09-24T21:06:56+00:00,America/Los_Angeles,,,,,,,,,0,0,0,0,0,0,0,0,0,0,0,0,0,0,0,0,0,0,0,0,0,0,0,0,0,0,0,0,,,
3c547889-6fa3-4677-8fea-94c438b1c683,2025-09-24 21:07:10.68867 UTC,2025-09-24 21:08:44.469489 UTC,3,2025-09-24T21:07:10+00:00|2025-09-24T21:07:18+00:00|2025-09-24T21:08:44+00:00,America/Los_Angeles,,,,,,,,,0,0,0,0,0,0,0,0,0,0,0,0,0,0,0,0,0,0,0,0,0,0,0,0,0,0,0,0,,,
0a5268bc-cfb7-48f2-acf3-46124acd0ee5,2025-09-24 21:12:28.429747 UTC,2025-09-24 21:12:30.073063 UTC,3,2025-09-24T21:12:28+00:00|2025-09-24T21:12:29+00:00|2025-09-24T21:12:30+00:00,America/Los_Angeles,,,,,,,,,0,0,0,0,0,0,0,0,0,0,0,0,0,0,0,0,0,0,0,0,0,0,0,0,0,0,0,0,,,
fb01b543-f61f-4480-a6fa-b8842b26bf37,2025-09-24 21:12:46.045314 UTC,2025-09-24 21:19:15.103632 UTC,6,2025-09-24T21:12:46+00:00|2025-09-24T21:12:47+00:00|2025-09-24T21:12:47+00:00|2025-09-24T21:18:46+00:00|2025-09-24T21:18:57+00:00|2025-09-24T21:19:15+00:00,America/Los_Angeles,,,,,,,,,0,0,0,0,0,0,0,0,0,0,0,0,0,0,0,0,0,0,0,0,0,0,0,0,0,0,0,0,,,
2fd5b1f6-a63b-4c01-aab0-6c0a976576c2,2025-09-24 21:21:41.769993 UTC,2025-09-24 21:23:02.248938 UTC,5,2025-09-24T21:21:41+00:00|2025-09-24T21:21:43+00:00|2025-09-24T21:21:43+00:00|2025-09-24T21:22:24+00:00|2025-09-24T21:23:02+00:00,America/Los_Angeles,,,,,,,,,0,0,0,0,0,0,0,0,0,0,0,0,0,0,0,0,0,0,0,0,0,0,0,0,0,0,0,0,,,
496a1647-38ba-432d-ba8b-adeffd125195,2025-09-24 21:30:36.874203 UTC,2025-09-24 21:30:40.16307 UTC,5,2025-09-24T21:30:36+00:00|2025-09-24T21:30:39+00:00|2025-09-24T21:30:39+00:00|2025-09-24T21:30:39+00:00|2025-09-24T21:30:40+00:00,America/Los_Angeles,,,,,,,,,0,0,0,0,0,0,0,0,0,0,0,0,0,0,0,0,0,0,0,0,0,0,0,0,0,0,0,0,,,
6ecef95b-be77-4824-8312-ba62cf2c8257,2025-09-24 21:30:46.472318 UTC,2025-09-24 21:30:49.335677 UTC,5,2025-09-24T21:30:46+00:00|2025-09-24T21:30:48+00:00|2025-09-24T21:30:48+00:00|2025-09-24T21:30:48+00:00|2025-09-24T21:30:49+00:00,America/Los_Angeles,,,,,,,,,0,0,0,0,0,0,0,0,0,0,0,0,0,0,0,0,0,0,0,0,0,0,0,0,0,0,0,0,,,
f2fc7188-0bf5-47cc-b475-ef2707c98397,2025-09-24 21:31:05.553175 UTC,2025-09-24 21:33:33.460031 UTC,5,2025-09-24T21:31:05+00:00|2025-09-24T21:31:11+00:00|2025-09-24T21:31:57+00:00|2025-09-24T21:32:57+00:00|2025-09-24T21:33:33+00:00,America/Los_Angeles,,,,,,,,,0,0,0,0,0,0,0,0,0,0,0,0,0,0,0,0,0,0,0,0,0,0,0,0,0,0,0,0,,,
119NyXNa-xaQ6e07SQMv9Ky2w,2025-09-24 21:37:57.841403 UTC,2025-09-24 21:39:08.257486 UTC,6,2025-09-24T21:37:57+00:00|2025-09-24T21:38:04+00:00|2025-09-24T21:38:17+00:00|2025-09-24T21:38:37+00:00|2025-09-24T21:38:59+00:00|2025-09-24T21:39:08+00:00,,,,,,,,,,0,0,0,0,0,0,0,0,0,0,0,0,0,0,0,0,0,0,0,0,0,0,0,0,0,0,0,0,,,
081bPYYFRayRM20M7IW9gDhSQ,2025-09-24 21:39:53.480179 UTC,2025-09-24 21:40:27.152188 UTC,4,2025-09-24T21:39:53+00:00|2025-09-24T21:39:59+00:00|2025-09-24T21:40:10+00:00|2025-09-24T21:40:27+00:00,,,,,,,,,,0,0,0,0,0,0,0,0,0,0,0,0,0,0,0,0,0,0,0,0,0,0,0,0,0,0,0,0,,,
0818d_nvFQuSvywJua-92nv7Q,2025-09-24 21:46:18.621143 UTC,2025-09-24 21:46:24.116173 UTC,2,2025-09-24T21:46:18+00:00|2025-09-24T21:46:24+00:00,,,,,,,,,,0,0,0,0,0,0,0,0,0,0,0,0,0,0,0,0,0,0,0,0,0,0,0,0,0,0,0,0,,,
119R34xIxQtQlKO8FJQmWhDQw,2025-09-24 21:47:29.820281 UTC,2025-09-24 21:48:07.337355 UTC,4,2025-09-24T21:47:29+00:00|2025-09-24T21:47:35+00:00|2025-09-24T21:47:45+00:00|2025-09-24T21:48:07+00:00,,,,,,,,,,0,0,0,0,0,0,0,0,0,0,0,0,0,0,0,0,0,0,0,0,0,0,0,0,0,0,0,0,,,
9b15bd61-3bb5-49fb-b866-5999a2cb090f,2025-09-24 21:53:12.685476 UTC,2025-09-24 21:54:15.531787 UTC,4,2025-09-24T21:53:12+00:00|2025-09-24T21:53:18+00:00|2025-09-24T21:53:30+00:00|2025-09-24T21:54:15+00:00,America/Los_Angeles,,,,,,,,,0,0,0,0,0,0,0,0,0,0,0,0,0,0,0,0,0,0,0,0,0,0,0,0,0,0,0,0,,,
c17e574b-b9ed-40d2-b05b-de8fec93118a,2025-09-24 22:09:33.156475 UTC,2025-09-24 22:11:36.326162 UTC,6,2025-09-24T22:09:33+00:00|2025-09-24T22:09:49+00:00|2025-09-24T22:10:08+00:00|2025-09-24T22:10:22+00:00|2025-09-24T22:10:26+00:00|2025-09-24T22:11:36+00:00,America/Los_Angeles,,,,,,,,,0,0,0,0,0,0,0,0,0,0,0,0,0,0,0,0,0,0,0,0,0,0,0,0,0,0,0,0,,,
6381a26c-f790-4dfa-8ecf-fbeda2c809f1,2025-09-24 22:12:53.142782 UTC,2025-09-24 22:12:59.323359 UTC,6,2025-09-24T22:12:53+00:00|2025-09-24T22:12:54+00:00|2025-09-24T22:12:56+00:00|2025-09-24T22:12:57+00:00|2025-09-24T22:12:58+00:00|2025-09-24T22:12:59+00:00,America/Los_Angeles,,,,,,,,,0,0,0,0,0,0,0,0,0,0,0,0,0,0,0,0,0,0,0,0,0,0,0,0,0,0,0,0,,,
a8d2417b-1059-4604-8c3b-2f5ccd58768d,2025-09-24 22:14:46.877383 UTC,2025-09-24 22:15:07.375874 UTC,5,2025-09-24T22:14:46+00:00|2025-09-24T22:14:50+00:00|2025-09-24T22:14:56+00:00|2025-09-24T22:15:01+00:00|2025-09-24T22:15:07+00:00,America/Los_Angeles,,,,,,,,,0,0,0,0,0,0,0,0,0,0,0,0,0,0,0,0,0,0,0,0,0,0,0,0,0,0,0,0,,,
a2f4739a-a98b-45d4-81a6-1b7bb6c4ebe1,2025-09-24 22:15:26.424425 UTC,2025-09-24 22:16:25.102387 UTC,8,2025-09-24T22:15:26+00:00|2025-09-24T22:15:32+00:00|2025-09-24T22:15:36+00:00|2025-09-24T22:15:38+00:00|2025-09-24T22:15:40+00:00|2025-09-24T22:15:46+00:00|2025-09-24T22:15:59+00:00|2025-09-24T22:16:25+00:00,America/Los_Angeles,,,,,,,,,0,0,0,0,0,0,0,0,0,0,0,0,0,0,0,0,0,0,0,0,0,0,0,0,0,0,0,0,,,
ce63adc5-a1f3-4613-8290-9eb10917c48b,2025-09-24 22:22:52.189146 UTC,2025-09-24 22:23:12.127989 UTC,6,2025-09-24T22:22:52+00:00|2025-09-24T22:22:56+00:00|2025-09-24T22:23:01+00:00|2025-09-24T22:23:03+00:00|2025-09-24T22:23:07+00:00|2025-09-24T22:23:12+00:00,America/Los_Angeles,,,,,,,,,0,0,0,0,0,0,0,0,0,0,0,0,0,0,0,0,0,0,0,0,0,0,0,0,0,0,0,0,,,
73177d39-65ee-41ef-8a75-ad3ac1a31652,2025-09-24 22:25:41.598504 UTC,2025-09-24 22:25:49.409736 UTC,6,2025-09-24T22:25:41+00:00|2025-09-24T22:25:43+00:00|2025-09-24T22:25:45+00:00|2025-09-24T22:25:46+00:00|2025-09-24T22:25:47+00:00|2025-09-24T22:25:49+00:00,America/Los_Angeles,,,,,,,,,0,0,0,0,0,0,0,0,0,0,0,0,0,0,0,0,0,0,0,0,0,0,0,0,0,0,0,0,,,
8120a095-cada-4745-a11c-afd5c81de8d5,2025-09-24 22:32:10.274348 UTC,2025-09-24 22:32:18.935156 UTC,6,2025-09-24T22:32:10+00:00|2025-09-24T22:32:12+00:00|2025-09-24T22:32:14+00:00|2025-09-24T22:32:15+00:00|2025-09-24T22:32:16+00:00|2025-09-24T22:32:18+00:00,America/Los_Angeles,,,,,,,,,0,0,0,0,0,0,0,0,0,0,0,0,0,0,0,0,0,0,0,0,0,0,0,0,0,0,0,0,,,
2d0b7e73-816f-4978-95c1-6c53b932cdd6,2025-09-24 22:39:32.532182 UTC,2025-09-24 22:39:42.077076 UTC,6,2025-09-24T22:39:32+00:00|2025-09-24T22:39:34+00:00|2025-09-24T22:39:36+00:00|2025-09-24T22:39:37+00:00|2025-09-24T22:39:40+00:00|2025-09-24T22:39:42+00:00,America/Los_Angeles,,,,,,,,,0,0,0,0,0,0,0,0,0,0,0,0,0,0,0,0,0,0,0,0,0,0,0,0,0,0,0,0,,,
677e3917-6081-4d95-a0a5-44478a0e77d1,2025-09-24 22:45:25.921277 UTC,2025-09-24 22:46:31.981478 UTC,7,2025-09-24T22:45:25+00:00|2025-09-24T22:45:27+00:00|2025-09-24T22:45:29+00:00|2025-09-24T22:45:30+00:00|2025-09-24T22:45:32+00:00|2025-09-24T22:45:33+00:00|2025-09-24T22:46:31+00:00,America/Los_Angeles,,,,,,,,,0,0,0,0,0,0,0,0,0,0,0,0,0,0,0,0,0,0,0,0,0,0,0,0,0,0,0,0,,,
0778e963-d542-4353-b7d1-607617817505,2025-09-24 22:54:30.436782 UTC,2025-09-24 22:54:57.550136 UTC,5,2025-09-24T22:54:30+00:00|2025-09-24T22:54:35+00:00|2025-09-24T22:54:47+00:00|2025-09-24T22:54:51+00:00|2025-09-24T22:54:57+00:00,America/Los_Angeles,,,,,,,,,0,0,0,0,0,0,0,0,0,0,0,0,0,0,0,0,0,0,0,0,0,0,0,0,0,0,0,0,,,
88f7d3ad-c783-4103-a57d-48caf73b94fb,2025-09-24 23:02:21.150918 UTC,2025-09-24 23:03:09.208333 UTC,6,2025-09-24T23:02:21+00:00|2025-09-24T23:02:23+00:00|2025-09-24T23:02:24+00:00|2025-09-24T23:02:25+00:00|2025-09-24T23:02:27+00:00|2025-09-24T23:03:09+00:00,America/Los_Angeles,,,,,,,,,0,0,0,0,0,0,0,0,0,0,0,0,0,0,0,0,0,0,0,0,0,0,0,0,0,0,0,0,,,
2bc009e0-b0bf-444e-9b36-effbbdae7981,2025-09-24 23:05:57.544398 UTC,2025-09-24 23:06:31.899226 UTC,7,2025-09-24T23:05:57+00:00|2025-09-24T23:06:01+00:00|2025-09-24T23:06:11+00:00|2025-09-24T23:06:13+00:00|2025-09-24T23:06:20+00:00|2025-09-24T23:06:25+00:00|2025-09-24T23:06:31+00:00,America/Los_Angeles,,,,,,,,,0,0,0,0,0,0,0,0,0,0,0,0,0,0,0,0,0,0,0,0,0,0,0,0,0,0,0,0,,,
d473fe4b-bdbe-4ea2-9862-56bd47d9b999,2025-09-24 23:29:09.074264 UTC,2025-09-24 23:29:58.749893 UTC,7,2025-09-24T23:29:09+00:00|2025-09-24T23:29:15+00:00|2025-09-24T23:29:22+00:00|2025-09-24T23:29:26+00:00|2025-09-24T23:29:33+00:00|2025-09-24T23:29:53+00:00|2025-09-24T23:29:58+00:00,America/Los_Angeles,,,,,,,,,0,0,0,0,0,0,0,0,0,0,0,0,0,0,0,0,0,0,0,0,0,0,0,0,0,0,0,0,,,
a6b486e0-a982-4660-86f1-ef8db565456c,2025-09-24 23:30:14.181315 UTC,2025-09-24 23:32:09.2874 UTC,15,2025-09-24T23:30:14+00:00|2025-09-24T23:30:21+00:00|2025-09-24T23:30:30+00:00|2025-09-24T23:30:34+00:00|2025-09-24T23:30:41+00:00|2025-09-24T23:30:50+00:00|2025-09-24T23:31:17+00:00|2025-09-24T23:31:29+00:00|2025-09-24T23:31:35+00:00|2025-09-24T23:31:40+00:00|2025-09-24T23:31:47+00:00|2025-09-24T23:31:50+00:00|2025-09-24T23:31:56+00:00|2025-09-24T23:32:01+00:00|2025-09-24T23:32:09+00:00,America/Los_Angeles,,,,,,,,,0,0,0,0,0,0,0,0,0,0,0,0,0,0,0,0,0,0,0,0,0,0,0,0,0,0,0,0,,,
f2c3ea73-baf6-4349-a7e3-2f94645189ab,2025-09-24 23:33:36.334445 UTC,2025-09-24 23:34:14.303124 UTC,15,2025-09-24T23:33:36+00:00|2025-09-24T23:33:38+00:00|2025-09-24T23:33:39+00:00|2025-09-24T23:33:40+00:00|2025-09-24T23:33:42+00:00|2025-09-24T23:33:42+00:00|2025-09-24T23:33:43+00:00|2025-09-24T23:33:44+00:00|2025-09-24T23:33:46+00:00|2025-09-24T23:33:47+00:00|2025-09-24T23:33:47+00:00|2025-09-24T23:33:48+00:00|2025-09-24T23:33:49+00:00|2025-09-24T23:34:08+00:00|2025-09-24T23:34:14+00:00,America/Los_Angeles,,,,,,,,,0,0,0,0,0,0,0,0,0,0,0,0,0,0,0,0,0,0,0,0,0,0,0,0,0,0,0,0,,,
a60bb72f-95c5-463e-8252-bc3d002aebaf,2025-09-24 23:34:54.777618 UTC,2025-09-24 23:35:43.797252 UTC,20,2025-09-24T23:34:54+00:00|2025-09-24T23:34:56+00:00|2025-09-24T23:34:58+00:00|2025-09-24T23:34:58+00:00|2025-09-24T23:35:00+00:00|2025-09-24T23:35:00+00:00|2025-09-24T23:35:01+00:00|2025-09-24T23:35:02+00:00|2025-09-24T23:35:04+00:00|2025-09-24T23:35:05+00:00|2025-09-24T23:35:05+00:00|2025-09-24T23:35:06+00:00|2025-09-24T23:35:07+00:00|2025-09-24T23:35:14+00:00|2025-09-24T23:35:19+00:00|2025-09-24T23:35:27+00:00|2025-09-24T23:35:34+00:00|2025-09-24T23:35:39+00:00|2025-09-24T23:35:42+00:00|2025-09-24T23:35:43+00:00,America/Los_Angeles,,,,,,,,,0,0,0,0,0,0,0,0,0,0,0,0,0,0,0,0,0,0,0,0,0,0,0,0,0,0,0,0,,,
181d4a0d-94f3-4fb6-8b00-712d6d0da064,2025-09-25 06:45:54.700876 UTC,2025-09-25 06:46:33.750195 UTC,6,2025-09-25T06:45:54+00:00|2025-09-25T06:46:00+00:00|2025-09-25T06:46:08+00:00|2025-09-25T06:46:12+00:00|2025-09-25T06:46:23+00:00|2025-09-25T06:46:33+00:00,America/Los_Angeles,false,false,,,false,,,,0,0,0,0,0,0,0,0,0,0,0,0,0,0,0,0,0,0,0,0,0,0,0,0,0,0,0,0,,,
5f098222-463f-4a83-827d-246526fc0f1b,2025-09-25 06:48:44.387037 UTC,2025-09-25 06:48:55.730787 UTC,6,2025-09-25T06:48:44+00:00|2025-09-25T06:48:47+00:00|2025-09-25T06:48:49+00:00|2025-09-25T06:48:50+00:00|2025-09-25T06:48:53+00:00|2025-09-25T06:48:55+00:00,America/Los_Angeles,false,false,,,false,,,,0,0,0,0,0,0,0,0,0,0,0,0,0,0,0,0,0,0,0,0,0,0,0,0,0,0,0,0,,,
93f6ff12-98ed-4c6a-bdf7-25e1af08d4bf,2025-09-25 06:49:42.145077 UTC,2025-09-25 06:50:11.011902 UTC,5,2025-09-25T06:49:42+00:00|2025-09-25T06:49:46+00:00|2025-09-25T06:49:52+00:00|2025-09-25T06:49:59+00:00|2025-09-25T06:50:11+00:00,America/Los_Angeles,,,,,,,,,0,0,0,0,0,0,0,0,0,0,0,0,0,0,0,0,0,0,0,0,0,0,0,0,0,0,0,0,,,
7b159bea-9c5f-4f83-9aa6-2dfac600b5b8,2025-09-25 06:50:25.660758 UTC,2025-09-25 06:50:45.83317 UTC,5,2025-09-25T06:50:25+00:00|2025-09-25T06:50:29+00:00|2025-09-25T06:50:35+00:00|2025-09-25T06:50:38+00:00|2025-09-25T06:50:45+00:00,America/Los_Angeles,,,,,,,,,0,0,0,0,0,0,0,0,0,0,0,0,0,0,0,0,0,0,0,0,0,0,0,0,0,0,0,0,,,
42e20701-341f-4fd7-a61c-ddd48edd379c,2025-09-25 06:50:59.693757 UTC,2025-09-25 06:51:34.296623 UTC,6,2025-09-25T06:50:59+00:00|2025-09-25T06:51:03+00:00|2025-09-25T06:51:09+00:00|2025-09-25T06:51:12+00:00|2025-09-25T06:51:23+00:00|2025-09-25T06:51:34+00:00,America/Los_Angeles,,,,,,,,,0,0,0,0,0,0,0,0,0,0,0,0,0,0,0,0,0,0,0,0,0,0,0,0,0,0,0,0,,,
a8dad37f-be38-47e4-9ba5-e420c6b222f4,2025-09-25 06:58:11.760821 UTC,2025-09-25 06:58:59.516751 UTC,9,2025-09-25T06:58:11+00:00|2025-09-25T06:58:14+00:00|2025-09-25T06:58:15+00:00|2025-09-25T06:58:16+00:00|2025-09-25T06:58:18+00:00|2025-09-25T06:58:20+00:00|2025-09-25T06:58:28+00:00|2025-09-25T06:58:34+00:00|2025-09-25T06:58:59+00:00,America/Los_Angeles,,,,,,,,,0,0,0,0,0,0,0,0,0,0,0,0,0,0,0,0,0,0,0,0,0,0,0,0,0,0,0,0,,,
a3278150-7c13-41b6-8735-d3899d49d598,2025-09-25 07:04:39.601868 UTC,2025-09-25 07:05:26.366502 UTC,7,2025-09-25T07:04:39+00:00|2025-09-25T07:04:44+00:00|2025-09-25T07:04:50+00:00|2025-09-25T07:04:53+00:00|2025-09-25T07:04:58+00:00|2025-09-25T07:05:08+00:00|2025-09-25T07:05:26+00:00,America/Los_Angeles,false,false,,,false,,,,0,0,0,0,0,0,0,0,0,0,0,0,0,0,0,0,0,0,0,0,0,0,0,0,0,0,0,0,,,
88a3abd8-43e3-4694-aae3-523a66537ce3,2025-09-25 07:09:11.157563 UTC,2025-09-25 07:09:19.979197 UTC,6,2025-09-25T07:09:11+00:00|2025-09-25T07:09:13+00:00|2025-09-25T07:09:14+00:00|2025-09-25T07:09:16+00:00|2025-09-25T07:09:18+00:00|2025-09-25T07:09:19+00:00,America/Los_Angeles,false,false,,,false,,,,0,0,0,0,0,0,0,0,0,0,0,0,0,0,0,0,0,0,0,0,0,0,0,0,0,0,0,0,,,
bc2abd5a-a7bb-4c83-9b81-eee0b6a04c79,2025-09-25 07:09:22.847829 UTC,2025-09-25 07:09:29.511297 UTC,5,2025-09-25T07:09:22+00:00|2025-09-25T07:09:24+00:00|2025-09-25T07:09:26+00:00|2025-09-25T07:09:27+00:00|2025-09-25T07:09:29+00:00,America/Los_Angeles,,,,,,,,,0,0,0,0,0,0,0,0,0,0,0,0,0,0,0,0,0,0,0,0,0,0,0,0,0,0,0,0,,,
e57f01c4-f129-419e-87fe-46eca5ec3d4e,2025-09-25 07:09:31.567263 UTC,2025-09-25 07:09:32.724894 UTC,2,2025-09-25T07:09:31+00:00|2025-09-25T07:09:32+00:00,America/Los_Angeles,,,,,,,,,0,0,0,0,0,0,0,0,0,0,0,0,0,0,0,0,0,0,0,0,0,0,0,0,0,0,0,0,,,
96091482-8d57-452d-b471-8b0d1e727169,2025-09-25 07:09:46.444172 UTC,2025-09-25 07:19:04.650592 UTC,11,2025-09-25T07:09:46+00:00|2025-09-25T07:09:49+00:00|2025-09-25T07:09:54+00:00|2025-09-25T07:09:59+00:00|2025-09-25T07:10:03+00:00|2025-09-25T07:10:10+00:00|2025-09-25T07:10:21+00:00|2025-09-25T07:18:43+00:00|2025-09-25T07:18:53+00:00|2025-09-25T07:18:58+00:00|2025-09-25T07:19:04+00:00,America/Los_Angeles,,,,,,,,,0,0,0,0,0,0,0,0,0,0,0,0,0,0,0,0,0,0,0,0,0,0,0,0,0,0,0,0,,,
24f213cb-6366-4cbd-b62d-1de4ef3aaea2,2025-09-25 07:28:20.110586 UTC,2025-09-25 07:29:02.856963 UTC,7,2025-09-25T07:28:20+00:00|2025-09-25T07:28:34+00:00|2025-09-25T07:28:40+00:00|2025-09-25T07:28:42+00:00|2025-09-25T07:28:52+00:00|2025-09-25T07:28:55+00:00|2025-09-25T07:29:02+00:00,America/Los_Angeles,,,,,,,,,0,0,0,0,0,0,0,0,0,0,0,0,0,0,0,0,0,0,0,0,0,0,0,0,0,0,0,0,,,
081xWIvXq4YQseAJ0Py4_FzPQ,2025-09-25 07:33:40.285003 UTC,2025-09-25 07:34:22.926808 UTC,4,2025-09-25T07:33:40+00:00|2025-09-25T07:33:47+00:00|2025-09-25T07:33:57+00:00|2025-09-25T07:34:22+00:00,,,,,,,,,,0,0,0,0,0,0,0,0,0,0,0,0,0,0,0,0,0,0,0,0,0,0,0,0,0,0,0,0,,,
119WtakdNuQTV6Vb2atAntKRw,2025-09-25 07:35:16.729301 UTC,2025-09-25 07:35:51.399824 UTC,5,2025-09-25T07:35:16+00:00|2025-09-25T07:35:22+00:00|2025-09-25T07:35:30+00:00|2025-09-25T07:35:43+00:00|2025-09-25T07:35:51+00:00,,,,,,,,,,0,0,0,0,0,0,0,0,0,0,0,0,0,0,0,0,0,0,0,0,0,0,0,0,0,0,0,0,,,
1c92b976-5501-412a-bcd4-24d813f71e3f,2025-09-25 07:50:22.530742 UTC,2025-09-25 07:51:09.050731 UTC,7,2025-09-25T07:50:22+00:00|2025-09-25T07:50:32+00:00|2025-09-25T07:50:42+00:00|2025-09-25T07:50:48+00:00|2025-09-25T07:50:56+00:00|2025-09-25T07:51:04+00:00|2025-09-25T07:51:09+00:00,America/Los_Angeles,,,,,,,,,0,0,0,0,0,0,0,0,0,0,0,0,0,0,0,0,0,0,0,0,0,0,0,0,0,0,0,0,,,
119J7B-1yuHSvSlg1zNWQMtJw,2025-09-25 07:52:05.42139 UTC,2025-09-25 07:53:55.564314 UTC,9,2025-09-25T07:52:05+00:00|2025-09-25T07:52:10+00:00|2025-09-25T07:52:22+00:00|2025-09-25T07:52:28+00:00|2025-09-25T07:52:46+00:00|2025-09-25T07:53:07+00:00|2025-09-25T07:53:24+00:00|2025-09-25T07:53:41+00:00|2025-09-25T07:53:55+00:00,,,,,,,,,,0,0,0,0,0,0,0,0,0,0,0,0,0,0,0,0,0,0,0,0,0,0,0,0,0,0,0,0,,,
e4f0aa50-fa8d-4bb6-8b96-4e3039115722,2025-09-25 09:24:27.351807 UTC,2025-09-25 09:25:58.29753 UTC,8,2025-09-25T09:24:27+00:00|2025-09-25T09:24:32+00:00|2025-09-25T09:24:48+00:00|2025-09-25T09:24:59+00:00|2025-09-25T09:25:15+00:00|2025-09-25T09:25:28+00:00|2025-09-25T09:25:39+00:00|2025-09-25T09:25:58+00:00,America/Los_Angeles,,,,,,,,,0,0,0,0,0,0,0,0,0,0,0,0,0,0,0,0,0,0,0,0,0,0,0,0,0,0,0,0,,,
f3832529-199d-4638-a740-8d15b2b29f63,2025-09-25 09:28:52.475733 UTC,2025-09-25 09:29:04.637857 UTC,8,2025-09-25T09:28:52+00:00|2025-09-25T09:28:55+00:00|2025-09-25T09:28:56+00:00|2025-09-25T09:28:58+00:00|2025-09-25T09:29:00+00:00|2025-09-25T09:29:02+00:00|2025-09-25T09:29:03+00:00|2025-09-25T09:29:04+00:00,America/Los_Angeles,,,,,,,,,0,0,0,0,0,0,0,0,0,0,0,0,0,0,0,0,0,0,0,0,0,0,0,0,0,0,0,0,,,
768598fb-8d62-4b3b-a0c6-54acb4c0538e,2025-09-25 10:01:26.14887 UTC,2025-09-25 10:02:18.320328 UTC,6,2025-09-25T10:01:26+00:00|2025-09-25T10:01:56+00:00|2025-09-25T10:01:59+00:00|2025-09-25T10:02:01+00:00|2025-09-25T10:02:10+00:00|2025-09-25T10:02:18+00:00,America/Los_Angeles,,,,,,,,,0,0,0,0,0,0,0,0,0,0,0,0,0,0,0,0,0,0,0,0,0,0,0,0,0,0,0,0,,,
a1cec885-152b-4146-8936-e51cc4bd106f,2025-09-25 10:57:10.808766 UTC,2025-09-25 11:00:00.104111 UTC,6,2025-09-25T10:57:10+00:00|2025-09-25T10:57:20+00:00|2025-09-25T10:57:55+00:00|2025-09-25T10:58:07+00:00|2025-09-25T10:58:58+00:00|2025-09-25T11:00:00+00:00,America/Los_Angeles,,,,,,,,,0,0,0,0,0,0,0,0,0,0,0,0,0,0,0,0,0,0,0,0,0,0,0,0,0,0,0,0,,,
a8b72605-395f-4d44-9e72-4614eab5120e,2025-09-25 11:04:20.683668 UTC,2025-09-25 11:04:24.997343 UTC,5,2025-09-25T11:04:20+00:00|2025-09-25T11:04:22+00:00|2025-09-25T11:04:23+00:00|2025-09-25T11:04:23+00:00|2025-09-25T11:04:24+00:00,America/Los_Angeles,,,,,,,,,0,0,0,0,0,0,0,0,0,0,0,0,0,0,0,0,0,0,0,0,0,0,0,0,0,0,0,0,,,
4a85dd30-7e4a-4f28-9251-a0167145f86c,2025-09-25 11:30:56.079645 UTC,2025-09-25 11:30:56.079645 UTC,1,2025-09-25T11:30:56+00:00,America/Los_Angeles,,,,,,,,,0,0,0,0,0,0,0,0,0,0,0,0,0,0,0,0,0,0,0,0,0,0,0,0,0,0,0,0,,,
090921f0-bd6c-442b-a20a-fe09f46e2d84,2025-09-25 11:31:10.933014 UTC,2025-09-25 11:31:10.933014 UTC,1,2025-09-25T11:31:10+00:00,America/Los_Angeles,,,,,,,,,0,0,0,0,0,0,0,0,0,0,0,0,0,0,0,0,0,0,0,0,0,0,0,0,0,0,0,0,,,
88eaedf3-6c76-402a-94ee-6382e344abee,2025-09-25 12:14:27.746216 UTC,2025-09-25 12:14:27.746216 UTC,1,2025-09-25T12:14:27+00:00,America/Los_Angeles,,,,,,,,,0,0,0,0,0,0,0,0,0,0,0,0,0,0,0,0,0,0,0,0,0,0,0,0,0,0,0,0,,,
bb898dfd-f356-442b-9986-b6c03388ccbf,2025-09-25 12:14:44.222174 UTC,2025-09-25 12:16:27.084565 UTC,9,2025-09-25T12:14:44+00:00|2025-09-25T12:14:52+00:00|2025-09-25T12:15:10+00:00|2025-09-25T12:15:12+00:00|2025-09-25T12:15:26+00:00|2025-09-25T12:15:34+00:00|2025-09-25T12:16:13+00:00|2025-09-25T12:16:18+00:00|2025-09-25T12:16:27+00:00,America/Los_Angeles,,,,,,,,,0,0,0,0,0,0,0,0,0,0,0,0,0,0,0,0,0,0,0,0,0,0,0,0,0,0,0,0,,,
beb698c8-227f-48c5-af5d-8e86170a4cb5,2025-09-25 12:16:43.417402 UTC,2025-09-25 12:16:56.615011 UTC,8,2025-09-25T12:16:43+00:00|2025-09-25T12:16:46+00:00|2025-09-25T12:16:48+00:00|2025-09-25T12:16:49+00:00|2025-09-25T12:16:51+00:00|2025-09-25T12:16:54+00:00|2025-09-25T12:16:55+00:00|2025-09-25T12:16:56+00:00,America/Los_Angeles,,,,,,,,,0,0,0,0,0,0,0,0,0,0,0,0,0,0,0,0,0,0,0,0,0,0,0,0,0,0,0,0,,,
6b88af32-9cc8-4391-b110-05de9b7fad1d,2025-09-25 12:17:27.545478 UTC,2025-09-25 12:17:52.278016 UTC,9,2025-09-25T12:17:27+00:00|2025-09-25T12:17:29+00:00|2025-09-25T12:17:31+00:00|2025-09-25T12:17:32+00:00|2025-09-25T12:17:33+00:00|2025-09-25T12:17:36+00:00|2025-09-25T12:17:38+00:00|2025-09-25T12:17:40+00:00|2025-09-25T12:17:52+00:00,America/Los_Angeles,,,,,,,,,0,0,0,0,0,0,0,0,0,0,0,0,0,0,0,0,0,0,0,0,0,0,0,0,0,0,0,0,,,
e9820742-858c-44ac-9efc-2c9935fe3dc3,2025-09-25 12:20:20.837434 UTC,2025-09-25 12:20:34.536814 UTC,9,2025-09-25T12:20:20+00:00|2025-09-25T12:20:22+00:00|2025-09-25T12:20:24+00:00|2025-09-25T12:20:26+00:00|2025-09-25T12:20:27+00:00|2025-09-25T12:20:28+00:00|2025-09-25T12:20:30+00:00|2025-09-25T12:20:32+00:00|2025-09-25T12:20:34+00:00,America/Los_Angeles,,,,,,,,,0,0,0,0,0,0,0,0,0,0,0,0,0,0,0,0,0,0,0,0,0,0,0,0,0,0,0,0,,,
08a9d08d-6968-42ab-853e-8fb4aeac4757,2025-09-25 12:20:43.002732 UTC,2025-09-25 12:22:38.740246 UTC,8,2025-09-25T12:20:43+00:00|2025-09-25T12:20:51+00:00|2025-09-25T12:20:58+00:00|2025-09-25T12:21:02+00:00|2025-09-25T12:21:12+00:00|2025-09-25T12:22:01+00:00|2025-09-25T12:22:05+00:00|2025-09-25T12:22:38+00:00,America/Los_Angeles,,,,,,,,,0,0,0,0,0,0,0,0,0,0,0,0,0,0,0,0,0,0,0,0,0,0,0,0,0,0,0,0,,,
0dbb8040-c518-4383-8843-0e62032355c0,2025-09-25 12:22:48.613896 UTC,2025-09-25 12:23:44.91196 UTC,9,2025-09-25T12:22:48+00:00|2025-09-25T12:22:50+00:00|2025-09-25T12:22:52+00:00|2025-09-25T12:22:52+00:00|2025-09-25T12:22:54+00:00|2025-09-25T12:22:56+00:00|2025-09-25T12:23:31+00:00|2025-09-25T12:23:36+00:00|2025-09-25T12:23:44+00:00,America/Los_Angeles,,,,,,,,,0,0,0,0,0,0,0,0,0,0,0,0,0,0,0,0,0,0,0,0,0,0,0,0,0,0,0,0,,,
103_ftd-PVcQ4OD4XSV_Vjubg,2025-09-25 12:39:35.246662 UTC,2025-09-25 12:40:34.23661 UTC,5,2025-09-25T12:39:35+00:00|2025-09-25T12:39:41+00:00|2025-09-25T12:39:55+00:00|2025-09-25T12:40:15+00:00|2025-09-25T12:40:34+00:00,,,,,,,,,,0,0,0,0,0,0,0,0,0,0,0,0,0,0,0,0,0,0,0,0,0,0,0,0,0,0,0,0,,,
1193VM7ZYwERPCryBQvqGUXGw,2025-09-25 12:41:32.440173 UTC,2025-09-25 12:42:25.633694 UTC,5,2025-09-25T12:41:32+00:00|2025-09-25T12:41:39+00:00|2025-09-25T12:41:51+00:00|2025-09-25T12:42:16+00:00|2025-09-25T12:42:25+00:00,,,,,,,,,,0,0,0,0,0,0,0,0,0,0,0,0,0,0,0,0,0,0,0,0,0,0,0,0,0,0,0,0,,,
1039u87PKgpSLS8k5G1zUcx3g,2025-09-25 12:43:37.267495 UTC,2025-09-25 12:46:08.99496 UTC,14,2025-09-25T12:43:37+00:00|2025-09-25T12:43:42+00:00|2025-09-25T12:43:54+00:00|2025-09-25T12:44:18+00:00|2025-09-25T12:44:27+00:00|2025-09-25T12:44:54+00:00|2025-09-25T12:45:00+00:00|2025-09-25T12:45:18+00:00|2025-09-25T12:45:30+00:00|2025-09-25T12:45:38+00:00|2025-09-25T12:45:47+00:00|2025-09-25T12:45:54+00:00|2025-09-25T12:46:02+00:00|2025-09-25T12:46:08+00:00,,,,,,,,,,0,0,0,0,0,0,0,0,0,0,0,0,0,0,0,0,0,0,0,0,0,0,0,0,0,0,0,0,,,
4ce075b8-ce88-4c7a-9b22-a6370fbc33f0,2025-09-25 13:07:24.167749 UTC,2025-09-25 13:08:10.560992 UTC,5,2025-09-25T13:07:24+00:00|2025-09-25T13:07:29+00:00|2025-09-25T13:07:52+00:00|2025-09-25T13:07:57+00:00|2025-09-25T13:08:10+00:00,America/Los_Angeles,,,,,,,,,0,0,0,0,0,0,0,0,0,0,0,0,0,0,0,0,0,0,0,0,0,0,0,0,0,0,0,0,,,
19959179-7cbf-4544-93c0-f6cad9fde076,2025-09-25 13:20:56.041129 UTC,2025-09-25 13:21:30.261245 UTC,6,2025-09-25T13:20:56+00:00|2025-09-25T13:21:02+00:00|2025-09-25T13:21:08+00:00|2025-09-25T13:21:11+00:00|2025-09-25T13:21:19+00:00|2025-09-25T13:21:30+00:00,America/Los_Angeles,,,,,,,,,0,0,0,0,0,0,0,0,0,0,0,0,0,0,0,0,0,0,0,0,0,0,0,0,0,0,0,0,,,
85793550-94de-4d24-8600-489580598c8f,2025-09-25 13:26:17.726179 UTC,2025-09-25 13:26:25.612024 UTC,6,2025-09-25T13:26:17+00:00|2025-09-25T13:26:19+00:00|2025-09-25T13:26:20+00:00|2025-09-25T13:26:21+00:00|2025-09-25T13:26:23+00:00|2025-09-25T13:26:25+00:00,America/Los_Angeles,,,,,,,,,0,0,0,0,0,0,0,0,0,0,0,0,0,0,0,0,0,0,0,0,0,0,0,0,0,0,0,0,,,
5680f790-a052-4972-83ac-a8b5df171b4f,2025-09-25 13:34:53.434318 UTC,2025-09-25 13:35:00.732912 UTC,6,2025-09-25T13:34:53+00:00|2025-09-25T13:34:55+00:00|2025-09-25T13:34:56+00:00|2025-09-25T13:34:57+00:00|2025-09-25T13:34:59+00:00|2025-09-25T13:35:00+00:00,America/Los_Angeles,,,,,,,,,0,0,0,0,0,0,0,0,0,0,0,0,0,0,0,0,0,0,0,0,0,0,0,0,0,0,0,0,,,
9058423c-9919-473e-87a9-ad20756612ac,2025-09-25 13:39:22.339044 UTC,2025-09-25 13:40:49.626039 UTC,9,2025-09-25T13:39:22+00:00|2025-09-25T13:39:25+00:00|2025-09-25T13:39:25+00:00|2025-09-25T13:39:26+00:00|2025-09-25T13:39:28+00:00|2025-09-25T13:39:30+00:00|2025-09-25T13:40:15+00:00|2025-09-25T13:40:21+00:00|2025-09-25T13:40:49+00:00,America/Los_Angeles,,,,,,,,,0,0,0,0,0,0,0,0,0,0,0,0,0,0,0,0,0,0,0,0,0,0,0,0,0,0,0,0,,,
1c461cf1-9e6e-42b3-b710-bf2fd5e7dc51,2025-09-25 13:44:08.648585 UTC,2025-09-25 13:44:18.986651 UTC,8,2025-09-25T13:44:08+00:00|2025-09-25T13:44:10+00:00|2025-09-25T13:44:11+00:00|2025-09-25T13:44:12+00:00|2025-09-25T13:44:14+00:00|2025-09-25T13:44:16+00:00|2025-09-25T13:44:18+00:00|2025-09-25T13:44:18+00:00,America/Los_Angeles,,,,,,,,,0,0,0,0,0,0,0,0,0,0,0,0,0,0,0,0,0,0,0,0,0,0,0,0,0,0,0,0,,,
e14426c4-44b3-4edf-b0d5-93ec996cf160,2025-09-25 13:48:49.102098 UTC,2025-09-25 13:48:49.102098 UTC,1,2025-09-25T13:48:49+00:00,America/Los_Angeles,,,,,,,,,0,0,0,0,0,0,0,0,0,0,0,0,0,0,0,0,0,0,0,0,0,0,0,0,0,0,0,0,,,
8a4f23fc-ccf0-43af-813c-ebfedbea36f7,2025-09-25 13:49:03.634124 UTC,2025-09-25 13:51:41.94937 UTC,10,2025-09-25T13:49:03+00:00|2025-09-25T13:49:11+00:00|2025-09-25T13:49:18+00:00|2025-09-25T13:49:23+00:00|2025-09-25T13:49:35+00:00|2025-09-25T13:50:03+00:00|2025-09-25T13:50:09+00:00|2025-09-25T13:50:18+00:00|2025-09-25T13:51:20+00:00|2025-09-25T13:51:41+00:00,America/Los_Angeles,,,,,,,,,0,0,0,0,0,0,0,0,0,0,0,0,0,0,0,0,0,0,0,0,0,0,0,0,0,0,0,0,,,
aac61817-63d6-4660-82e6-ab4a38caae43,2025-09-25 13:49:37.791476 UTC,2025-09-25 13:49:48.051757 UTC,8,2025-09-25T13:49:37+00:00|2025-09-25T13:49:39+00:00|2025-09-25T13:49:40+00:00|2025-09-25T13:49:41+00:00|2025-09-25T13:49:43+00:00|2025-09-25T13:49:45+00:00|2025-09-25T13:49:47+00:00|2025-09-25T13:49:48+00:00,America/Los_Angeles,,,,,,,,,0,0,0,0,0,0,0,0,0,0,0,0,0,0,0,0,0,0,0,0,0,0,0,0,0,0,0,0,,,
5df63c95-0840-4b35-83ef-2648ef3a184e,2025-09-25 13:58:50.118499 UTC,2025-09-25 13:58:59.686621 UTC,8,2025-09-25T13:58:50+00:00|2025-09-25T13:58:52+00:00|2025-09-25T13:58:52+00:00|2025-09-25T13:58:53+00:00|2025-09-25T13:58:55+00:00|2025-09-25T13:58:57+00:00|2025-09-25T13:58:58+00:00|2025-09-25T13:58:59+00:00,America/Los_Angeles,,,,,,,,,0,0,0,0,0,0,0,0,0,0,0,0,0,0,0,0,0,0,0,0,0,0,0,0,0,0,0,0,,,
87adb7cd-f540-43aa-833f-00b8b6f7f9b1,2025-09-25 14:00:13.527507 UTC,2025-09-25 14:00:23.61549 UTC,8,2025-09-25T14:00:13+00:00|2025-09-25T14:00:15+00:00|2025-09-25T14:00:16+00:00|2025-09-25T14:00:17+00:00|2025-09-25T14:00:18+00:00|2025-09-25T14:00:20+00:00|2025-09-25T14:00:23+00:00|2025-09-25T14:00:23+00:00,America/Los_Angeles,,,,,,,,,0,0,0,0,0,0,0,0,0,0,0,0,0,0,0,0,0,0,0,0,0,0,0,0,0,0,0,0,,,
4678aee4-fa0b-416e-b980-2651424d4577,2025-09-25 14:04:37.471446 UTC,2025-09-25 14:05:44.127353 UTC,8,2025-09-25T14:04:37+00:00|2025-09-25T14:04:42+00:00|2025-09-25T14:04:48+00:00|2025-09-25T14:04:50+00:00|2025-09-25T14:04:58+00:00|2025-09-25T14:05:10+00:00|2025-09-25T14:05:38+00:00|2025-09-25T14:05:44+00:00,America/Los_Angeles,,,,,,,,,0,0,0,0,0,0,0,0,0,0,0,0,0,0,0,0,0,0,0,0,0,0,0,0,0,0,0,0,,,
822406fd-a62b-44f0-a535-1013ae9dd683,2025-09-25 14:06:08.268412 UTC,2025-09-25 14:06:29.229004 UTC,5,2025-09-25T14:06:08+00:00|2025-09-25T14:06:12+00:00|2025-09-25T14:06:20+00:00|2025-09-25T14:06:23+00:00|2025-09-25T14:06:29+00:00,America/Los_Angeles,,,,,,,,,0,0,0,0,0,0,0,0,0,0,0,0,0,0,0,0,0,0,0,0,0,0,0,0,0,0,0,0,,,
d27909a4-5a02-42df-995a-19765a240333,2025-09-25 14:14:02.094132 UTC,2025-09-25 14:14:09.056702 UTC,5,2025-09-25T14:14:02+00:00|2025-09-25T14:14:04+00:00|2025-09-25T14:14:05+00:00|2025-09-25T14:14:06+00:00|2025-09-25T14:14:09+00:00,America/Los_Angeles,,,,,,,,,0,0,0,0,0,0,0,0,0,0,0,0,0,0,0,0,0,0,0,0,0,0,0,0,0,0,0,0,,,
fef1c60e-be31-48d5-996a-616a5f7e9950,2025-09-25 14:18:46.76266 UTC,2025-09-25 14:18:53.269223 UTC,5,2025-09-25T14:18:46+00:00|2025-09-25T14:18:48+00:00|2025-09-25T14:18:50+00:00|2025-09-25T14:18:51+00:00|2025-09-25T14:18:53+00:00,America/Los_Angeles,,,,,,,,,0,0,0,0,0,0,0,0,0,0,0,0,0,0,0,0,0,0,0,0,0,0,0,0,0,0,0,0,,,
b00d2c77-89ec-4fbc-bf5d-e83f86a0bba3,2025-09-25 14:22:52.308277 UTC,2025-09-25 14:25:08.201041 UTC,9,2025-09-25T14:22:52+00:00|2025-09-25T14:22:54+00:00|2025-09-25T14:22:56+00:00|2025-09-25T14:22:57+00:00|2025-09-25T14:22:59+00:00|2025-09-25T14:24:45+00:00|2025-09-25T14:25:00+00:00|2025-09-25T14:25:04+00:00|2025-09-25T14:25:08+00:00,America/Los_Angeles,,,,,,,,,0,0,0,0,0,0,0,0,0,0,0,0,0,0,0,0,0,0,0,0,0,0,0,0,0,0,0,0,,,
94f1fe18-98af-4178-ae58-0570488b111c,2025-09-25 14:25:43.23194 UTC,2025-09-25 14:25:54.545871 UTC,9,2025-09-25T14:25:43+00:00|2025-09-25T14:25:44+00:00|2025-09-25T14:25:46+00:00|2025-09-25T14:25:47+00:00|2025-09-25T14:25:49+00:00|2025-09-25T14:25:52+00:00|2025-09-25T14:25:53+00:00|2025-09-25T14:25:53+00:00|2025-09-25T14:25:54+00:00,America/Los_Angeles,,,,,,,,,0,0,0,0,0,0,0,0,0,0,0,0,0,0,0,0,0,0,0,0,0,0,0,0,0,0,0,0,,,
c692bf86-bf10-4cbf-888a-8d54eacf266a,2025-09-25 14:26:49.508955 UTC,2025-09-25 14:27:02.757421 UTC,9,2025-09-25T14:26:49+00:00|2025-09-25T14:26:52+00:00|2025-09-25T14:26:54+00:00|2025-09-25T14:26:55+00:00|2025-09-25T14:26:56+00:00|2025-09-25T14:26:59+00:00|2025-09-25T14:27:00+00:00|2025-09-25T14:27:02+00:00|2025-09-25T14:27:02+00:00,America/Los_Angeles,,,,,,,,,0,0,0,0,0,0,0,0,0,0,0,0,0,0,0,0,0,0,0,0,0,0,0,0,0,0,0,0,,,
c899fc9a-2c5b-45b7-90a0-225472e54905,2025-09-25 14:28:09.402737 UTC,2025-09-25 14:28:32.666729 UTC,5,2025-09-25T14:28:09+00:00|2025-09-25T14:28:13+00:00|2025-09-25T14:28:21+00:00|2025-09-25T14:28:24+00:00|2025-09-25T14:28:32+00:00,America/Los_Angeles,,,,,,,,,0,0,0,0,0,0,0,0,0,0,0,0,0,0,0,0,0,0,0,0,0,0,0,0,0,0,0,0,,,
315a268a-a444-45be-9a6f-ae785e214b39,2025-09-25 14:33:25.675434 UTC,2025-09-25 14:33:32.291705 UTC,5,2025-09-25T14:33:25+00:00|2025-09-25T14:33:27+00:00|2025-09-25T14:33:29+00:00|2025-09-25T14:33:30+00:00|2025-09-25T14:33:32+00:00,America/Los_Angeles,,,,,,,,,0,0,0,0,0,0,0,0,0,0,0,0,0,0,0,0,0,0,0,0,0,0,0,0,0,0,0,0,,,
de1e9761-15d2-4cf1-b020-96a3aeabc12a,2025-09-25 14:33:50.496234 UTC,2025-09-25 14:34:43.445548 UTC,7,2025-09-25T14:33:50+00:00|2025-09-25T14:33:55+00:00|2025-09-25T14:34:05+00:00|2025-09-25T14:34:08+00:00|2025-09-25T14:34:29+00:00|2025-09-25T14:34:34+00:00|2025-09-25T14:34:43+00:00,America/Los_Angeles,,,,,,,,,0,0,0,0,0,0,0,0,0,0,0,0,0,0,0,0,0,0,0,0,0,0,0,0,0,0,0,0,,,
75ece75f-260e-4c8b-ac48-9f4c689754bb,2025-09-25 14:39:52.228702 UTC,2025-09-25 14:40:03.462931 UTC,7,2025-09-25T14:39:52+00:00|2025-09-25T14:39:54+00:00|2025-09-25T14:39:56+00:00|2025-09-25T14:39:56+00:00|2025-09-25T14:39:59+00:00|2025-09-25T14:40:02+00:00|2025-09-25T14:40:03+00:00,America/Los_Angeles,,,,,,,,,0,0,0,0,0,0,0,0,0,0,0,0,0,0,0,0,0,0,0,0,0,0,0,0,0,0,0,0,,,
57b1ffcd-7181-4145-b69b-69aad9d77b15,2025-09-25 14:47:17.645539 UTC,2025-09-25 14:47:27.63266 UTC,7,2025-09-25T14:47:17+00:00|2025-09-25T14:47:19+00:00|2025-09-25T14:47:21+00:00|2025-09-25T14:47:22+00:00|2025-09-25T14:47:24+00:00|2025-09-25T14:47:26+00:00|2025-09-25T14:47:27+00:00,America/Los_Angeles,,,,,,,,,0,0,0,0,0,0,0,0,0,0,0,0,0,0,0,0,0,0,0,0,0,0,0,0,0,0,0,0,,,
b4b9c347-6242-45b6-9cd4-5bd4ade1d202,2025-09-25 14:49:38.81169 UTC,2025-09-25 14:49:59.532718 UTC,5,2025-09-25T14:49:38+00:00|2025-09-25T14:49:42+00:00|2025-09-25T14:49:51+00:00|2025-09-25T14:49:52+00:00|2025-09-25T14:49:59+00:00,America/Los_Angeles,,,,,,,,,0,0,0,0,0,0,0,0,0,0,0,0,0,0,0,0,0,0,0,0,0,0,0,0,0,0,0,0,,,
13ac261b-aca8-423b-bb6d-f688576e2935,2025-09-25 14:50:58.477308 UTC,2025-09-25 14:55:09.657705 UTC,8,2025-09-25T14:50:58+00:00|2025-09-25T14:51:03+00:00|2025-09-25T14:51:21+00:00|2025-09-25T14:51:24+00:00|2025-09-25T14:54:15+00:00|2025-09-25T14:54:22+00:00|2025-09-25T14:54:25+00:00|2025-09-25T14:55:09+00:00,America/Los_Angeles,,,,,,,,,0,0,0,0,0,0,0,0,0,0,0,0,0,0,0,0,0,0,0,0,0,0,0,0,0,0,0,0,,,
e9ba081f-ef87-42a6-a660-a79d7f95febc,2025-09-25 14:59:04.52804 UTC,2025-09-25 14:59:16.212515 UTC,8,2025-09-25T14:59:04+00:00|2025-09-25T14:59:05+00:00|2025-09-25T14:59:08+00:00|2025-09-25T14:59:10+00:00|2025-09-25T14:59:12+00:00|2025-09-25T14:59:13+00:00|2025-09-25T14:59:15+00:00|2025-09-25T14:59:16+00:00,America/Los_Angeles,,,,,,,,,0,0,0,0,0,0,0,0,0,0,0,0,0,0,0,0,0,0,0,0,0,0,0,0,0,0,0,0,,,
6f578dfb-d57f-4aa2-8c8f-78fa3da77c92,2025-09-25 14:59:28.665829 UTC,2025-09-25 15:00:15.062348 UTC,7,2025-09-25T14:59:28+00:00|2025-09-25T14:59:32+00:00|2025-09-25T14:59:44+00:00|2025-09-25T14:59:47+00:00|2025-09-25T14:59:57+00:00|2025-09-25T15:00:02+00:00|2025-09-25T15:00:15+00:00,America/Los_Angeles,,,,,,,,,0,0,0,0,0,0,0,0,0,0,0,0,0,0,0,0,0,0,0,0,0,0,0,0,0,0,0,0,,,
daaef124-1895-498a-8a53-92af97a5e2b0,2025-09-25 15:03:57.990453 UTC,2025-09-25 15:04:08.593446 UTC,7,2025-09-25T15:03:57+00:00|2025-09-25T15:04:00+00:00|2025-09-25T15:04:02+00:00|2025-09-25T15:04:03+00:00|2025-09-25T15:04:05+00:00|2025-09-25T15:04:07+00:00|2025-09-25T15:04:08+00:00,America/Los_Angeles,,,,,,,,,0,0,0,0,0,0,0,0,0,0,0,0,0,0,0,0,0,0,0,0,0,0,0,0,0,0,0,0,,,
d4b8b051-8bfb-4f20-9f9b-12c4358b6979,2025-09-25 15:05:45.883239 UTC,2025-09-25 15:12:57.043983 UTC,8,2025-09-25T15:05:45+00:00|2025-09-25T15:05:47+00:00|2025-09-25T15:05:49+00:00|2025-09-25T15:05:50+00:00|2025-09-25T15:05:52+00:00|2025-09-25T15:05:54+00:00|2025-09-25T15:05:55+00:00|2025-09-25T15:12:57+00:00,America/Los_Angeles,,,,,,,,,0,0,0,0,0,0,0,0,0,0,0,0,0,0,0,0,0,0,0,0,0,0,0,0,0,0,0,0,,,
081MIzwoyqLTDGEuUP_-jAa-Q,2025-09-25 15:07:57.047389 UTC,2025-09-25 15:09:54.015779 UTC,8,2025-09-25T15:07:57+00:00|2025-09-25T15:08:02+00:00|2025-09-25T15:08:14+00:00|2025-09-25T15:08:35+00:00|2025-09-25T15:08:56+00:00|2025-09-25T15:09:17+00:00|2025-09-25T15:09:27+00:00|2025-09-25T15:09:54+00:00,,,,,,,,,,0,0,0,0,0,0,0,0,0,0,0,0,0,0,0,0,0,0,0,0,0,0,0,0,0,0,0,0,,,
b0890d97-3d70-49ef-a601-309e5453d195,2025-09-25 15:13:07.87338 UTC,2025-09-25 15:13:56.669323 UTC,7,2025-09-25T15:13:07+00:00|2025-09-25T15:13:12+00:00|2025-09-25T15:13:21+00:00|2025-09-25T15:13:35+00:00|2025-09-25T15:13:40+00:00|2025-09-25T15:13:51+00:00|2025-09-25T15:13:56+00:00,America/Los_Angeles,,,,,,,,,0,0,0,0,0,0,0,0,0,0,0,0,0,0,0,0,0,0,0,0,0,0,0,0,0,0,0,0,,,
4bed93b6-e7e1-47ba-be16-b16cefcfaf42,2025-09-25 15:16:44.74699 UTC,2025-09-25 15:16:55.323274 UTC,7,2025-09-25T15:16:44+00:00|2025-09-25T15:16:46+00:00|2025-09-25T15:16:48+00:00|2025-09-25T15:16:49+00:00|2025-09-25T15:16:50+00:00|2025-09-25T15:16:52+00:00|2025-09-25T15:16:55+00:00,America/Los_Angeles,,,,,,,,,0,0,0,0,0,0,0,0,0,0,0,0,0,0,0,0,0,0,0,0,0,0,0,0,0,0,0,0,,,
081vETEgsFfQZSYDYbjbuFhxQ,2025-09-25 15:17:36.468637 UTC,2025-09-25 15:20:05.539918 UTC,10,2025-09-25T15:17:36+00:00|2025-09-25T15:17:42+00:00|2025-09-25T15:17:54+00:00|2025-09-25T15:18:14+00:00|2025-09-25T15:18:32+00:00|2025-09-25T15:18:54+00:00|2025-09-25T15:19:13+00:00|2025-09-25T15:19:33+00:00|2025-09-25T15:19:50+00:00|2025-09-25T15:20:05+00:00,,,,,,,,,,0,0,0,0,0,0,0,0,0,0,0,0,0,0,0,0,0,0,0,0,0,0,0,0,0,0,0,0,,,
065sh0d-3cwT3-4MQDx104NxA,2025-09-25 15:22:45.321972 UTC,2025-09-25 15:25:46.030193 UTC,12,2025-09-25T15:22:45+00:00|2025-09-25T15:22:50+00:00|2025-09-25T15:23:02+00:00|2025-09-25T15:23:20+00:00|2025-09-25T15:23:43+00:00|2025-09-25T15:24:02+00:00|2025-09-25T15:24:20+00:00|2025-09-25T15:24:40+00:00|2025-09-25T15:24:59+00:00|2025-09-25T15:25:12+00:00|2025-09-25T15:25:23+00:00|2025-09-25T15:25:46+00:00,,,,,,,,,,0,0,0,0,0,0,0,0,0,0,0,0,0,0,0,0,0,0,0,0,0,0,0,0,0,0,0,0,,,
838217e9-b4bf-4fe8-81dd-ab75013dc089,2025-09-25 15:36:42.69854 UTC,2025-09-25 15:37:55.813729 UTC,9,2025-09-25T15:36:42+00:00|2025-09-25T15:36:51+00:00|2025-09-25T15:37:12+00:00|2025-09-25T15:37:15+00:00|2025-09-25T15:37:23+00:00|2025-09-25T15:37:28+00:00|2025-09-25T15:37:42+00:00|2025-09-25T15:37:48+00:00|2025-09-25T15:37:55+00:00,America/Los_Angeles,,,,,,,,,0,0,0,0,0,0,0,0,0,0,0,0,0,0,0,0,0,0,0,0,0,0,0,0,0,0,0,0,,,
1201d4a7-a0eb-44cb-a2a6-5300a0ae60c9,2025-09-25 15:38:02.493859 UTC,2025-09-25 15:39:19.244051 UTC,11,2025-09-25T15:38:02+00:00|2025-09-25T15:38:09+00:00|2025-09-25T15:38:13+00:00|2025-09-25T15:38:15+00:00|2025-09-25T15:38:27+00:00|2025-09-25T15:38:35+00:00|2025-09-25T15:38:39+00:00|2025-09-25T15:38:53+00:00|2025-09-25T15:38:59+00:00|2025-09-25T15:39:07+00:00|2025-09-25T15:39:19+00:00,America/Los_Angeles,,,,,,,,,0,0,0,0,0,0,0,0,0,0,0,0,0,0,0,0,0,0,0,0,0,0,0,0,0,0,0,0,,,
74d38791-be9e-457b-ac71-b9dfbf3423ba,2025-09-25 16:42:21.075096 UTC,2025-09-25 16:42:39.295227 UTC,9,2025-09-25T16:42:21+00:00|2025-09-25T16:42:26+00:00|2025-09-25T16:42:28+00:00|2025-09-25T16:42:29+00:00|2025-09-25T16:42:31+00:00|2025-09-25T16:42:35+00:00|2025-09-25T16:42:36+00:00|2025-09-25T16:42:38+00:00|2025-09-25T16:42:39+00:00,America/Los_Angeles,,,,,,,,,0,0,0,0,0,0,0,0,0,0,0,0,0,0,0,0,0,0,0,0,0,0,0,0,0,0,0,0,,,
51a4ead1-1790-47d3-8b84-73e30479b8a8,2025-09-25 18:14:48.166436 UTC,2025-09-25 18:16:37.418398 UTC,12,2025-09-25T18:14:48+00:00|2025-09-25T18:14:55+00:00|2025-09-25T18:15:00+00:00|2025-09-25T18:15:03+00:00|2025-09-25T18:15:09+00:00|2025-09-25T18:15:22+00:00|2025-09-25T18:15:29+00:00|2025-09-25T18:15:34+00:00|2025-09-25T18:15:39+00:00|2025-09-25T18:15:47+00:00|2025-09-25T18:16:16+00:00|2025-09-25T18:16:37+00:00,America/Los_Angeles,,,,,,,,,0,0,0,0,0,0,0,0,0,0,0,0,0,0,0,0,0,0,0,0,0,0,0,0,0,0,0,0,,,
40f865f0-ef52-4131-a484-949572727a74,2025-09-25 18:18:08.455923 UTC,2025-09-25 18:18:36.433171 UTC,4,2025-09-25T18:18:08+00:00|2025-09-25T18:18:14+00:00|2025-09-25T18:18:30+00:00|2025-09-25T18:18:36+00:00,America/Los_Angeles,,,,,,,,,0,0,0,0,0,0,0,0,0,0,0,0,0,0,0,0,0,0,0,0,0,0,0,0,0,0,0,0,,,
e005a11b-a724-464e-8ec6-d5d840953dd1,2025-09-25 18:21:40.704837 UTC,2025-09-25 18:21:44.664564 UTC,4,2025-09-25T18:21:40+00:00|2025-09-25T18:21:42+00:00|2025-09-25T18:21:43+00:00|2025-09-25T18:21:44+00:00,America/Los_Angeles,,,,,,,,,0,0,0,0,0,0,0,0,0,0,0,0,0,0,0,0,0,0,0,0,0,0,0,0,0,0,0,0,,,
081b4FgQ5nARaWeW65i8xcIvQ,2025-09-25 18:25:56.663492 UTC,2025-09-25 18:27:59.979906 UTC,10,2025-09-25T18:25:56+00:00|2025-09-25T18:26:01+00:00|2025-09-25T18:26:12+00:00|2025-09-25T18:26:36+00:00|2025-09-25T18:26:55+00:00|2025-09-25T18:27:13+00:00|2025-09-25T18:27:28+00:00|2025-09-25T18:27:48+00:00|2025-09-25T18:27:54+00:00|2025-09-25T18:27:59+00:00,,false,false,,,false,,,,0,0,0,0,0,0,0,0,0,0,0,0,0,0,0,0,0,0,0,0,0,0,0,0,0,0,0,0,,,
2cbda669-5c52-420d-b8f0-335404ed4fa9,2025-09-25 18:26:55.721818 UTC,2025-09-25 18:27:46.889913 UTC,7,2025-09-25T18:26:55+00:00|2025-09-25T18:26:59+00:00|2025-09-25T18:27:05+00:00|2025-09-25T18:27:09+00:00|2025-09-25T18:27:11+00:00|2025-09-25T18:27:12+00:00|2025-09-25T18:27:46+00:00,America/Los_Angeles,,,,,,,,,0,0,0,0,0,0,0,0,0,0,0,0,0,0,0,0,0,0,0,0,0,0,0,0,0,0,0,0,,,
7b444305-d71c-449a-a243-f19729a83c59,2025-09-25 18:28:01.969675 UTC,2025-09-25 18:28:16.24325 UTC,3,2025-09-25T18:28:01+00:00|2025-09-25T18:28:07+00:00|2025-09-25T18:28:16+00:00,America/Los_Angeles,,,,,,,,,0,0,0,0,0,0,0,0,0,0,0,0,0,0,0,0,0,0,0,0,0,0,0,0,0,0,0,0,,,
081vaGu9AY7TMO2JkBrocm0aQ,2025-09-25 18:30:19.325547 UTC,2025-09-25 18:31:33.279978 UTC,6,2025-09-25T18:30:19+00:00|2025-09-25T18:30:23+00:00|2025-09-25T18:30:35+00:00|2025-09-25T18:30:53+00:00|2025-09-25T18:31:16+00:00|2025-09-25T18:31:33+00:00,,,,,,,,,,0,0,0,0,0,0,0,0,0,0,0,0,0,0,0,0,0,0,0,0,0,0,0,0,0,0,0,0,,,
119GqNlyetVTHKJr57e4z7ZKw,2025-09-25 18:34:25.241842 UTC,2025-09-25 18:35:51.333554 UTC,7,2025-09-25T18:34:25+00:00|2025-09-25T18:34:29+00:00|2025-09-25T18:34:42+00:00|2025-09-25T18:35:00+00:00|2025-09-25T18:35:21+00:00|2025-09-25T18:35:36+00:00|2025-09-25T18:35:51+00:00,,,,,,,,,,0,0,0,0,0,0,0,0,0,0,0,0,0,0,0,0,0,0,0,0,0,0,0,0,0,0,0,0,,,
d9d5cf12-2d1a-4474-9b3e-14317bbb5a71,2025-09-25 18:39:39.147971 UTC,2025-09-25 18:40:00.868663 UTC,5,2025-09-25T18:39:39+00:00|2025-09-25T18:39:43+00:00|2025-09-25T18:39:50+00:00|2025-09-25T18:39:53+00:00|2025-09-25T18:40:00+00:00,America/Los_Angeles,,,,,,,,,0,0,0,0,0,0,0,0,0,0,0,0,0,0,0,0,0,0,0,0,0,0,0,0,0,0,0,0,,,
103ERecvaD4QESzaSIM7PEa-g,2025-09-25 18:40:52.729682 UTC,2025-09-25 18:43:24.507497 UTC,12,2025-09-25T18:40:52+00:00|2025-09-25T18:40:56+00:00|2025-09-25T18:41:07+00:00|2025-09-25T18:41:27+00:00|2025-09-25T18:41:47+00:00|2025-09-25T18:42:03+00:00|2025-09-25T18:42:17+00:00|2025-09-25T18:42:33+00:00|2025-09-25T18:42:50+00:00|2025-09-25T18:42:58+00:00|2025-09-25T18:43:14+00:00|2025-09-25T18:43:24+00:00,,,,,,,,,,0,0,0,0,0,0,0,0,0,0,0,0,0,0,0,0,0,0,0,0,0,0,0,0,0,0,0,0,,,
119kEALU9QmS2OdjoZJvxYKTw,2025-09-25 18:48:06.6201 UTC,2025-09-25 18:51:52.988847 UTC,15,2025-09-25T18:48:06+00:00|2025-09-25T18:48:10+00:00|2025-09-25T18:48:22+00:00|2025-09-25T18:48:48+00:00|2025-09-25T18:49:10+00:00|2025-09-25T18:49:41+00:00|2025-09-25T18:49:47+00:00|2025-09-25T18:50:08+00:00|2025-09-25T18:50:17+00:00|2025-09-25T18:50:33+00:00|2025-09-25T18:50:45+00:00|2025-09-25T18:50:58+00:00|2025-09-25T18:51:15+00:00|2025-09-25T18:51:39+00:00|2025-09-25T18:51:52+00:00,,,,,,,,,,0,0,0,0,0,0,0,0,0,0,0,0,0,0,0,0,0,0,0,0,0,0,0,0,0,0,0,0,,,
103q3kWwc0qRLGrdmxyeQYPGg,2025-09-25 18:57:10.614286 UTC,2025-09-25 18:58:55.41704 UTC,8,2025-09-25T18:57:10+00:00|2025-09-25T18:57:14+00:00|2025-09-25T18:57:25+00:00|2025-09-25T18:57:43+00:00|2025-09-25T18:58:03+00:00|2025-09-25T18:58:22+00:00|2025-09-25T18:58:38+00:00|2025-09-25T18:58:55+00:00,,,,,,,,,,0,0,0,0,0,0,0,0,0,0,0,0,0,0,0,0,0,0,0,0,0,0,0,0,0,0,0,0,,,
9b6d6576-1477-4f35-8d2e-de53970fb1ee,2025-09-25 19:01:25.919462 UTC,2025-09-25 19:01:47.366527 UTC,4,2025-09-25T19:01:25+00:00|2025-09-25T19:01:33+00:00|2025-09-25T19:01:42+00:00|2025-09-25T19:01:47+00:00,America/Los_Angeles,,,,,,,,,0,0,0,0,0,0,0,0,0,0,0,0,0,0,0,0,0,0,0,0,0,0,0,0,0,0,0,0,,,
119AWKV6iUJSpibELP9A9-d3w,2025-09-25 19:01:37.166214 UTC,2025-09-25 19:02:36.257604 UTC,5,2025-09-25T19:01:37+00:00|2025-09-25T19:01:41+00:00|2025-09-25T19:01:53+00:00|2025-09-25T19:02:15+00:00|2025-09-25T19:02:36+00:00,,,,,,,,,,0,0,0,0,0,0,0,0,0,0,0,0,0,0,0,0,0,0,0,0,0,0,0,0,0,0,0,0,,,
006b0313-bb89-4dae-8c77-767689ccddbd,2025-09-25 19:02:44.366579 UTC,2025-09-25 19:04:56.835421 UTC,11,2025-09-25T19:02:44+00:00|2025-09-25T19:02:50+00:00|2025-09-25T19:02:59+00:00|2025-09-25T19:03:17+00:00|2025-09-25T19:03:37+00:00|2025-09-25T19:03:47+00:00|2025-09-25T19:03:51+00:00|2025-09-25T19:04:05+00:00|2025-09-25T19:04:31+00:00|2025-09-25T19:04:43+00:00|2025-09-25T19:04:56+00:00,America/Los_Angeles,,,,,,,,,0,0,0,0,0,0,0,0,0,0,0,0,0,0,0,0,0,0,0,0,0,0,0,0,0,0,0,0,,,
119xv8C3IzSRcSMANuh9UN9Cw,2025-09-25 19:03:37.149624 UTC,2025-09-25 19:04:59.323298 UTC,7,2025-09-25T19:03:37+00:00|2025-09-25T19:03:41+00:00|2025-09-25T19:03:53+00:00|2025-09-25T19:04:12+00:00|2025-09-25T19:04:33+00:00|2025-09-25T19:04:51+00:00|2025-09-25T19:04:59+00:00,,,,,,,,,,0,0,0,0,0,0,0,0,0,0,0,0,0,0,0,0,0,0,0,0,0,0,0,0,0,0,0,0,,,
119QQLLPD3GSDG7n8NYUG4Hyw,2025-09-25 19:29:54.212007 UTC,2025-09-25 19:30:34.34778 UTC,4,2025-09-25T19:29:54+00:00|2025-09-25T19:30:00+00:00|2025-09-25T19:30:12+00:00|2025-09-25T19:30:34+00:00,,,,,,,,,,0,0,0,0,0,0,0,0,0,0,0,0,0,0,0,0,0,0,0,0,0,0,0,0,0,0,0,0,,,
10362Rru_C-RmqEiz_3y6Xrzg,2025-09-25 19:31:45.265958 UTC,2025-09-25 19:32:26.548949 UTC,4,2025-09-25T19:31:45+00:00|2025-09-25T19:31:49+00:00|2025-09-25T19:32:00+00:00|2025-09-25T19:32:26+00:00,,,,,,,,,,0,0,0,0,0,0,0,0,0,0,0,0,0,0,0,0,0,0,0,0,0,0,0,0,0,0,0,0,,,
28ae597b-aafd-476c-b600-453e9d29179f,2025-09-25 19:33:58.23505 UTC,2025-09-25 19:34:21.948715 UTC,5,2025-09-25T19:33:58+00:00|2025-09-25T19:34:04+00:00|2025-09-25T19:34:10+00:00|2025-09-25T19:34:14+00:00|2025-09-25T19:34:21+00:00,America/Los_Angeles,,,,,,,,,0,0,0,0,0,0,0,0,0,0,0,0,0,0,0,0,0,0,0,0,0,0,0,0,0,0,0,0,,,
31f83062-0dc9-4da8-88b5-ede2a22955d7,2025-09-25 19:34:14.772345 UTC,2025-09-25 19:34:43.717552 UTC,4,2025-09-25T19:34:14+00:00|2025-09-25T19:34:22+00:00|2025-09-25T19:34:40+00:00|2025-09-25T19:34:43+00:00,America/Los_Angeles,,,,,,,,,0,0,0,0,0,0,0,0,0,0,0,0,0,0,0,0,0,0,0,0,0,0,0,0,0,0,0,0,,,
081O0dlQ4BxSHCVJsOwAVqfwQ,2025-09-25 19:41:31.763184 UTC,2025-09-25 19:42:09.023128 UTC,4,2025-09-25T19:41:31+00:00|2025-09-25T19:41:35+00:00|2025-09-25T19:41:48+00:00|2025-09-25T19:42:09+00:00,,,,,,,,,,0,0,0,0,0,0,0,0,0,0,0,0,0,0,0,0,0,0,0,0,0,0,0,0,0,0,0,0,,,
327b9f8e-ae76-402b-8757-e9fddfac62d0,2025-09-25 19:43:58.60118 UTC,2025-09-25 19:44:45.210975 UTC,5,2025-09-25T19:43:58+00:00|2025-09-25T19:44:03+00:00|2025-09-25T19:44:06+00:00|2025-09-25T19:44:17+00:00|2025-09-25T19:44:45+00:00,America/Los_Angeles,,,,,,,,,0,0,0,0,0,0,0,0,0,0,0,0,0,0,0,0,0,0,0,0,0,0,0,0,0,0,0,0,,,
065cx2RhnCsS8qn3sDzONzSAA,2025-09-25 19:57:58.657149 UTC,2025-09-25 20:02:38.515025 UTC,18,2025-09-25T19:57:58+00:00|2025-09-25T19:58:04+00:00|2025-09-25T19:58:17+00:00|2025-09-25T19:58:39+00:00|2025-09-25T19:59:01+00:00|2025-09-25T19:59:19+00:00|2025-09-25T19:59:37+00:00|2025-09-25T20:00:01+00:00|2025-09-25T20:00:22+00:00|2025-09-25T20:00:42+00:00|2025-09-25T20:01:04+00:00|2025-09-25T20:01:16+00:00|2025-09-25T20:01:43+00:00|2025-09-25T20:01:52+00:00|2025-09-25T20:02:06+00:00|2025-09-25T20:02:15+00:00|2025-09-25T20:02:26+00:00|2025-09-25T20:02:38+00:00,,,,,,,,,,0,0,0,0,0,0,0,0,0,0,0,0,0,0,0,0,0,0,0,0,0,0,0,0,0,0,0,0,,,
081qLpHi9iATHiMh4z1Yx7a4Q,2025-09-25 19:59:45.954197 UTC,2025-09-25 20:02:30.103974 UTC,10,2025-09-25T19:59:45+00:00|2025-09-25T19:59:52+00:00|2025-09-25T20:00:03+00:00|2025-09-25T20:00:27+00:00|2025-09-25T20:00:49+00:00|2025-09-25T20:01:07+00:00|2025-09-25T20:01:29+00:00|2025-09-25T20:01:51+00:00|2025-09-25T20:02:11+00:00|2025-09-25T20:02:30+00:00,,,,,,,,,,0,0,0,0,0,0,0,0,0,0,0,0,0,0,0,0,0,0,0,0,0,0,0,0,0,0,0,0,,,
119ZMkf-dFXTOqvC6q-YIN46w,2025-09-25 20:05:33.712013 UTC,2025-09-25 20:08:29.164882 UTC,13,2025-09-25T20:05:33+00:00|2025-09-25T20:05:39+00:00|2025-09-25T20:05:52+00:00|2025-09-25T20:06:09+00:00|2025-09-25T20:06:31+00:00|2025-09-25T20:06:54+00:00|2025-09-25T20:07:01+00:00|2025-09-25T20:07:20+00:00|2025-09-25T20:07:32+00:00|2025-09-25T20:07:54+00:00|2025-09-25T20:08:00+00:00|2025-09-25T20:08:08+00:00|2025-09-25T20:08:29+00:00,,,,,,,,,,0,0,0,0,0,0,0,0,0,0,0,0,0,0,0,0,0,0,0,0,0,0,0,0,0,0,0,0,,,
1194NRb2arXQDinFGsIBjU_dw,2025-09-25 20:47:15.350975 UTC,2025-09-25 20:48:17.451311 UTC,5,2025-09-25T20:47:15+00:00|2025-09-25T20:47:24+00:00|2025-09-25T20:47:37+00:00|2025-09-25T20:47:56+00:00|2025-09-25T20:48:17+00:00,,,,,,,,,,0,0,0,0,0,0,0,0,0,0,0,0,0,0,0,0,0,0,0,0,0,0,0,0,0,0,0,0,,,
103GKbxcX8vSJGIcfYHaMYEGg,2025-09-25 20:50:22.385069 UTC,2025-09-25 20:52:09.135381 UTC,9,2025-09-25T20:50:22+00:00|2025-09-25T20:50:28+00:00|2025-09-25T20:50:40+00:00|2025-09-25T20:50:57+00:00|2025-09-25T20:51:18+00:00|2025-09-25T20:51:36+00:00|2025-09-25T20:51:55+00:00|2025-09-25T20:52:00+00:00|2025-09-25T20:52:09+00:00,,,,,,,,,,0,0,0,0,0,0,0,0,0,0,0,0,0,0,0,0,0,0,0,0,0,0,0,0,0,0,0,0,,,
0d8680ac-b8a6-46a6-a272-22df6b87cfa2,2025-09-25 21:08:06.099697 UTC,2025-09-25 21:09:21.71553 UTC,7,2025-09-25T21:08:06+00:00|2025-09-25T21:08:55+00:00|2025-09-25T21:08:57+00:00|2025-09-25T21:08:59+00:00|2025-09-25T21:09:08+00:00|2025-09-25T21:09:12+00:00|2025-09-25T21:09:21+00:00,America/Los_Angeles,,,,,,,,,0,0,0,0,0,0,0,0,0,0,0,0,0,0,0,0,0,0,0,0,0,0,0,0,0,0,0,0,,,
86bbe2e7-8b31-4380-8666-ce7ce5ce7367,2025-09-25 21:10:33.358397 UTC,2025-09-25 21:10:42.582112 UTC,7,2025-09-25T21:10:33+00:00|2025-09-25T21:10:35+00:00|2025-09-25T21:10:36+00:00|2025-09-25T21:10:37+00:00|2025-09-25T21:10:39+00:00|2025-09-25T21:10:41+00:00|2025-09-25T21:10:42+00:00,America/Los_Angeles,,,,,,,,,0,0,0,0,0,0,0,0,0,0,0,0,0,0,0,0,0,0,0,0,0,0,0,0,0,0,0,0,,,
607402b6-b7d8-416e-96f4-5a17d3658e70,2025-09-25 21:12:19.051448 UTC,2025-09-25 21:12:30.467903 UTC,7,2025-09-25T21:12:19+00:00|2025-09-25T21:12:22+00:00|2025-09-25T21:12:23+00:00|2025-09-25T21:12:23+00:00|2025-09-25T21:12:26+00:00|2025-09-25T21:12:29+00:00|2025-09-25T21:12:30+00:00,America/Los_Angeles,,,,,,,,,0,0,0,0,0,0,0,0,0,0,0,0,0,0,0,0,0,0,0,0,0,0,0,0,0,0,0,0,,,
065rzwuYuiLRGCemMTiuX5moA,2025-09-25 21:14:37.926108 UTC,2025-09-25 21:16:13.102298 UTC,7,2025-09-25T21:14:37+00:00|2025-09-25T21:14:43+00:00|2025-09-25T21:14:55+00:00|2025-09-25T21:15:17+00:00|2025-09-25T21:15:38+00:00|2025-09-25T21:16:06+00:00|2025-09-25T21:16:13+00:00,,,,,,,,,,0,0,0,0,0,0,0,0,0,0,0,0,0,0,0,0,0,0,0,0,0,0,0,0,0,0,0,0,,,
119AqDbehkVRuSy7wGf8SSxnw,2025-09-25 21:18:00.203716 UTC,2025-09-25 21:19:29.796826 UTC,8,2025-09-25T21:18:00+00:00|2025-09-25T21:18:06+00:00|2025-09-25T21:18:17+00:00|2025-09-25T21:18:40+00:00|2025-09-25T21:18:50+00:00|2025-09-25T21:19:15+00:00|2025-09-25T21:19:21+00:00|2025-09-25T21:19:29+00:00,,,,,,,,,,0,0,0,0,0,0,0,0,0,0,0,0,0,0,0,0,0,0,0,0,0,0,0,0,0,0,0,0,,,
081tMMjLBR2T2mTQvf1hHSw1Q,2025-09-25 21:21:09.970022 UTC,2025-09-25 21:22:28.272265 UTC,7,2025-09-25T21:21:09+00:00|2025-09-25T21:21:14+00:00|2025-09-25T21:21:26+00:00|2025-09-25T21:21:44+00:00|2025-09-25T21:21:52+00:00|2025-09-25T21:22:21+00:00|2025-09-25T21:22:28+00:00,,,,,,,,,,0,0,0,0,0,0,0,0,0,0,0,0,0,0,0,0,0,0,0,0,0,0,0,0,0,0,0,0,,,
065thNyUJE9SGSiJEMuBZfF_A,2025-09-25 21:28:02.185745 UTC,2025-09-25 21:29:28.227644 UTC,8,2025-09-25T21:28:02+00:00|2025-09-25T21:28:07+00:00|2025-09-25T21:28:20+00:00|2025-09-25T21:28:39+00:00|2025-09-25T21:28:53+00:00|2025-09-25T21:29:05+00:00|2025-09-25T21:29:19+00:00|2025-09-25T21:29:28+00:00,,,,,,,,,,0,0,0,0,0,0,0,0,0,0,0,0,0,0,0,0,0,0,0,0,0,0,0,0,0,0,0,0,,,
119RD04dyaFSjaq_ftGvObLnw,2025-09-25 21:40:02.75893 UTC,2025-09-25 21:42:10.001556 UTC,11,2025-09-25T21:40:02+00:00|2025-09-25T21:40:08+00:00|2025-09-25T21:40:17+00:00|2025-09-25T21:40:30+00:00|2025-09-25T21:40:51+00:00|2025-09-25T21:41:10+00:00|2025-09-25T21:41:26+00:00|2025-09-25T21:41:35+00:00|2025-09-25T21:41:43+00:00|2025-09-25T21:41:54+00:00|2025-09-25T21:42:10+00:00,,,,,,,,,,0,0,0,0,0,0,0,0,0,0,0,0,0,0,0,0,0,0,0,0,0,0,0,0,0,0,0,0,,,
065nXo5LcQMTtO_10sgXafJZA,2025-09-25 21:44:27.380317 UTC,2025-09-25 21:46:57.840888 UTC,10,2025-09-25T21:44:27+00:00|2025-09-25T21:44:32+00:00|2025-09-25T21:44:43+00:00|2025-09-25T21:45:07+00:00|2025-09-25T21:45:17+00:00|2025-09-25T21:45:41+00:00|2025-09-25T21:45:51+00:00|2025-09-25T21:46:09+00:00|2025-09-25T21:46:32+00:00|2025-09-25T21:46:57+00:00,,,,,,,,,,0,0,0,0,0,0,0,0,0,0,0,0,0,0,0,0,0,0,0,0,0,0,0,0,0,0,0,0,,,
e265f2e7-c7d2-489c-8ef4-477a2fb061ca,2025-09-26 09:47:22.671573 UTC,2025-09-26 09:47:22.671573 UTC,1,2025-09-26T09:47:22+00:00,America/Los_Angeles,,,,,,,,,0,0,0,0,0,0,0,0,0,0,0,0,0,0,0,0,0,0,0,0,0,0,0,0,0,0,0,0,,,
46cc70c7-4aa8-4570-af56-58605b193a3a,2025-09-26 09:47:38.066651 UTC,2025-09-26 09:47:49.727616 UTC,2,2025-09-26T09:47:38+00:00|2025-09-26T09:47:49+00:00,America/Los_Angeles,,,,,,,,,0,0,0,0,0,0,0,0,0,0,0,0,0,0,0,0,0,0,0,0,0,0,0,0,0,0,0,0,,,
e7f77c68-af5e-4d76-b9b4-4fd5bd3d6f8b,2025-09-26 09:54:05.145223 UTC,2025-09-26 10:08:43.978343 UTC,8,2025-09-26T09:54:05+00:00|2025-09-26T09:54:18+00:00|2025-09-26T10:07:06+00:00|2025-09-26T10:07:56+00:00|2025-09-26T10:08:16+00:00|2025-09-26T10:08:23+00:00|2025-09-26T10:08:33+00:00|2025-09-26T10:08:43+00:00,America/Los_Angeles,,,,,,,,,0,0,0,0,0,0,0,0,0,0,0,0,0,0,0,0,0,0,0,0,0,0,0,0,0,0,0,0,,,
3bfe43df-1e3e-4b1c-8326-623898d7e7b6,2025-09-26 09:55:25.762287 UTC,2025-09-26 09:55:35.133183 UTC,2,2025-09-26T09:55:25+00:00|2025-09-26T09:55:35+00:00,America/Los_Angeles,,,,,,,,,0,0,0,0,0,0,0,0,0,0,0,0,0,0,0,0,0,0,0,0,0,0,0,0,0,0,0,0,,,
2457b990-f103-4b09-add3-99c5946f9a8c,2025-09-26 09:57:13.730755 UTC,2025-09-26 10:15:08.815486 UTC,8,2025-09-26T09:57:13+00:00|2025-09-26T09:57:15+00:00|2025-09-26T10:05:06+00:00|2025-09-26T10:05:23+00:00|2025-09-26T10:05:29+00:00|2025-09-26T10:07:10+00:00|2025-09-26T10:14:25+00:00|2025-09-26T10:15:08+00:00,America/Los_Angeles,,,,,,,,,0,0,0,0,0,0,0,0,0,0,0,0,0,0,0,0,0,0,0,0,0,0,0,0,0,0,0,0,,,
db75424f-8e8c-4a3d-adc3-f2ea18109d61,2025-09-26 10:04:04.290699 UTC,2025-09-26 10:04:15.882189 UTC,2,2025-09-26T10:04:04+00:00|2025-09-26T10:04:15+00:00,America/Los_Angeles,,,,,,,,,0,0,0,0,0,0,0,0,0,0,0,0,0,0,0,0,0,0,0,0,0,0,0,0,0,0,0,0,,,
5ccb6225-234a-4f6f-b323-65dd68cae2a2,2025-09-26 10:06:42.128361 UTC,2025-09-26 10:06:43.998533 UTC,2,2025-09-26T10:06:42+00:00|2025-09-26T10:06:43+00:00,America/Los_Angeles,,,,,,,,,0,0,0,0,0,0,0,0,0,0,0,0,0,0,0,0,0,0,0,0,0,0,0,0,0,0,0,0,,,
0337d741-dfd5-4db0-ba5e-7a7f19c0ffc4,2025-09-26 10:08:52.673474 UTC,2025-09-26 10:09:55.587819 UTC,9,2025-09-26T10:08:52+00:00|2025-09-26T10:08:59+00:00|2025-09-26T10:09:06+00:00|2025-09-26T10:09:17+00:00|2025-09-26T10:09:22+00:00|2025-09-26T10:09:33+00:00|2025-09-26T10:09:43+00:00|2025-09-26T10:09:50+00:00|2025-09-26T10:09:55+00:00,America/Los_Angeles,,,,,,,,,0,0,0,0,0,0,0,0,0,0,0,0,0,0,0,0,0,0,0,0,0,0,0,0,0,0,0,0,,,
925395b3-469c-4c7b-9397-833fa320b196,2025-09-26 10:14:03.796761 UTC,2025-09-26 10:14:07.183511 UTC,2,2025-09-26T10:14:03+00:00|2025-09-26T10:14:07+00:00,America/Los_Angeles,,,,,,,,,0,0,0,0,0,0,0,0,0,0,0,0,0,0,0,0,0,0,0,0,0,0,0,0,0,0,0,0,,,
55a20c12-7829-4be5-8c81-914e8b061840,2025-09-26 10:17:14.698093 UTC,2025-09-26 10:17:16.730448 UTC,2,2025-09-26T10:17:14+00:00|2025-09-26T10:17:16+00:00,America/Los_Angeles,,,,,,,,,0,0,0,0,0,0,0,0,0,0,0,0,0,0,0,0,0,0,0,0,0,0,0,0,0,0,0,0,,,
d05853a1-0ff1-4eca-b65d-97bd0ea604f2,2025-09-26 10:57:30.639348 UTC,2025-09-26 10:59:07.674195 UTC,5,2025-09-26T10:57:30+00:00|2025-09-26T10:58:49+00:00|2025-09-26T10:58:54+00:00|2025-09-26T10:58:58+00:00|2025-09-26T10:59:07+00:00,America/Los_Angeles,,,,,,,,,0,0,0,0,0,0,0,0,0,0,0,0,0,0,0,0,0,0,0,0,0,0,0,0,0,0,0,0,,,
3aa76e7b-b928-4a8b-9ff2-60c35f87fd66,2025-09-26 10:59:42.304823 UTC,2025-09-26 10:59:42.304823 UTC,1,2025-09-26T10:59:42+00:00,America/Los_Angeles,,,,,,,,,0,0,0,0,0,0,0,0,0,0,0,0,0,0,0,0,0,0,0,0,0,0,0,0,0,0,0,0,,,
9f27e013-49dc-4214-8b12-ad591ba46e3e,2025-09-26 10:59:52.142285 UTC,2025-09-26 11:00:07.101457 UTC,4,2025-09-26T10:59:52+00:00|2025-09-26T10:59:56+00:00|2025-09-26T11:00:04+00:00|2025-09-26T11:00:07+00:00,America/Los_Angeles,,,,,,,,,0,0,0,0,0,0,0,0,0,0,0,0,0,0,0,0,0,0,0,0,0,0,0,0,0,0,0,0,,,
27092c91-58bf-4010-a99f-6a3a97dbd25c,2025-09-26 11:17:01.672075 UTC,2025-09-26 11:17:07.005605 UTC,4,2025-09-26T11:17:01+00:00|2025-09-26T11:17:04+00:00|2025-09-26T11:17:06+00:00|2025-09-26T11:17:07+00:00,America/Los_Angeles,,,,,,,,,0,0,0,0,0,0,0,0,0,0,0,0,0,0,0,0,0,0,0,0,0,0,0,0,0,0,0,0,,,
83ad854a-98d5-495f-b743-c2b530695de2,2025-09-26 11:17:53.247644 UTC,2025-09-26 11:18:07.639732 UTC,4,2025-09-26T11:17:53+00:00|2025-09-26T11:17:57+00:00|2025-09-26T11:18:04+00:00|2025-09-26T11:18:07+00:00,America/Los_Angeles,,,,,,,,,0,0,0,0,0,0,0,0,0,0,0,0,0,0,0,0,0,0,0,0,0,0,0,0,0,0,0,0,,,
8b5dd655-0c6b-42a9-ae86-d4ad4a49efcb,2025-09-26 11:21:22.900979 UTC,2025-09-26 11:22:00.117816 UTC,5,2025-09-26T11:21:22+00:00|2025-09-26T11:21:28+00:00|2025-09-26T11:21:35+00:00|2025-09-26T11:21:38+00:00|2025-09-26T11:22:00+00:00,America/Los_Angeles,,,,,,,,,0,0,0,0,0,0,0,0,0,0,0,0,0,0,0,0,0,0,0,0,0,0,0,0,0,0,0,0,,,
103_yPYiiluSqWyMUKoYmEwVg,2025-09-26 11:26:29.586149 UTC,2025-09-26 11:28:46.463643 UTC,11,2025-09-26T11:26:29+00:00|2025-09-26T11:26:35+00:00|2025-09-26T11:26:45+00:00|2025-09-26T11:27:08+00:00|2025-09-26T11:27:28+00:00|2025-09-26T11:27:54+00:00|2025-09-26T11:28:06+00:00|2025-09-26T11:28:18+00:00|2025-09-26T11:28:25+00:00|2025-09-26T11:28:39+00:00|2025-09-26T11:28:46+00:00,,,,,,,,,,0,0,0,0,0,0,0,0,0,0,0,0,0,0,0,0,0,0,0,0,0,0,0,0,0,0,0,0,,,
0653ghZ_q4LQJONeKpuUxyc_A,2025-09-26 11:30:39.304916 UTC,2025-09-26 11:32:07.098929 UTC,7,2025-09-26T11:30:39+00:00|2025-09-26T11:30:45+00:00|2025-09-26T11:30:56+00:00|2025-09-26T11:31:19+00:00|2025-09-26T11:31:38+00:00|2025-09-26T11:31:57+00:00|2025-09-26T11:32:07+00:00,,,,,,,,,,0,0,0,0,0,0,0,0,0,0,0,0,0,0,0,0,0,0,0,0,0,0,0,0,0,0,0,0,,,
119Luj_qxZ5QFapHznwiXUkPw,2025-09-26 11:32:41.36942 UTC,2025-09-26 11:34:35.952122 UTC,9,2025-09-26T11:32:41+00:00|2025-09-26T11:32:44+00:00|2025-09-26T11:32:56+00:00|2025-09-26T11:33:20+00:00|2025-09-26T11:33:40+00:00|2025-09-26T11:34:01+00:00|2025-09-26T11:34:17+00:00|2025-09-26T11:34:27+00:00|2025-09-26T11:34:35+00:00,,,,,,,,,,0,0,0,0,0,0,0,0,0,0,0,0,0,0,0,0,0,0,0,0,0,0,0,0,0,0,0,0,,,
94781340-96c6-4be2-9e24-a4aec6e6080f,2025-09-26 11:49:00.544876 UTC,2025-09-26 11:49:00.544876 UTC,1,2025-09-26T11:49:00+00:00,America/Los_Angeles,,,,,,,,,0,0,0,0,0,0,0,0,0,0,0,0,0,0,0,0,0,0,0,0,0,0,0,0,0,0,0,0,,,
84f146ab-efcf-44fb-8e60-0895aa1583c3,2025-09-26 11:49:17.155619 UTC,2025-09-26 11:49:17.155619 UTC,1,2025-09-26T11:49:17+00:00,America/Los_Angeles,,,,,,,,,0,0,0,0,0,0,0,0,0,0,0,0,0,0,0,0,0,0,0,0,0,0,0,0,0,0,0,0,,,
e12ac050-7f34-47ef-84e6-0ed193de3aa4,2025-09-26 11:49:54.543526 UTC,2025-09-26 11:49:54.543526 UTC,1,2025-09-26T11:49:54+00:00,America/Los_Angeles,,,,,,,,,0,0,0,0,0,0,0,0,0,0,0,0,0,0,0,0,0,0,0,0,0,0,0,0,0,0,0,0,,,
268ef544-d8d4-4c88-9d6e-f4733bc61cb9,2025-09-26 11:50:11.63222 UTC,2025-09-26 11:50:57.68136 UTC,6,2025-09-26T11:50:11+00:00|2025-09-26T11:50:19+00:00|2025-09-26T11:50:29+00:00|2025-09-26T11:50:41+00:00|2025-09-26T11:50:49+00:00|2025-09-26T11:50:57+00:00,America/Los_Angeles,,,,,,,,,0,0,0,0,0,0,0,0,0,0,0,0,0,0,0,0,0,0,0,0,0,0,0,0,0,0,0,0,,,
119YH1qUlbkTIaNz-BGIyTqTw,2025-09-26 11:52:55.731595 UTC,2025-09-26 11:55:26.786479 UTC,10,2025-09-26T11:52:55+00:00|2025-09-26T11:53:02+00:00|2025-09-26T11:53:14+00:00|2025-09-26T11:53:36+00:00|2025-09-26T11:54:00+00:00|2025-09-26T11:54:27+00:00|2025-09-26T11:54:33+00:00|2025-09-26T11:54:55+00:00|2025-09-26T11:55:08+00:00|2025-09-26T11:55:26+00:00,,false,false,,,false,,,,0,0,0,0,0,0,0,0,0,0,0,0,0,0,0,0,0,0,0,0,0,0,0,0,0,0,0,0,,,
065Nzkn69yxSqiCLSzqsYRToA,2025-09-26 11:56:38.491638 UTC,2025-09-26 12:00:26.812629 UTC,15,2025-09-26T11:56:38+00:00|2025-09-26T11:56:44+00:00|2025-09-26T11:56:55+00:00|2025-09-26T11:57:18+00:00|2025-09-26T11:57:38+00:00|2025-09-26T11:58:00+00:00|2025-09-26T11:58:17+00:00|2025-09-26T11:58:39+00:00|2025-09-26T11:59:02+00:00|2025-09-26T11:59:10+00:00|2025-09-26T11:59:23+00:00|2025-09-26T11:59:40+00:00|2025-09-26T11:59:47+00:00|2025-09-26T12:00:05+00:00|2025-09-26T12:00:26+00:00,,,,,,,,,,0,0,0,0,0,0,0,0,0,0,0,0,0,0,0,0,0,0,0,0,0,0,0,0,0,0,0,0,,,
0651oDjEs9gR76wkR3TPnbv9A,2025-09-26 12:08:10.725584 UTC,2025-09-26 12:09:08.357032 UTC,5,2025-09-26T12:08:10+00:00|2025-09-26T12:08:14+00:00|2025-09-26T12:08:24+00:00|2025-09-26T12:08:46+00:00|2025-09-26T12:09:08+00:00,,,,,,,,,,0,0,0,0,0,0,0,0,0,0,0,0,0,0,0,0,0,0,0,0,0,0,0,0,0,0,0,0,,,
0654TYhXx9lQMqCg1DOYU6ZRA,2025-09-26 12:09:51.732411 UTC,2025-09-26 12:11:27.305158 UTC,9,2025-09-26T12:09:51+00:00|2025-09-26T12:09:55+00:00|2025-09-26T12:10:07+00:00|2025-09-26T12:10:25+00:00|2025-09-26T12:10:46+00:00|2025-09-26T12:10:57+00:00|2025-09-26T12:11:05+00:00|2025-09-26T12:11:14+00:00|2025-09-26T12:11:27+00:00,,,,,,,,,,0,0,0,0,0,0,0,0,0,0,0,0,0,0,0,0,0,0,0,0,0,0,0,0,0,0,0,0,,,
065odOHb6F5SYOfAPeNCkh17A,2025-09-26 12:11:45.852728 UTC,2025-09-26 12:14:47.345831 UTC,14,2025-09-26T12:11:45+00:00|2025-09-26T12:11:49+00:00|2025-09-26T12:12:01+00:00|2025-09-26T12:12:17+00:00|2025-09-26T12:12:35+00:00|2025-09-26T12:12:57+00:00|2025-09-26T12:13:15+00:00|2025-09-26T12:13:33+00:00|2025-09-26T12:13:46+00:00|2025-09-26T12:13:51+00:00|2025-09-26T12:14:15+00:00|2025-09-26T12:14:30+00:00|2025-09-26T12:14:37+00:00|2025-09-26T12:14:47+00:00,,,,,,,,,,0,0,0,0,0,0,0,0,0,0,0,0,0,0,0,0,0,0,0,0,0,0,0,0,0,0,0,0,,,
0819Oz6GjO5Tlib3Ckvuw-3rQ,2025-09-26 12:26:19.565376 UTC,2025-09-26 12:28:02.826715 UTC,8,2025-09-26T12:26:19+00:00|2025-09-26T12:26:23+00:00|2025-09-26T12:26:35+00:00|2025-09-26T12:26:53+00:00|2025-09-26T12:27:10+00:00|2025-09-26T12:27:31+00:00|2025-09-26T12:27:45+00:00|2025-09-26T12:28:02+00:00,,false,false,,,false,,,,0,0,0,0,0,0,0,0,0,0,0,0,0,0,0,0,0,0,0,0,0,0,0,0,0,0,0,0,,,
119NXYAG2vkTYyMECjZp6tTqw,2025-09-26 12:34:54.635227 UTC,2025-09-26 12:37:42.473335 UTC,12,2025-09-26T12:34:54+00:00|2025-09-26T12:34:58+00:00|2025-09-26T12:35:10+00:00|2025-09-26T12:35:29+00:00|2025-09-26T12:35:47+00:00|2025-09-26T12:36:04+00:00|2025-09-26T12:36:19+00:00|2025-09-26T12:36:41+00:00|2025-09-26T12:37:05+00:00|2025-09-26T12:37:13+00:00|2025-09-26T12:37:31+00:00|2025-09-26T12:37:42+00:00,,false,false,,,false,,,,0,0,0,0,0,0,0,0,0,0,0,0,0,0,0,0,0,0,0,0,0,0,0,0,0,0,0,0,,,
7d404798-74d5-40eb-bbb5-6de9a9a92ce0,2025-09-26 12:57:49.512925 UTC,2025-09-26 12:58:48.157476 UTC,6,2025-09-26T12:57:49+00:00|2025-09-26T12:57:58+00:00|2025-09-26T12:58:09+00:00|2025-09-26T12:58:22+00:00|2025-09-26T12:58:35+00:00|2025-09-26T12:58:48+00:00,America/Los_Angeles,,,,,,,,,0,0,0,0,0,0,0,0,0,0,0,0,0,0,0,0,0,0,0,0,0,0,0,0,0,0,0,0,,,
081OagOWv8lQxuEagQ7fXd90Q,2025-09-26 13:06:38.832682 UTC,2025-09-26 13:06:43.151045 UTC,2,2025-09-26T13:06:38+00:00|2025-09-26T13:06:43+00:00,,,,,,,,,,0,0,0,0,0,0,0,0,0,0,0,0,0,0,0,0,0,0,0,0,0,0,0,0,0,0,0,0,,,
103gNGD4aOERPygfrbbuOLVng,2025-09-26 13:07:39.894747 UTC,2025-09-26 13:07:52.427011 UTC,3,2025-09-26T13:07:39+00:00|2025-09-26T13:07:43+00:00|2025-09-26T13:07:52+00:00,,,,,,,,,,0,0,0,0,0,0,0,0,0,0,0,0,0,0,0,0,0,0,0,0,0,0,0,0,0,0,0,0,,,
32902d00-f410-4c9a-8f4d-8f90512237f9,2025-09-26 14:00:26.047905 UTC,2025-09-26 14:02:11.894481 UTC,8,2025-09-26T14:00:26+00:00|2025-09-26T14:00:30+00:00|2025-09-26T14:00:36+00:00|2025-09-26T14:00:48+00:00|2025-09-26T14:01:13+00:00|2025-09-26T14:01:23+00:00|2025-09-26T14:01:36+00:00|2025-09-26T14:02:11+00:00,America/Los_Angeles,,,,,,,,,0,0,0,0,0,0,0,0,0,0,0,0,0,0,0,0,0,0,0,0,0,0,0,0,0,0,0,0,,,
2af9b0af-3327-4e06-850b-b72eef9ed621,2025-09-26 14:18:48.094542 UTC,2025-09-26 14:18:48.094542 UTC,1,2025-09-26T14:18:48+00:00,America/Los_Angeles,,,,,,,,,0,0,0,0,0,0,0,0,0,0,0,0,0,0,0,0,0,0,0,0,0,0,0,0,0,0,0,0,,,
25e18bcc-d9fc-48fc-8b57-3f2008676a60,2025-09-26 14:26:13.939473 UTC,2025-09-26 14:26:33.966288 UTC,2,2025-09-26T14:26:13+00:00|2025-09-26T14:26:33+00:00,America/Los_Angeles,,,,,,,,,0,0,0,0,0,0,0,0,0,0,0,0,0,0,0,0,0,0,0,0,0,0,0,0,0,0,0,0,,,
6fee24d1-96ab-4ae3-afff-f02968dc8b73,2025-09-26 14:41:59.117356 UTC,2025-09-26 14:42:57.700893 UTC,6,2025-09-26T14:41:59+00:00|2025-09-26T14:42:06+00:00|2025-09-26T14:42:20+00:00|2025-09-26T14:42:30+00:00|2025-09-26T14:42:43+00:00|2025-09-26T14:42:57+00:00,America/Los_Angeles,,,,,,,,,0,0,0,0,0,0,0,0,0,0,0,0,0,0,0,0,0,0,0,0,0,0,0,0,0,0,0,0,,,
bb101962-76b5-4b4f-bc48-a639724f09ff,2025-09-26 14:45:15.635993 UTC,2025-09-26 14:45:25.035746 UTC,2,2025-09-26T14:45:15+00:00|2025-09-26T14:45:25+00:00,America/Los_Angeles,,,,,,,,,0,0,0,0,0,0,0,0,0,0,0,0,0,0,0,0,0,0,0,0,0,0,0,0,0,0,0,0,,,
8dd6e53d-503f-473a-b154-6c22e0edf3cc,2025-09-26 14:45:33.531085 UTC,2025-09-26 14:45:40.768852 UTC,2,2025-09-26T14:45:33+00:00|2025-09-26T14:45:40+00:00,America/Los_Angeles,,,,,,,,,0,0,0,0,0,0,0,0,0,0,0,0,0,0,0,0,0,0,0,0,0,0,0,0,0,0,0,0,,,
688b2681-8e7b-48d5-9af2-786716db10e2,2025-09-26 14:46:44.482922 UTC,2025-09-26 14:46:46.310985 UTC,2,2025-09-26T14:46:44+00:00|2025-09-26T14:46:46+00:00,America/Los_Angeles,,,,,,,,,0,0,0,0,0,0,0,0,0,0,0,0,0,0,0,0,0,0,0,0,0,0,0,0,0,0,0,0,,,
2b121ee2-95e8-4516-8a63-6553633eb283,2025-09-26 14:47:41.797847 UTC,2025-09-26 14:47:51.837392 UTC,2,2025-09-26T14:47:41+00:00|2025-09-26T14:47:51+00:00,America/Los_Angeles,,,,,,,,,0,0,0,0,0,0,0,0,0,0,0,0,0,0,0,0,0,0,0,0,0,0,0,0,0,0,0,0,,,
f2efa57a-de44-4b45-b089-f3778d4b6504,2025-09-26 14:51:43.905177 UTC,2025-09-26 14:51:45.726638 UTC,2,2025-09-26T14:51:43+00:00|2025-09-26T14:51:45+00:00,America/Los_Angeles,,,,,,,,,0,0,0,0,0,0,0,0,0,0,0,0,0,0,0,0,0,0,0,0,0,0,0,0,0,0,0,0,,,
270d60ce-4740-4220-a132-bee0acd2f9cf,2025-09-26 14:52:46.932511 UTC,2025-09-26 14:52:48.658841 UTC,2,2025-09-26T14:52:46+00:00|2025-09-26T14:52:48+00:00,America/Los_Angeles,,,,,,,,,0,0,0,0,0,0,0,0,0,0,0,0,0,0,0,0,0,0,0,0,0,0,0,0,0,0,0,0,,,
f6f4a50e-6956-4635-90bf-9c48a0399326,2025-09-26 14:55:12.653836 UTC,2025-09-26 14:55:14.24992 UTC,2,2025-09-26T14:55:12+00:00|2025-09-26T14:55:14+00:00,America/Los_Angeles,,,,,,,,,0,0,0,0,0,0,0,0,0,0,0,0,0,0,0,0,0,0,0,0,0,0,0,0,0,0,0,0,,,
8499c228-5a4b-4cb4-9e1c-466d5b721ca0,2025-09-26 14:55:29.764249 UTC,2025-09-26 14:55:36.390128 UTC,2,2025-09-26T14:55:29+00:00|2025-09-26T14:55:36+00:00,America/Los_Angeles,,,,,,,,,0,0,0,0,0,0,0,0,0,0,0,0,0,0,0,0,0,0,0,0,0,0,0,0,0,0,0,0,,,
b3691e16-885f-4814-9f98-56b21c2fba76,2025-09-26 14:57:24.692046 UTC,2025-09-26 14:57:33.297933 UTC,2,2025-09-26T14:57:24+00:00|2025-09-26T14:57:33+00:00,America/Los_Angeles,,,,,,,,,0,0,0,0,0,0,0,0,0,0,0,0,0,0,0,0,0,0,0,0,0,0,0,0,0,0,0,0,,,
6da367f5-85e7-4089-b22c-99c1978031d3,2025-09-26 14:57:54.943681 UTC,2025-09-26 14:57:57.200763 UTC,2,2025-09-26T14:57:54+00:00|2025-09-26T14:57:57+00:00,America/Los_Angeles,,,,,,,,,0,0,0,0,0,0,0,0,0,0,0,0,0,0,0,0,0,0,0,0,0,0,0,0,0,0,0,0,,,
76268945-19a4-405f-93f3-caf7a510b6f9,2025-09-26 14:58:19.089759 UTC,2025-09-26 14:58:21.112714 UTC,2,2025-09-26T14:58:19+00:00|2025-09-26T14:58:21+00:00,America/Los_Angeles,,,,,,,,,0,0,0,0,0,0,0,0,0,0,0,0,0,0,0,0,0,0,0,0,0,0,0,0,0,0,0,0,,,
10f5f77d-ee3b-42ac-94a2-74bf6edbcd15,2025-09-26 15:03:35.16357 UTC,2025-09-26 15:03:37.346866 UTC,2,2025-09-26T15:03:35+00:00|2025-09-26T15:03:37+00:00,America/Los_Angeles,,,,,,,,,0,0,0,0,0,0,0,0,0,0,0,0,0,0,0,0,0,0,0,0,0,0,0,0,0,0,0,0,,,
7252b5e2-27ea-4db4-a15a-d33f247a77c0,2025-09-26 15:03:41.719116 UTC,2025-09-26 15:03:50.575439 UTC,2,2025-09-26T15:03:41+00:00|2025-09-26T15:03:50+00:00,America/Los_Angeles,,,,,,,,,0,0,0,0,0,0,0,0,0,0,0,0,0,0,0,0,0,0,0,0,0,0,0,0,0,0,0,0,,,
71b4c1fe-5a31-4d2a-899e-6e721d908935,2025-09-26 15:06:23.744256 UTC,2025-09-26 15:40:12.625445 UTC,7,2025-09-26T15:06:23+00:00|2025-09-26T15:06:28+00:00|2025-09-26T15:07:17+00:00|2025-09-26T15:07:19+00:00|2025-09-26T15:07:27+00:00|2025-09-26T15:07:59+00:00|2025-09-26T15:40:12+00:00,America/Los_Angeles,false,false,,,false,,,,0,0,0,0,0,0,0,0,0,0,0,0,0,0,0,0,0,0,0,0,0,0,0,0,0,0,0,0,,,
1a74ce01-5a37-4767-a1a3-3a04b7c15402,2025-09-26 15:22:25.483744 UTC,2025-09-26 15:22:25.483744 UTC,1,2025-09-26T15:22:25+00:00,America/Los_Angeles,,,,,,,,,0,0,0,0,0,0,0,0,0,0,0,0,0,0,0,0,0,0,0,0,0,0,0,0,0,0,0,0,,,
820b5b2f-b3e3-4e70-92c5-fdd0a823e633,2025-09-26 15:31:27.851532 UTC,2025-09-26 15:31:27.851532 UTC,1,2025-09-26T15:31:27+00:00,America/Los_Angeles,,,,,,,,,0,0,0,0,0,0,0,0,0,0,0,0,0,0,0,0,0,0,0,0,0,0,0,0,0,0,0,0,,,
1e895b17-57f5-4d5e-a8a1-591ab23c1708,2025-09-26 15:33:13.041009 UTC,2025-09-26 15:33:52.565658 UTC,5,2025-09-26T15:33:13+00:00|2025-09-26T15:33:18+00:00|2025-09-26T15:33:33+00:00|2025-09-26T15:33:35+00:00|2025-09-26T15:33:52+00:00,America/Los_Angeles,,,,,,,,,0,0,0,0,0,0,0,0,0,0,0,0,0,0,0,0,0,0,0,0,0,0,0,0,0,0,0,0,,,
0ce379e0-c5d9-4750-8db7-f4d0a863b6aa,2025-09-26 15:34:03.36318 UTC,2025-09-26 15:35:28.920761 UTC,11,2025-09-26T15:34:03+00:00|2025-09-26T15:34:07+00:00|2025-09-26T15:34:14+00:00|2025-09-26T15:34:16+00:00|2025-09-26T15:34:27+00:00|2025-09-26T15:34:36+00:00|2025-09-26T15:34:51+00:00|2025-09-26T15:34:55+00:00|2025-09-26T15:35:05+00:00|2025-09-26T15:35:18+00:00|2025-09-26T15:35:28+00:00,America/Los_Angeles,,,,,,,,,0,0,0,0,0,0,0,0,0,0,0,0,0,0,0,0,0,0,0,0,0,0,0,0,0,0,0,0,,,
5731e64f-3998-4fe5-b96e-7b6410e0ee7b,2025-09-26 15:37:14.60098 UTC,2025-09-26 15:37:28.434438 UTC,9,2025-09-26T15:37:14+00:00|2025-09-26T15:37:16+00:00|2025-09-26T15:37:18+00:00|2025-09-26T15:37:19+00:00|2025-09-26T15:37:21+00:00|2025-09-26T15:37:23+00:00|2025-09-26T15:37:25+00:00|2025-09-26T15:37:26+00:00|2025-09-26T15:37:28+00:00,America/Los_Angeles,,,,,,,,,0,0,0,0,0,0,0,0,0,0,0,0,0,0,0,0,0,0,0,0,0,0,0,0,0,0,0,0,,,
b5d3b33c-6c3a-4378-9625-d5175326ac23,2025-09-26 15:40:30.913733 UTC,2025-09-26 15:43:02.202398 UTC,9,2025-09-26T15:40:30+00:00|2025-09-26T15:40:34+00:00|2025-09-26T15:40:41+00:00|2025-09-26T15:40:43+00:00|2025-09-26T15:40:51+00:00|2025-09-26T15:41:03+00:00|2025-09-26T15:42:28+00:00|2025-09-26T15:42:51+00:00|2025-09-26T15:43:02+00:00,America/Los_Angeles,false,false,,,false,route_not_yet_started,,,0,0,0,0,0,0,0,0,0,0,0,0,0,0,0,0,0,0,0,0,0,0,0,0,0,0,0,0,,,
67e65c94-319a-4cb7-bba1-8367b5992df1,2025-09-26 18:23:38.327704 UTC,2025-09-26 18:24:12.138355 UTC,4,2025-09-26T18:23:38+00:00|2025-09-26T18:23:47+00:00|2025-09-26T18:24:06+00:00|2025-09-26T18:24:12+00:00,America/Los_Angeles,,,,,,,,,0,0,0,0,0,0,0,0,0,0,0,0,0,0,0,0,0,0,0,0,0,0,0,0,0,0,0,0,,,
f29d0efa-6f82-4c35-91fa-54de00588d02,2025-09-26 18:43:32.658994 UTC,2025-09-26 18:45:43.021394 UTC,5,2025-09-26T18:43:32+00:00|2025-09-26T18:43:42+00:00|2025-09-26T18:44:40+00:00|2025-09-26T18:45:29+00:00|2025-09-26T18:45:43+00:00,America/Los_Angeles,,,,,,,,,0,0,0,0,0,0,0,0,0,0,0,0,0,0,0,0,0,0,0,0,0,0,0,0,0,0,0,0,,,
e50b6bae-3082-49be-a433-1aa489af5acf,2025-09-26 18:45:05.677438 UTC,2025-09-26 18:48:38.80793 UTC,5,2025-09-26T18:45:05+00:00|2025-09-26T18:45:10+00:00|2025-09-26T18:45:17+00:00|2025-09-26T18:48:37+00:00|2025-09-26T18:48:38+00:00,America/Los_Angeles,,,,,,,,,0,0,0,0,0,0,0,0,0,0,0,0,0,0,0,0,0,0,0,0,0,0,0,0,0,0,0,0,,,
8cd5f919-6618-4675-9c67-50cb21154cb8,2025-09-26 19:16:52.343868 UTC,2025-09-26 19:18:40.07935 UTC,6,2025-09-26T19:16:52+00:00|2025-09-26T19:17:10+00:00|2025-09-26T19:17:36+00:00|2025-09-26T19:17:43+00:00|2025-09-26T19:18:11+00:00|2025-09-26T19:18:40+00:00,America/Los_Angeles,,,,,,,,,0,0,0,0,0,0,0,0,0,0,0,0,0,0,0,0,0,0,0,0,0,0,0,0,0,0,0,0,,,
219e1bbf-9dd6-4524-a046-d95b7ca1e5f2,2025-09-26 19:24:23.912528 UTC,2025-09-26 19:24:28.428613 UTC,4,2025-09-26T19:24:23+00:00|2025-09-26T19:24:26+00:00|2025-09-26T19:24:27+00:00|2025-09-26T19:24:28+00:00,America/Los_Angeles,,,,,,,,,0,0,0,0,0,0,0,0,0,0,0,0,0,0,0,0,0,0,0,0,0,0,0,0,0,0,0,0,,,
26d27f31-a6df-42f6-9f93-9af92dc6f84d,2025-09-26 19:26:00.459803 UTC,2025-09-26 19:31:56.60506 UTC,5,2025-09-26T19:26:00+00:00|2025-09-26T19:26:02+00:00|2025-09-26T19:26:03+00:00|2025-09-26T19:26:04+00:00|2025-09-26T19:31:56+00:00,America/Los_Angeles,,,,,,,,,0,0,0,0,0,0,0,0,0,0,0,0,0,0,0,0,0,0,0,0,0,0,0,0,0,0,0,0,,,
9391e2d2-a7ce-496e-b273-7c584c6ed2e8,2025-09-26 19:56:22.196661 UTC,2025-09-26 19:56:44.924245 UTC,5,2025-09-26T19:56:22+00:00|2025-09-26T19:56:29+00:00|2025-09-26T19:56:35+00:00|2025-09-26T19:56:38+00:00|2025-09-26T19:56:44+00:00,America/Los_Angeles,,,,,,,,,0,0,0,0,0,0,0,0,0,0,0,0,0,0,0,0,0,0,0,0,0,0,0,0,0,0,0,0,,,
8b3151ad-a78e-40b5-b94a-000a26e5b63e,2025-09-26 19:57:54.78737 UTC,2025-09-26 19:58:06.200609 UTC,6,2025-09-26T19:57:54+00:00|2025-09-26T19:57:56+00:00|2025-09-26T19:57:57+00:00|2025-09-26T19:57:58+00:00|2025-09-26T19:57:59+00:00|2025-09-26T19:58:06+00:00,America/Los_Angeles,,,,,,,,,0,0,0,0,0,0,0,0,0,0,0,0,0,0,0,0,0,0,0,0,0,0,0,0,0,0,0,0,,,
da504a91-3e8e-4517-8091-5f3c6260405f,2025-09-26 19:58:34.838728 UTC,2025-09-26 20:08:08.365226 UTC,2,2025-09-26T19:58:34+00:00|2025-09-26T20:08:08+00:00,America/Los_Angeles,,,,,,,,,0,0,0,0,0,0,0,0,0,0,0,0,0,0,0,0,0,0,0,0,0,0,0,0,0,0,0,0,,,
dbc101f4-7e42-4576-b7dc-1ff7d814da01,2025-09-26 20:08:11.70829 UTC,2025-09-26 20:10:06.328446 UTC,8,2025-09-26T20:08:11+00:00|2025-09-26T20:08:13+00:00|2025-09-26T20:08:21+00:00|2025-09-26T20:08:27+00:00|2025-09-26T20:09:02+00:00|2025-09-26T20:09:30+00:00|2025-09-26T20:09:53+00:00|2025-09-26T20:10:06+00:00,America/Los_Angeles,,,,,,,,,0,0,0,0,0,0,0,0,0,0,0,0,0,0,0,0,0,0,0,0,0,0,0,0,0,0,0,0,,,
117d9421-dd1b-4de7-9078-766237c6c6aa,2025-09-26 20:10:21.015898 UTC,2025-09-26 20:10:34.834995 UTC,6,2025-09-26T20:10:21+00:00|2025-09-26T20:10:22+00:00|2025-09-26T20:10:24+00:00|2025-09-26T20:10:25+00:00|2025-09-26T20:10:25+00:00|2025-09-26T20:10:34+00:00,America/Los_Angeles,,,,,,,,,0,0,0,0,0,0,0,0,0,0,0,0,0,0,0,0,0,0,0,0,0,0,0,0,0,0,0,0,,,
a332eca5-a6be-4b68-a8bd-c8ee66c3c279,2025-09-26 20:11:32.667483 UTC,2025-09-26 20:12:26.025731 UTC,7,2025-09-26T20:11:32+00:00|2025-09-26T20:11:34+00:00|2025-09-26T20:11:37+00:00|2025-09-26T20:11:38+00:00|2025-09-26T20:11:39+00:00|2025-09-26T20:11:40+00:00|2025-09-26T20:12:26+00:00,America/Los_Angeles,,,,,,,,,0,0,0,0,0,0,0,0,0,0,0,0,0,0,0,0,0,0,0,0,0,0,0,0,0,0,0,0,,,
98417b65-e415-4096-b04d-5dcddb878bed,2025-09-26 20:17:37.574313 UTC,2025-09-26 20:17:43.643802 UTC,7,2025-09-26T20:17:37+00:00|2025-09-26T20:17:39+00:00|2025-09-26T20:17:40+00:00|2025-09-26T20:17:41+00:00|2025-09-26T20:17:41+00:00|2025-09-26T20:17:43+00:00|2025-09-26T20:17:43+00:00,America/Los_Angeles,,,,,,,,,0,0,0,0,0,0,0,0,0,0,0,0,0,0,0,0,0,0,0,0,0,0,0,0,0,0,0,0,,,
0e454e20-7b6b-4de4-9d1d-00f5a04ff7e2,2025-09-26 20:27:57.676685 UTC,2025-09-26 20:29:25.595824 UTC,5,2025-09-26T20:27:57+00:00|2025-09-26T20:28:23+00:00|2025-09-26T20:28:43+00:00|2025-09-26T20:29:06+00:00|2025-09-26T20:29:25+00:00,America/Los_Angeles,,,,,,,,,0,0,0,0,0,0,0,0,0,0,0,0,0,0,0,0,0,0,0,0,0,0,0,0,0,0,0,0,,,
1a2f169c-aad2-46f1-94ce-c4a72ad88296,2025-09-26 20:29:54.001458 UTC,2025-09-26 20:30:33.179248 UTC,5,2025-09-26T20:29:54+00:00|2025-09-26T20:29:56+00:00|2025-09-26T20:30:04+00:00|2025-09-26T20:30:18+00:00|2025-09-26T20:30:33+00:00,America/Los_Angeles,,,,,,,,,0,0,0,0,0,0,0,0,0,0,0,0,0,0,0,0,0,0,0,0,0,0,0,0,0,0,0,0,,,
a1e705b3-c645-42e6-b387-142de7d53201,2025-09-26 20:56:45.80572 UTC,2025-09-26 20:57:11.160443 UTC,3,2025-09-26T20:56:45+00:00|2025-09-26T20:56:55+00:00|2025-09-26T20:57:11+00:00,America/Los_Angeles,,,,,,,,,0,0,0,0,0,0,0,0,0,0,0,0,0,0,0,0,0,0,0,0,0,0,0,0,0,0,0,0,,,
70cb2836-3432-4c89-bcab-09699d901e5e,2025-09-26 21:03:11.639974 UTC,2025-09-26 21:03:51.978345 UTC,5,2025-09-26T21:03:11+00:00|2025-09-26T21:03:17+00:00|2025-09-26T21:03:20+00:00|2025-09-26T21:03:36+00:00|2025-09-26T21:03:51+00:00,America/Los_Angeles,,,,,,,,,0,0,0,0,0,0,0,0,0,0,0,0,0,0,0,0,0,0,0,0,0,0,0,0,0,0,0,0,,,
4f99f8fb-6419-4da8-a879-e50039191f7f,2025-09-26 21:10:00.728792 UTC,2025-09-26 21:10:05.854851 UTC,5,2025-09-26T21:10:00+00:00|2025-09-26T21:10:02+00:00|2025-09-26T21:10:03+00:00|2025-09-26T21:10:05+00:00|2025-09-26T21:10:05+00:00,America/Los_Angeles,,,,,,,,,0,0,0,0,0,0,0,0,0,0,0,0,0,0,0,0,0,0,0,0,0,0,0,0,0,0,0,0,,,
c0088a10-3eaa-417b-ba87-fe21664556b0,2025-09-26 21:10:25.095138 UTC,2025-09-26 21:10:33.646683 UTC,3,2025-09-26T21:10:25+00:00|2025-09-26T21:10:29+00:00|2025-09-26T21:10:33+00:00,America/Los_Angeles,,,,,,,,,0,0,0,0,0,0,0,0,0,0,0,0,0,0,0,0,0,0,0,0,0,0,0,0,0,0,0,0,,,
834a7fcf-e145-48e1-8f4e-bd96a8b89b47,2025-09-26 21:11:16.212905 UTC,2025-09-26 21:11:19.040737 UTC,3,2025-09-26T21:11:16+00:00|2025-09-26T21:11:17+00:00|2025-09-26T21:11:19+00:00,America/Los_Angeles,,,,,,,,,0,0,0,0,0,0,0,0,0,0,0,0,0,0,0,0,0,0,0,0,0,0,0,0,0,0,0,0,,,
c82cb7a4-05f0-4b7b-9e33-e17dcc17bfc8,2025-09-26 21:11:33.568928 UTC,2025-09-26 21:11:45.330186 UTC,3,2025-09-26T21:11:33+00:00|2025-09-26T21:11:42+00:00|2025-09-26T21:11:45+00:00,America/Los_Angeles,,,,,,,,,0,0,0,0,0,0,0,0,0,0,0,0,0,0,0,0,0,0,0,0,0,0,0,0,0,0,0,0,,,
d99c5682-4a69-4e40-804f-0cbd66c9a720,2025-09-26 21:14:13.376448 UTC,2025-09-26 21:14:24.740314 UTC,3,2025-09-26T21:14:13+00:00|2025-09-26T21:14:20+00:00|2025-09-26T21:14:24+00:00,America/Los_Angeles,,,,,,,,,0,0,0,0,0,0,0,0,0,0,0,0,0,0,0,0,0,0,0,0,0,0,0,0,0,0,0,0,,,
7f87a155-3d8e-49dc-aaeb-f62e772480b4,2025-09-26 21:15:38.139896 UTC,2025-09-26 21:15:51.040499 UTC,3,2025-09-26T21:15:38+00:00|2025-09-26T21:15:45+00:00|2025-09-26T21:15:51+00:00,America/Los_Angeles,,,,,,,,,0,0,0,0,0,0,0,0,0,0,0,0,0,0,0,0,0,0,0,0,0,0,0,0,0,0,0,0,,,
caff7fce-62bb-4500-ba6a-0d82cbb8221e,2025-09-26 21:24:06.148376 UTC,2025-09-26 21:24:22.682359 UTC,3,2025-09-26T21:24:06+00:00|2025-09-26T21:24:12+00:00|2025-09-26T21:24:22+00:00,America/Los_Angeles,,,,,,,,,0,0,0,0,0,0,0,0,0,0,0,0,0,0,0,0,0,0,0,0,0,0,0,0,0,0,0,0,,,
88abaee9-8966-4eb9-b574-0150c4d14d2d,2025-09-26 21:24:32.6367 UTC,2025-09-26 21:24:45.00289 UTC,5,2025-09-26T21:24:32+00:00|2025-09-26T21:24:34+00:00|2025-09-26T21:24:39+00:00|2025-09-26T21:24:42+00:00|2025-09-26T21:24:45+00:00,America/Los_Angeles,,,,,,,,,0,0,0,0,0,0,0,0,0,0,0,0,0,0,0,0,0,0,0,0,0,0,0,0,0,0,0,0,,,
d825d59f-3fb7-48a5-a032-02cff7146142,2025-09-26 21:25:00.917194 UTC,2025-09-26 21:25:08.771379 UTC,5,2025-09-26T21:25:00+00:00|2025-09-26T21:25:02+00:00|2025-09-26T21:25:04+00:00|2025-09-26T21:25:07+00:00|2025-09-26T21:25:08+00:00,America/Los_Angeles,,,,,,,,,0,0,0,0,0,0,0,0,0,0,0,0,0,0,0,0,0,0,0,0,0,0,0,0,0,0,0,0,,,
cd94fb93-7aa4-4269-acf5-07e1ac14977d,2025-09-26 21:25:19.281938 UTC,2025-09-26 21:26:15.118473 UTC,6,2025-09-26T21:25:19+00:00|2025-09-26T21:25:21+00:00|2025-09-26T21:25:40+00:00|2025-09-26T21:25:52+00:00|2025-09-26T21:25:59+00:00|2025-09-26T21:26:15+00:00,America/Los_Angeles,,,,,,,,,0,0,0,0,0,0,0,0,0,0,0,0,0,0,0,0,0,0,0,0,0,0,0,0,0,0,0,0,,,
e0d7c8a1-ab67-4e14-a945-1ca50faf5764,2025-09-26 21:28:01.42335 UTC,2025-09-26 21:28:07.954266 UTC,6,2025-09-26T21:28:01+00:00|2025-09-26T21:28:03+00:00|2025-09-26T21:28:05+00:00|2025-09-26T21:28:06+00:00|2025-09-26T21:28:07+00:00|2025-09-26T21:28:07+00:00,America/Los_Angeles,,,,,,,,,0,0,0,0,0,0,0,0,0,0,0,0,0,0,0,0,0,0,0,0,0,0,0,0,0,0,0,0,,,
13d3c649-c5b2-4cfd-be01-d896fa301910,2025-09-26 21:28:27.863493 UTC,2025-09-26 21:29:08.842497 UTC,6,2025-09-26T21:28:27+00:00|2025-09-26T21:28:29+00:00|2025-09-26T21:28:31+00:00|2025-09-26T21:28:32+00:00|2025-09-26T21:28:40+00:00|2025-09-26T21:29:08+00:00,America/Los_Angeles,,,,,,,,,0,0,0,0,0,0,0,0,0,0,0,0,0,0,0,0,0,0,0,0,0,0,0,0,0,0,0,0,,,
2255b9d4-a8aa-4d85-88bf-23b29ce8ba45,2025-09-26 21:29:26.756784 UTC,2025-09-26 21:30:02.55456 UTC,5,2025-09-26T21:29:26+00:00|2025-09-26T21:29:28+00:00|2025-09-26T21:29:43+00:00|2025-09-26T21:29:52+00:00|2025-09-26T21:30:02+00:00,America/Los_Angeles,,,,,,,,,0,0,0,0,0,0,0,0,0,0,0,0,0,0,0,0,0,0,0,0,0,0,0,0,0,0,0,0,,,
825bd3bf-8008-451e-a116-6c93ac931cd2,2025-09-26 22:03:12.49831 UTC,2025-09-26 22:04:28.840038 UTC,8,2025-09-26T22:03:12+00:00|2025-09-26T22:03:28+00:00|2025-09-26T22:03:44+00:00|2025-09-26T22:03:50+00:00|2025-09-26T22:04:13+00:00|2025-09-26T22:04:16+00:00|2025-09-26T22:04:18+00:00|2025-09-26T22:04:28+00:00,America/Los_Angeles,,,,,,,,,0,0,0,0,0,0,0,0,0,0,0,0,0,0,0,0,0,0,0,0,0,0,0,0,0,0,0,0,,,
a407d239-674f-41b6-8191-9d5601a21134,2025-09-26 22:06:00.643964 UTC,2025-09-26 22:06:08.604543 UTC,6,2025-09-26T22:06:00+00:00|2025-09-26T22:06:02+00:00|2025-09-26T22:06:04+00:00|2025-09-26T22:06:05+00:00|2025-09-26T22:06:07+00:00|2025-09-26T22:06:08+00:00,America/Los_Angeles,,,,,,,,,0,0,0,0,0,0,0,0,0,0,0,0,0,0,0,0,0,0,0,0,0,0,0,0,0,0,0,0,,,
501df032-2f42-4f4c-9351-01795a4d8a9c,2025-09-26 22:06:18.314642 UTC,2025-09-26 22:06:33.536546 UTC,7,2025-09-26T22:06:18+00:00|2025-09-26T22:06:20+00:00|2025-09-26T22:06:21+00:00|2025-09-26T22:06:22+00:00|2025-09-26T22:06:24+00:00|2025-09-26T22:06:25+00:00|2025-09-26T22:06:33+00:00,America/Los_Angeles,,,,,,,,,0,0,0,0,0,0,0,0,0,0,0,0,0,0,0,0,0,0,0,0,0,0,0,0,0,0,0,0,,,
2592733e-9dbe-4e2a-b7fd-a473b19ea23c,2025-09-26 22:08:00.379691 UTC,2025-09-26 22:08:12.684922 UTC,5,2025-09-26T22:08:00+00:00|2025-09-26T22:08:02+00:00|2025-09-26T22:08:03+00:00|2025-09-26T22:08:04+00:00|2025-09-26T22:08:12+00:00,America/Los_Angeles,,,,,,,,,0,0,0,0,0,0,0,0,0,0,0,0,0,0,0,0,0,0,0,0,0,0,0,0,0,0,0,0,,,
a9825b4d-ebf9-4b47-9e7f-5c458f9c2dab,2025-09-26 22:12:25.47715 UTC,2025-09-26 22:12:40.884882 UTC,7,2025-09-26T22:12:25+00:00|2025-09-26T22:12:27+00:00|2025-09-26T22:12:28+00:00|2025-09-26T22:12:29+00:00|2025-09-26T22:12:30+00:00|2025-09-26T22:12:38+00:00|2025-09-26T22:12:40+00:00,America/Los_Angeles,,,,,,,,,0,0,0,0,0,0,0,0,0,0,0,0,0,0,0,0,0,0,0,0,0,0,0,0,0,0,0,0,,,
4894f7f3-7575-4af4-ade7-be169d2b5b56,2025-09-26 22:20:46.58472 UTC,2025-09-26 22:20:54.137523 UTC,7,2025-09-26T22:20:46+00:00|2025-09-26T22:20:48+00:00|2025-09-26T22:20:49+00:00|2025-09-26T22:20:50+00:00|2025-09-26T22:20:52+00:00|2025-09-26T22:20:52+00:00|2025-09-26T22:20:54+00:00,America/Los_Angeles,,,,,,,,,0,0,0,0,0,0,0,0,0,0,0,0,0,0,0,0,0,0,0,0,0,0,0,0,0,0,0,0,,,
393d22dc-a002-423e-94d5-9f2217893101,2025-09-26 22:21:00.622501 UTC,2025-09-26 22:21:18.625376 UTC,8,2025-09-26T22:21:00+00:00|2025-09-26T22:21:02+00:00|2025-09-26T22:21:04+00:00|2025-09-26T22:21:05+00:00|2025-09-26T22:21:06+00:00|2025-09-26T22:21:07+00:00|2025-09-26T22:21:08+00:00|2025-09-26T22:21:18+00:00,America/Los_Angeles,,,,,,,,,0,0,0,0,0,0,0,0,0,0,0,0,0,0,0,0,0,0,0,0,0,0,0,0,0,0,0,0,,,
4f3ba719-f15e-495b-b6d2-1ffd98b062a4,2025-09-26 22:22:28.773006 UTC,2025-09-26 22:22:40.338308 UTC,6,2025-09-26T22:22:28+00:00|2025-09-26T22:22:30+00:00|2025-09-26T22:22:31+00:00|2025-09-26T22:22:32+00:00|2025-09-26T22:22:37+00:00|2025-09-26T22:22:40+00:00,America/Los_Angeles,,,,,,,,,0,0,0,0,0,0,0,0,0,0,0,0,0,0,0,0,0,0,0,0,0,0,0,0,0,0,0,0,,,
54d3ab79-8c01-4603-9def-fb0b81fa616e,2025-09-26 22:22:58.758036 UTC,2025-09-26 22:23:53.074476 UTC,6,2025-09-26T22:22:58+00:00|2025-09-26T22:23:30+00:00|2025-09-26T22:23:35+00:00|2025-09-26T22:23:43+00:00|2025-09-26T22:23:47+00:00|2025-09-26T22:23:53+00:00,America/Los_Angeles,,,,,,,,,0,0,0,0,0,0,0,0,0,0,0,0,0,0,0,0,0,0,0,0,0,0,0,0,0,0,0,0,,,
cdd0ea35-d713-4a16-8818-6b15ca89cb6d,2025-09-26 22:25:45.093517 UTC,2025-09-26 22:25:56.8081 UTC,6,2025-09-26T22:25:45+00:00|2025-09-26T22:25:46+00:00|2025-09-26T22:25:48+00:00|2025-09-26T22:25:49+00:00|2025-09-26T22:25:49+00:00|2025-09-26T22:25:56+00:00,America/Los_Angeles,,,,,,,,,0,0,0,0,0,0,0,0,0,0,0,0,0,0,0,0,0,0,0,0,0,0,0,0,0,0,0,0,,,
ca6566a0-1462-4bec-a03b-2d4c9d46864e,2025-09-26 22:31:01.690834 UTC,2025-09-26 22:31:08.492394 UTC,6,2025-09-26T22:31:01+00:00|2025-09-26T22:31:03+00:00|2025-09-26T22:31:05+00:00|2025-09-26T22:31:06+00:00|2025-09-26T22:31:07+00:00|2025-09-26T22:31:08+00:00,America/Los_Angeles,,,,,,,,,0,0,0,0,0,0,0,0,0,0,0,0,0,0,0,0,0,0,0,0,0,0,0,0,0,0,0,0,,,
79670c69-57f2-4a69-9426-818eeed0774f,2025-09-26 22:31:56.263829 UTC,2025-09-26 22:32:16.667274 UTC,7,2025-09-26T22:31:56+00:00|2025-09-26T22:31:58+00:00|2025-09-26T22:31:59+00:00|2025-09-26T22:32:00+00:00|2025-09-26T22:32:00+00:00|2025-09-26T22:32:01+00:00|2025-09-26T22:32:16+00:00,America/Los_Angeles,,,,,,,,,0,0,0,0,0,0,0,0,0,0,0,0,0,0,0,0,0,0,0,0,0,0,0,0,0,0,0,0,,,
f77a90e5-fd33-4476-9414-f0ead4d6b0e9,2025-09-26 22:44:14.996349 UTC,2025-09-26 22:44:37.995742 UTC,9,2025-09-26T22:44:14+00:00|2025-09-26T22:44:17+00:00|2025-09-26T22:44:19+00:00|2025-09-26T22:44:20+00:00|2025-09-26T22:44:20+00:00|2025-09-26T22:44:21+00:00|2025-09-26T22:44:23+00:00|2025-09-26T22:44:33+00:00|2025-09-26T22:44:37+00:00,America/Los_Angeles,,,,,,,,,0,0,0,0,0,0,0,0,0,0,0,0,0,0,0,0,0,0,0,0,0,0,0,0,0,0,0,0,,,
8902ef23-a24a-4121-8fe9-bbb52255bcf9,2025-09-26 22:44:52.451613 UTC,2025-09-26 22:45:32.030978 UTC,7,2025-09-26T22:44:52+00:00|2025-09-26T22:44:56+00:00|2025-09-26T22:45:02+00:00|2025-09-26T22:45:05+00:00|2025-09-26T22:45:22+00:00|2025-09-26T22:45:26+00:00|2025-09-26T22:45:32+00:00,America/Los_Angeles,,,,,,,,,0,0,0,0,0,0,0,0,0,0,0,0,0,0,0,0,0,0,0,0,0,0,0,0,0,0,0,0,,,
2baf76e1-84b3-4e04-b483-61472ce1d3c6,2025-09-26 22:45:50.576635 UTC,2025-09-26 22:46:27.380544 UTC,6,2025-09-26T22:45:50+00:00|2025-09-26T22:45:53+00:00|2025-09-26T22:46:04+00:00|2025-09-26T22:46:18+00:00|2025-09-26T22:46:23+00:00|2025-09-26T22:46:27+00:00,America/Los_Angeles,,,,,,,,,0,0,0,0,0,0,0,0,0,0,0,0,0,0,0,0,0,0,0,0,0,0,0,0,0,0,0,0,,,
c065cde7-eda0-4f26-93e9-74ac7f5e259d,2025-09-26 22:46:49.211252 UTC,2025-09-26 22:47:01.775785 UTC,5,2025-09-26T22:46:49+00:00|2025-09-26T22:46:51+00:00|2025-09-26T22:46:52+00:00|2025-09-26T22:46:53+00:00|2025-09-26T22:47:01+00:00,America/Los_Angeles,,,,,,,,,0,0,0,0,0,0,0,0,0,0,0,0,0,0,0,0,0,0,0,0,0,0,0,0,0,0,0,0,,,
45f86b12-de19-47c2-ad1b-ebbde0e10e02,2025-09-26 22:49:14.506906 UTC,2025-09-26 22:49:40.966234 UTC,5,2025-09-26T22:49:14+00:00|2025-09-26T22:49:19+00:00|2025-09-26T22:49:32+00:00|2025-09-26T22:49:34+00:00|2025-09-26T22:49:40+00:00,America/Los_Angeles,,,,,,,,,0,0,0,0,0,0,0,0,0,0,0,0,0,0,0,0,0,0,0,0,0,0,0,0,0,0,0,0,,,
ccad2845-76a2-402f-8ffe-3b15a320aca5,2025-09-26 22:55:26.465212 UTC,2025-09-26 22:55:32.354223 UTC,5,2025-09-26T22:55:26+00:00|2025-09-26T22:55:28+00:00|2025-09-26T22:55:30+00:00|2025-09-26T22:55:31+00:00|2025-09-26T22:55:32+00:00,America/Los_Angeles,,,,,,,,,0,0,0,0,0,0,0,0,0,0,0,0,0,0,0,0,0,0,0,0,0,0,0,0,0,0,0,0,,,
d12ba2e7-2be3-494a-a5cb-d4c3d7a1351a,2025-09-26 22:55:42.185038 UTC,2025-09-26 22:55:47.938495 UTC,5,2025-09-26T22:55:42+00:00|2025-09-26T22:55:44+00:00|2025-09-26T22:55:45+00:00|2025-09-26T22:55:46+00:00|2025-09-26T22:55:47+00:00,America/Los_Angeles,,,,,,,,,0,0,0,0,0,0,0,0,0,0,0,0,0,0,0,0,0,0,0,0,0,0,0,0,0,0,0,0,,,
eba9cf4c-14f5-41b8-8269-010cfa6f2712,2025-09-26 23:00:44.286892 UTC,2025-09-26 23:00:49.480765 UTC,5,2025-09-26T23:00:44+00:00|2025-09-26T23:00:46+00:00|2025-09-26T23:00:47+00:00|2025-09-26T23:00:48+00:00|2025-09-26T23:00:49+00:00,America/Los_Angeles,,,,,,,,,0,0,0,0,0,0,0,0,0,0,0,0,0,0,0,0,0,0,0,0,0,0,0,0,0,0,0,0,,,
6ece82d3-597f-4fb3-b355-5995fafdf80b,2025-09-26 23:01:18.95826 UTC,2025-09-26 23:01:25.090702 UTC,5,2025-09-26T23:01:18+00:00|2025-09-26T23:01:21+00:00|2025-09-26T23:01:22+00:00|2025-09-26T23:01:24+00:00|2025-09-26T23:01:25+00:00,America/Los_Angeles,,,,,,,,,0,0,0,0,0,0,0,0,0,0,0,0,0,0,0,0,0,0,0,0,0,0,0,0,0,0,0,0,,,
42ab2961-b8f9-406e-9a0f-e52ab1ce44fa,2025-09-26 23:02:20.664641 UTC,2025-09-26 23:02:26.242138 UTC,5,2025-09-26T23:02:20+00:00|2025-09-26T23:02:22+00:00|2025-09-26T23:02:24+00:00|2025-09-26T23:02:25+00:00|2025-09-26T23:02:26+00:00,America/Los_Angeles,,,,,,,,,0,0,0,0,0,0,0,0,0,0,0,0,0,0,0,0,0,0,0,0,0,0,0,0,0,0,0,0,,,
79e88743-f1f8-4edf-986d-f4630366be09,2025-09-26 23:05:55.717584 UTC,2025-09-26 23:06:41.717399 UTC,6,2025-09-26T23:05:55+00:00|2025-09-26T23:05:57+00:00|2025-09-26T23:05:59+00:00|2025-09-26T23:06:01+00:00|2025-09-26T23:06:02+00:00|2025-09-26T23:06:41+00:00,America/Los_Angeles,,,,,,,,,0,0,0,0,0,0,0,0,0,0,0,0,0,0,0,0,0,0,0,0,0,0,0,0,0,0,0,0,,,
a2ad34a6-3ecf-4bbd-870c-12f45049a122,2025-09-26 23:10:44.707418 UTC,2025-09-26 23:12:48.534196 UTC,7,2025-09-26T23:10:44+00:00|2025-09-26T23:10:50+00:00|2025-09-26T23:10:59+00:00|2025-09-26T23:11:04+00:00|2025-09-26T23:11:21+00:00|2025-09-26T23:12:40+00:00|2025-09-26T23:12:48+00:00,America/Los_Angeles,,,,,,,,,0,0,0,0,0,0,0,0,0,0,0,0,0,0,0,0,0,0,0,0,0,0,0,0,0,0,0,0,,,
594f4516-3b04-45a7-acd7-3e8e62a1f6e2,2025-09-27 10:35:12.589435 UTC,2025-09-27 10:35:57.434448 UTC,5,2025-09-27T10:35:12+00:00|2025-09-27T10:35:25+00:00|2025-09-27T10:35:47+00:00|2025-09-27T10:35:51+00:00|2025-09-27T10:35:57+00:00,America/Los_Angeles,,,,,,,,,0,0,0,0,0,0,0,0,0,0,0,0,0,0,0,0,0,0,0,0,0,0,0,0,0,0,0,0,,,
1dc60a35-50fc-475a-9f1c-37384772a064,2025-09-29 09:00:03.386091 UTC,2025-09-29 09:01:12.212177 UTC,5,2025-09-29T09:00:03+00:00|2025-09-29T09:00:13+00:00|2025-09-29T09:00:48+00:00|2025-09-29T09:00:51+00:00|2025-09-29T09:01:12+00:00,America/Los_Angeles,,,,,,,,,0,0,0,0,0,0,0,0,0,0,0,0,0,0,0,0,0,0,0,0,0,0,0,0,0,0,0,0,,,
065hahvQQ49SBaIoxMkS4yBYA,2025-09-29 09:11:40.496851 UTC,2025-09-29 09:13:30.510251 UTC,10,2025-09-29T09:11:40+00:00|2025-09-29T09:11:46+00:00|2025-09-29T09:12:04+00:00|2025-09-29T09:12:21+00:00|2025-09-29T09:12:43+00:00|2025-09-29T09:13:09+00:00|2025-09-29T09:13:14+00:00|2025-09-29T09:13:19+00:00|2025-09-29T09:13:25+00:00|2025-09-29T09:13:30+00:00,,,,,,,,,,0,0,0,0,0,0,0,0,0,0,0,0,0,0,0,0,0,0,0,0,0,0,0,0,0,0,0,0,,,
103KnpHiejTRB66hGXDG-3ASg,2025-09-29 09:35:08.87498 UTC,2025-09-29 09:36:11.940756 UTC,5,2025-09-29T09:35:08+00:00|2025-09-29T09:35:14+00:00|2025-09-29T09:35:25+00:00|2025-09-29T09:35:58+00:00|2025-09-29T09:36:11+00:00,,,,,,,,,,0,0,0,0,0,0,0,0,0,0,0,0,0,0,0,0,0,0,0,0,0,0,0,0,0,0,0,0,,,
5b451a9c-b2aa-4872-a486-ba5f0251ada8,2025-09-29 09:41:01.183487 UTC,2025-09-29 09:44:21.1291 UTC,5,2025-09-29T09:41:01+00:00|2025-09-29T09:41:07+00:00|2025-09-29T09:42:49+00:00|2025-09-29T09:42:54+00:00|2025-09-29T09:44:21+00:00,America/Los_Angeles,,,,,,,,,0,0,0,0,0,0,0,0,0,0,0,0,0,0,0,0,0,0,0,0,0,0,0,0,0,0,0,0,,,
bc6a5d0a-da1d-4791-9558-d4fd9a6c6c26,2025-09-29 09:44:28.866499 UTC,2025-09-29 09:45:04.556005 UTC,6,2025-09-29T09:44:28+00:00|2025-09-29T09:44:31+00:00|2025-09-29T09:44:32+00:00|2025-09-29T09:44:37+00:00|2025-09-29T09:44:51+00:00|2025-09-29T09:45:04+00:00,America/Los_Angeles,,,,,,,,,0,0,0,0,0,0,0,0,0,0,0,0,0,0,0,0,0,0,0,0,0,0,0,0,0,0,0,0,,,
71f998f8-520b-4a8b-967c-9761dea510b5,2025-09-29 10:58:54.51469 UTC,2025-09-29 11:02:18.857347 UTC,7,2025-09-29T10:58:54+00:00|2025-09-29T10:59:01+00:00|2025-09-29T10:59:13+00:00|2025-09-29T10:59:26+00:00|2025-09-29T11:01:52+00:00|2025-09-29T11:02:02+00:00|2025-09-29T11:02:18+00:00,America/Los_Angeles,,,,,,,,,0,0,0,0,0,0,0,0,0,0,0,0,0,0,0,0,0,0,0,0,0,0,0,0,0,0,0,0,,,
714d9ccf-73ec-4f94-ba52-e6db16d54f9a,2025-09-29 11:04:16.829938 UTC,2025-09-29 11:04:30.79286 UTC,4,2025-09-29T11:04:16+00:00|2025-09-29T11:04:21+00:00|2025-09-29T11:04:27+00:00|2025-09-29T11:04:30+00:00,America/Los_Angeles,,,,,,,,,0,0,0,0,0,0,0,0,0,0,0,0,0,0,0,0,0,0,0,0,0,0,0,0,0,0,0,0,,,
d68aeda0-9b5a-4880-a542-91f959693291,2025-09-29 11:08:02.644701 UTC,2025-09-29 11:10:29.047593 UTC,4,2025-09-29T11:08:02+00:00|2025-09-29T11:10:06+00:00|2025-09-29T11:10:26+00:00|2025-09-29T11:10:29+00:00,America/Los_Angeles,,,,,,,,,0,0,0,0,0,0,0,0,0,0,0,0,0,0,0,0,0,0,0,0,0,0,0,0,0,0,0,0,,,
5dba0174-42a9-433b-9c0e-2a3483be7373,2025-09-29 11:47:31.475453 UTC,2025-09-29 11:48:26.365873 UTC,7,2025-09-29T11:47:31+00:00|2025-09-29T11:47:35+00:00|2025-09-29T11:47:54+00:00|2025-09-29T11:47:57+00:00|2025-09-29T11:48:12+00:00|2025-09-29T11:48:16+00:00|2025-09-29T11:48:26+00:00,America/Los_Angeles,,,,,,,,,0,0,0,0,0,0,0,0,0,0,0,0,0,0,0,0,0,0,0,0,0,0,0,0,0,0,0,0,,,
c675a2ad-6350-4d6c-bee1-0522726d9cb4,2025-09-29 11:48:57.884243 UTC,2025-09-29 11:49:18.362678 UTC,6,2025-09-29T11:48:57+00:00|2025-09-29T11:49:01+00:00|2025-09-29T11:49:05+00:00|2025-09-29T11:49:11+00:00|2025-09-29T11:49:14+00:00|2025-09-29T11:49:18+00:00,America/Los_Angeles,,,,,,,,,0,0,0,0,0,0,0,0,0,0,0,0,0,0,0,0,0,0,0,0,0,0,0,0,0,0,0,0,,,
86093e45-974f-44ab-84c0-4c880a9fb167,2025-09-29 11:49:33.76247 UTC,2025-09-29 11:50:15.790962 UTC,8,2025-09-29T11:49:33+00:00|2025-09-29T11:49:36+00:00|2025-09-29T11:49:41+00:00|2025-09-29T11:49:43+00:00|2025-09-29T11:49:56+00:00|2025-09-29T11:50:02+00:00|2025-09-29T11:50:08+00:00|2025-09-29T11:50:15+00:00,America/Los_Angeles,,,,,,,,,0,0,0,0,0,0,0,0,0,0,0,0,0,0,0,0,0,0,0,0,0,0,0,0,0,0,0,0,,,
90d58a82-c979-4043-be49-51460cf5f210,2025-09-29 11:54:59.05006 UTC,2025-09-29 12:04:16.714248 UTC,8,2025-09-29T11:54:59+00:00|2025-09-29T11:55:02+00:00|2025-09-29T11:55:12+00:00|2025-09-29T11:55:23+00:00|2025-09-29T12:03:57+00:00|2025-09-29T12:04:08+00:00|2025-09-29T12:04:12+00:00|2025-09-29T12:04:16+00:00,America/Los_Angeles,,,,,,,,,0,0,0,0,0,0,0,0,0,0,0,0,0,0,0,0,0,0,0,0,0,0,0,0,0,0,0,0,,,
967e5eb9-adab-42e5-b8b0-7b0174e07ec4,2025-09-29 12:01:55.441148 UTC,2025-09-29 12:02:09.019297 UTC,8,2025-09-29T12:01:55+00:00|2025-09-29T12:01:57+00:00|2025-09-29T12:01:59+00:00|2025-09-29T12:02:00+00:00|2025-09-29T12:02:02+00:00|2025-09-29T12:02:04+00:00|2025-09-29T12:02:06+00:00|2025-09-29T12:02:09+00:00,America/Los_Angeles,,,,,,,,,0,0,0,0,0,0,0,0,0,0,0,0,0,0,0,0,0,0,0,0,0,0,0,0,0,0,0,0,,,
cd11bdda-8eea-45ec-9d0f-a2a088db2b40,2025-09-29 12:03:46.476189 UTC,2025-09-29 12:04:22.13872 UTC,7,2025-09-29T12:03:46+00:00|2025-09-29T12:03:50+00:00|2025-09-29T12:03:57+00:00|2025-09-29T12:04:01+00:00|2025-09-29T12:04:13+00:00|2025-09-29T12:04:18+00:00|2025-09-29T12:04:22+00:00,America/Los_Angeles,,,,,,,,,0,0,0,0,0,0,0,0,0,0,0,0,0,0,0,0,0,0,0,0,0,0,0,0,0,0,0,0,,,
2fbae742-7846-46bb-b2ab-2e781b7d7ccc,2025-09-29 12:07:05.177318 UTC,2025-09-29 12:08:04.063516 UTC,8,2025-09-29T12:07:05+00:00|2025-09-29T12:07:09+00:00|2025-09-29T12:07:15+00:00|2025-09-29T12:07:18+00:00|2025-09-29T12:07:37+00:00|2025-09-29T12:07:47+00:00|2025-09-29T12:07:54+00:00|2025-09-29T12:08:04+00:00,America/Los_Angeles,,,,,,,,,0,0,0,0,0,0,0,0,0,0,0,0,0,0,0,0,0,0,0,0,0,0,0,0,0,0,0,0,,,
60e13811-2d88-448d-826b-63e83ac349af,2025-09-29 12:13:18.033066 UTC,2025-09-29 12:13:32.321884 UTC,8,2025-09-29T12:13:18+00:00|2025-09-29T12:13:19+00:00|2025-09-29T12:13:22+00:00|2025-09-29T12:13:24+00:00|2025-09-29T12:13:26+00:00|2025-09-29T12:13:28+00:00|2025-09-29T12:13:30+00:00|2025-09-29T12:13:32+00:00,America/Los_Angeles,,,,,,,,,0,0,0,0,0,0,0,0,0,0,0,0,0,0,0,0,0,0,0,0,0,0,0,0,0,0,0,0,,,
fb3b706f-9d58-473e-90aa-891d3da67e15,2025-09-29 12:13:43.229489 UTC,2025-09-29 12:14:43.874227 UTC,8,2025-09-29T12:13:43+00:00|2025-09-29T12:13:46+00:00|2025-09-29T12:13:54+00:00|2025-09-29T12:13:56+00:00|2025-09-29T12:14:10+00:00|2025-09-29T12:14:13+00:00|2025-09-29T12:14:17+00:00|2025-09-29T12:14:43+00:00,America/Los_Angeles,,,,,,,,,0,0,0,0,0,0,0,0,0,0,0,0,0,0,0,0,0,0,0,0,0,0,0,0,0,0,0,0,,,
065hQEF7GFOTk2vtPJhi6zv-A,2025-09-29 12:18:56.433038 UTC,2025-09-29 12:20:19.031118 UTC,6,2025-09-29T12:18:56+00:00|2025-09-29T12:19:01+00:00|2025-09-29T12:19:13+00:00|2025-09-29T12:19:32+00:00|2025-09-29T12:19:54+00:00|2025-09-29T12:20:19+00:00,,,,,,,,,,0,0,0,0,0,0,0,0,0,0,0,0,0,0,0,0,0,0,0,0,0,0,0,0,0,0,0,0,,,
1709cae3-1aee-44be-b0e2-9b86014ddbfe,2025-09-29 12:24:50.351517 UTC,2025-09-29 12:25:31.210104 UTC,6,2025-09-29T12:24:50+00:00|2025-09-29T12:24:53+00:00|2025-09-29T12:25:01+00:00|2025-09-29T12:25:04+00:00|2025-09-29T12:25:20+00:00|2025-09-29T12:25:31+00:00,America/Los_Angeles,,,,,,,,,0,0,0,0,0,0,0,0,0,0,0,0,0,0,0,0,0,0,0,0,0,0,0,0,0,0,0,0,,,
1199uZGd3i-Tsu8Jz__nxU-5w,2025-09-29 12:26:41.455297 UTC,2025-09-29 12:28:04.603808 UTC,6,2025-09-29T12:26:41+00:00|2025-09-29T12:26:46+00:00|2025-09-29T12:26:57+00:00|2025-09-29T12:27:19+00:00|2025-09-29T12:27:44+00:00|2025-09-29T12:28:04+00:00,,,,,,,,,,0,0,0,0,0,0,0,0,0,0,0,0,0,0,0,0,0,0,0,0,0,0,0,0,0,0,0,0,,,
119lp3BavXgSwaiHVVF3WDSxw,2025-09-29 12:30:01.908137 UTC,2025-09-29 12:30:40.589042 UTC,4,2025-09-29T12:30:01+00:00|2025-09-29T12:30:07+00:00|2025-09-29T12:30:19+00:00|2025-09-29T12:30:40+00:00,,,,,,,,,,0,0,0,0,0,0,0,0,0,0,0,0,0,0,0,0,0,0,0,0,0,0,0,0,0,0,0,0,,,
10392mx_qQSQV-y5bsTEXRCJg,2025-09-29 12:32:00.521531 UTC,2025-09-29 12:32:39.507168 UTC,4,2025-09-29T12:32:00+00:00|2025-09-29T12:32:06+00:00|2025-09-29T12:32:16+00:00|2025-09-29T12:32:39+00:00,,,,,,,,,,0,0,0,0,0,0,0,0,0,0,0,0,0,0,0,0,0,0,0,0,0,0,0,0,0,0,0,0,,,
148ff26a-00b1-40c1-9c70-7e0c2ce65dd7,2025-09-29 12:34:25.026708 UTC,2025-09-29 12:34:25.026708 UTC,1,2025-09-29T12:34:25+00:00,America/Los_Angeles,,,,,,,,,0,0,0,0,0,0,0,0,0,0,0,0,0,0,0,0,0,0,0,0,0,0,0,0,0,0,0,0,,,
aded209e-df8a-4efb-8306-baf456b33ba9,2025-09-29 12:34:31.817288 UTC,2025-09-29 12:34:36.199237 UTC,2,2025-09-29T12:34:31+00:00|2025-09-29T12:34:36+00:00,America/Los_Angeles,,,,,,,,,0,0,0,0,0,0,0,0,0,0,0,0,0,0,0,0,0,0,0,0,0,0,0,0,0,0,0,0,,,
103M662924TRxWKGaP3_CoOfg,2025-09-29 12:37:21.05802 UTC,2025-09-29 12:39:54.015735 UTC,11,2025-09-29T12:37:21+00:00|2025-09-29T12:37:27+00:00|2025-09-29T12:37:38+00:00|2025-09-29T12:38:03+00:00|2025-09-29T12:38:15+00:00|2025-09-29T12:38:39+00:00|2025-09-29T12:38:48+00:00|2025-09-29T12:39:04+00:00|2025-09-29T12:39:32+00:00|2025-09-29T12:39:43+00:00|2025-09-29T12:39:54+00:00,,,,,,,,,,0,0,0,0,0,0,0,0,0,0,0,0,0,0,0,0,0,0,0,0,0,0,0,0,0,0,0,0,,,
195b0d79-ddc1-4348-9087-d2a94ee988b2,2025-09-29 12:44:14.948733 UTC,2025-09-29 12:45:09.743613 UTC,5,2025-09-29T12:44:14+00:00|2025-09-29T12:44:24+00:00|2025-09-29T12:44:42+00:00|2025-09-29T12:44:52+00:00|2025-09-29T12:45:09+00:00,America/Los_Angeles,,,,,,,,,0,0,0,0,0,0,0,0,0,0,0,0,0,0,0,0,0,0,0,0,0,0,0,0,0,0,0,0,,,
cf76372e-41c1-4a34-b159-7c34590681c0,2025-09-29 12:44:33.093708 UTC,2025-09-29 12:46:09.675441 UTC,7,2025-09-29T12:44:33+00:00|2025-09-29T12:44:35+00:00|2025-09-29T12:44:38+00:00|2025-09-29T12:44:41+00:00|2025-09-29T12:44:46+00:00|2025-09-29T12:44:53+00:00|2025-09-29T12:46:09+00:00,America/Los_Angeles,,,,,,,,,0,0,0,0,0,0,0,0,0,0,0,0,0,0,0,0,0,0,0,0,0,0,0,0,0,0,0,0,,,
25f33fa1-3c20-417a-b374-56f43efe1516,2025-09-29 12:46:46.590515 UTC,2025-09-29 12:50:13.344574 UTC,6,2025-09-29T12:46:46+00:00|2025-09-29T12:46:57+00:00|2025-09-29T12:47:06+00:00|2025-09-29T12:47:12+00:00|2025-09-29T12:47:25+00:00|2025-09-29T12:50:13+00:00,America/Los_Angeles,,,,,,,,,0,0,0,0,0,0,0,0,0,0,0,0,0,0,0,0,0,0,0,0,0,0,0,0,0,0,0,0,,,
3102e32e-491f-4895-98d9-eb8711761770,2025-09-29 12:50:40.712839 UTC,2025-09-29 12:51:08.164611 UTC,6,2025-09-29T12:50:40+00:00|2025-09-29T12:50:45+00:00|2025-09-29T12:50:52+00:00|2025-09-29T12:50:55+00:00|2025-09-29T12:50:57+00:00|2025-09-29T12:51:08+00:00,America/Los_Angeles,,,,,,,,,0,0,0,0,0,0,0,0,0,0,0,0,0,0,0,0,0,0,0,0,0,0,0,0,0,0,0,0,,,
c592ecb0-d813-4ba9-9451-bb31c74de710,2025-09-29 12:51:36.398176 UTC,2025-09-29 12:52:16.019087 UTC,10,2025-09-29T12:51:36+00:00|2025-09-29T12:51:39+00:00|2025-09-29T12:51:44+00:00|2025-09-29T12:51:45+00:00|2025-09-29T12:51:54+00:00|2025-09-29T12:51:59+00:00|2025-09-29T12:52:03+00:00|2025-09-29T12:52:06+00:00|2025-09-29T12:52:09+00:00|2025-09-29T12:52:16+00:00,America/Los_Angeles,,,,,,,,,0,0,0,0,0,0,0,0,0,0,0,0,0,0,0,0,0,0,0,0,0,0,0,0,0,0,0,0,,,
9ccefc92-9d57-49d2-bc5d-a1e41ecb61bd,2025-09-29 12:52:25.253458 UTC,2025-09-29 12:52:39.147275 UTC,10,2025-09-29T12:52:25+00:00|2025-09-29T12:52:27+00:00|2025-09-29T12:52:28+00:00|2025-09-29T12:52:29+00:00|2025-09-29T12:52:30+00:00|2025-09-29T12:52:31+00:00|2025-09-29T12:52:33+00:00|2025-09-29T12:52:35+00:00|2025-09-29T12:52:37+00:00|2025-09-29T12:52:39+00:00,America/Los_Angeles,,,,,,,,,0,0,0,0,0,0,0,0,0,0,0,0,0,0,0,0,0,0,0,0,0,0,0,0,0,0,0,0,,,
968424f9-7e1a-47ed-bb53-4ec8c7d07389,2025-09-29 12:53:29.482679 UTC,2025-09-29 12:53:45.376896 UTC,10,2025-09-29T12:53:29+00:00|2025-09-29T12:53:31+00:00|2025-09-29T12:53:33+00:00|2025-09-29T12:53:33+00:00|2025-09-29T12:53:35+00:00|2025-09-29T12:53:36+00:00|2025-09-29T12:53:38+00:00|2025-09-29T12:53:40+00:00|2025-09-29T12:53:42+00:00|2025-09-29T12:53:45+00:00,America/Los_Angeles,,,,,,,,,0,0,0,0,0,0,0,0,0,0,0,0,0,0,0,0,0,0,0,0,0,0,0,0,0,0,0,0,,,
ea432ffb-540f-4130-bee4-da3e05ee26fb,2025-09-29 12:54:08.001484 UTC,2025-09-29 12:55:20.374851 UTC,10,2025-09-29T12:54:08+00:00|2025-09-29T12:54:13+00:00|2025-09-29T12:54:22+00:00|2025-09-29T12:54:24+00:00|2025-09-29T12:54:27+00:00|2025-09-29T12:54:32+00:00|2025-09-29T12:54:43+00:00|2025-09-29T12:54:52+00:00|2025-09-29T12:54:59+00:00|2025-09-29T12:55:20+00:00,America/Los_Angeles,,,,,,,,,0,0,0,0,0,0,0,0,0,0,0,0,0,0,0,0,0,0,0,0,0,0,0,0,0,0,0,0,,,
119wV2TBOgTTj6XYQmyxyEWVw,2025-09-29 13:04:35.666832 UTC,2025-09-29 13:05:57.909909 UTC,6,2025-09-29T13:04:35+00:00|2025-09-29T13:04:41+00:00|2025-09-29T13:04:55+00:00|2025-09-29T13:05:13+00:00|2025-09-29T13:05:34+00:00|2025-09-29T13:05:57+00:00,,,,,,,,,,0,0,0,0,0,0,0,0,0,0,0,0,0,0,0,0,0,0,0,0,0,0,0,0,0,0,0,0,,,
07bc40f7-8b9e-45fc-899d-452982b46782,2025-09-29 14:23:13.447619 UTC,2025-09-29 14:24:58.89367 UTC,8,2025-09-29T14:23:13+00:00|2025-09-29T14:23:17+00:00|2025-09-29T14:23:25+00:00|2025-09-29T14:23:29+00:00|2025-09-29T14:23:46+00:00|2025-09-29T14:23:54+00:00|2025-09-29T14:24:26+00:00|2025-09-29T14:24:58+00:00,America/Los_Angeles,,,,,,,,,0,0,0,0,0,0,0,0,0,0,0,0,0,0,0,0,0,0,0,0,0,0,0,0,0,0,0,0,,,
896d0cd7-668c-421b-942b-40b4a778270f,2025-09-29 14:26:00.457721 UTC,2025-09-29 14:26:16.282862 UTC,8,2025-09-29T14:26:00+00:00|2025-09-29T14:26:02+00:00|2025-09-29T14:26:04+00:00|2025-09-29T14:26:05+00:00|2025-09-29T14:26:08+00:00|2025-09-29T14:26:12+00:00|2025-09-29T14:26:13+00:00|2025-09-29T14:26:16+00:00,America/Los_Angeles,,,,,,,,,0,0,0,0,0,0,0,0,0,0,0,0,0,0,0,0,0,0,0,0,0,0,0,0,0,0,0,0,,,
08935dda-a369-4b55-889c-e964d7f11b5e,2025-09-29 15:16:33.186506 UTC,2025-09-29 15:42:13.022993 UTC,9,2025-09-29T15:16:33+00:00|2025-09-29T15:16:36+00:00|2025-09-29T15:17:36+00:00|2025-09-29T15:18:05+00:00|2025-09-29T15:18:33+00:00|2025-09-29T15:19:32+00:00|2025-09-29T15:41:43+00:00|2025-09-29T15:41:51+00:00|2025-09-29T15:42:13+00:00,America/Los_Angeles,false,false,,,false,,,,0,0,0,0,0,0,0,0,0,0,0,0,0,0,0,0,0,0,0,0,0,0,0,0,0,0,0,0,,,
104c0b2c-aaa2-416f-bfc6-1068e3e211ae,2025-09-29 15:43:31.279983 UTC,2025-09-29 15:44:46.868642 UTC,8,2025-09-29T15:43:31+00:00|2025-09-29T15:43:32+00:00|2025-09-29T15:43:34+00:00|2025-09-29T15:43:36+00:00|2025-09-29T15:43:39+00:00|2025-09-29T15:43:55+00:00|2025-09-29T15:44:36+00:00|2025-09-29T15:44:46+00:00,America/Los_Angeles,,,,,,,,,0,0,0,0,0,0,0,0,0,0,0,0,0,0,0,0,0,0,0,0,0,0,0,0,0,0,0,0,,,
a8cef765-28e7-4166-aa34-63aeb85dfa34,2025-09-29 15:46:17.105823 UTC,2025-09-29 15:46:32.528211 UTC,8,2025-09-29T15:46:17+00:00|2025-09-29T15:46:18+00:00|2025-09-29T15:46:20+00:00|2025-09-29T15:46:24+00:00|2025-09-29T15:46:26+00:00|2025-09-29T15:46:27+00:00|2025-09-29T15:46:30+00:00|2025-09-29T15:46:32+00:00,America/Los_Angeles,,,,,,,,,0,0,0,0,0,0,0,0,0,0,0,0,0,0,0,0,0,0,0,0,0,0,0,0,0,0,0,0,,,
75430b10-7d84-4d64-931c-ba622ad3e30c,2025-09-29 15:47:07.61702 UTC,2025-09-29 15:47:21.545414 UTC,8,2025-09-29T15:47:07+00:00|2025-09-29T15:47:09+00:00|2025-09-29T15:47:11+00:00|2025-09-29T15:47:13+00:00|2025-09-29T15:47:15+00:00|2025-09-29T15:47:16+00:00|2025-09-29T15:47:19+00:00|2025-09-29T15:47:21+00:00,America/Los_Angeles,,,,,,,,,0,0,0,0,0,0,0,0,0,0,0,0,0,0,0,0,0,0,0,0,0,0,0,0,0,0,0,0,,,
97b01cc9-e173-42ff-80b8-755f92816cb5,2025-09-29 16:58:55.381048 UTC,2025-09-29 17:00:44.974773 UTC,13,2025-09-29T16:58:55+00:00|2025-09-29T16:59:07+00:00|2025-09-29T16:59:10+00:00|2025-09-29T16:59:14+00:00|2025-09-29T16:59:17+00:00|2025-09-29T16:59:27+00:00|2025-09-29T16:59:30+00:00|2025-09-29T16:59:40+00:00|2025-09-29T16:59:58+00:00|2025-09-29T17:00:07+00:00|2025-09-29T17:00:21+00:00|2025-09-29T17:00:29+00:00|2025-09-29T17:00:44+00:00,America/Los_Angeles,,,,,,,,,0,0,0,0,0,0,0,0,0,0,0,0,0,0,0,0,0,0,0,0,0,0,0,0,0,0,0,0,,,
103QjbtC6EzSY2akBBuIWFpNg,2025-09-29 17:13:30.733682 UTC,2025-09-29 17:16:36.625659 UTC,11,2025-09-29T17:13:30+00:00|2025-09-29T17:13:35+00:00|2025-09-29T17:13:48+00:00|2025-09-29T17:14:07+00:00|2025-09-29T17:14:32+00:00|2025-09-29T17:14:48+00:00|2025-09-29T17:15:12+00:00|2025-09-29T17:15:36+00:00|2025-09-29T17:15:50+00:00|2025-09-29T17:16:14+00:00|2025-09-29T17:16:36+00:00,,,,,,,,,,0,0,0,0,0,0,0,0,0,0,0,0,0,0,0,0,0,0,0,0,0,0,0,0,0,0,0,0,,,
0651rnBSd9gSgKhCR4VCPSZPA,2025-09-29 17:17:51.949971 UTC,2025-09-29 17:19:11.85461 UTC,6,2025-09-29T17:17:51+00:00|2025-09-29T17:17:58+00:00|2025-09-29T17:18:10+00:00|2025-09-29T17:18:33+00:00|2025-09-29T17:18:54+00:00|2025-09-29T17:19:11+00:00,,,,,,,,,,0,0,0,0,0,0,0,0,0,0,0,0,0,0,0,0,0,0,0,0,0,0,0,0,0,0,0,0,,,
065CX338fBoTyKHuz85u88LtA,2025-09-29 17:24:02.870528 UTC,2025-09-29 17:26:31.53649 UTC,9,2025-09-29T17:24:02+00:00|2025-09-29T17:24:09+00:00|2025-09-29T17:24:22+00:00|2025-09-29T17:24:42+00:00|2025-09-29T17:25:04+00:00|2025-09-29T17:25:20+00:00|2025-09-29T17:25:56+00:00|2025-09-29T17:26:12+00:00|2025-09-29T17:26:31+00:00,,,,,,,,,,0,0,0,0,0,0,0,0,0,0,0,0,0,0,0,0,0,0,0,0,0,0,0,0,0,0,0,0,,,
18815c43-f0a0-4899-8497-f6c9959f9131,2025-09-29 17:29:22.650563 UTC,2025-09-29 17:31:36.405077 UTC,9,2025-09-29T17:29:22+00:00|2025-09-29T17:29:46+00:00|2025-09-29T17:30:04+00:00|2025-09-29T17:30:08+00:00|2025-09-29T17:30:16+00:00|2025-09-29T17:30:29+00:00|2025-09-29T17:30:36+00:00|2025-09-29T17:31:29+00:00|2025-09-29T17:31:36+00:00,America/Los_Angeles,,,,,,,,,0,0,0,0,0,0,0,0,0,0,0,0,0,0,0,0,0,0,0,0,0,0,0,0,0,0,0,0,,,
8bd0b802-a7b4-4222-9c80-b6a8813d35d6,2025-09-29 17:31:50.359646 UTC,2025-09-29 17:33:40.177516 UTC,6,2025-09-29T17:31:50+00:00|2025-09-29T17:31:53+00:00|2025-09-29T17:32:08+00:00|2025-09-29T17:32:12+00:00|2025-09-29T17:32:22+00:00|2025-09-29T17:33:40+00:00,America/Los_Angeles,,,,,,,,,0,0,0,0,0,0,0,0,0,0,0,0,0,0,0,0,0,0,0,0,0,0,0,0,0,0,0,0,,,
28c7434d-97f7-4177-a720-3745e987829c,2025-09-29 18:21:36.605776 UTC,2025-09-29 18:22:43.414754 UTC,8,2025-09-29T18:21:36+00:00|2025-09-29T18:22:05+00:00|2025-09-29T18:22:13+00:00|2025-09-29T18:22:15+00:00|2025-09-29T18:22:19+00:00|2025-09-29T18:22:32+00:00|2025-09-29T18:22:38+00:00|2025-09-29T18:22:43+00:00,America/Los_Angeles,,,,,,,,,0,0,0,0,0,0,0,0,0,0,0,0,0,0,0,0,0,0,0,0,0,0,0,0,0,0,0,0,,,
f65dc072-937a-4b7e-bb42-ccb62b7f8ee3,2025-09-29 18:34:56.665844 UTC,2025-09-29 18:35:37.746109 UTC,6,2025-09-29T18:34:56+00:00|2025-09-29T18:35:00+00:00|2025-09-29T18:35:02+00:00|2025-09-29T18:35:05+00:00|2025-09-29T18:35:08+00:00|2025-09-29T18:35:37+00:00,America/Los_Angeles,,,,,,,,,0,0,0,0,0,0,0,0,0,0,0,0,0,0,0,0,0,0,0,0,0,0,0,0,0,0,0,0,,,
85f472ce-b68f-4b2e-81aa-5fbbe1b00f4a,2025-09-29 18:39:11.478479 UTC,2025-09-29 18:39:29.942618 UTC,5,2025-09-29T18:39:11+00:00|2025-09-29T18:39:17+00:00|2025-09-29T18:39:22+00:00|2025-09-29T18:39:24+00:00|2025-09-29T18:39:29+00:00,America/Los_Angeles,,,,,,,,,0,0,0,0,0,0,0,0,0,0,0,0,0,0,0,0,0,0,0,0,0,0,0,0,0,0,0,0,,,
40370d7c-54ae-47a2-9088-9b72bba75b05,2025-09-29 18:40:23.991459 UTC,2025-09-29 18:40:30.36998 UTC,6,2025-09-29T18:40:23+00:00|2025-09-29T18:40:25+00:00|2025-09-29T18:40:26+00:00|2025-09-29T18:40:27+00:00|2025-09-29T18:40:29+00:00|2025-09-29T18:40:30+00:00,America/Los_Angeles,,,,,,,,,0,0,0,0,0,0,0,0,0,0,0,0,0,0,0,0,0,0,0,0,0,0,0,0,0,0,0,0,,,
308ae792-40ef-4713-8af7-e2d021a2b523,2025-09-30 07:49:12.758964 UTC,2025-09-30 07:49:19.091789 UTC,2,2025-09-30T07:49:12+00:00|2025-09-30T07:49:19+00:00,America/Los_Angeles,,,,,,,,,0,0,0,0,0,0,0,0,0,0,0,0,0,0,0,0,0,0,0,0,0,0,0,0,0,0,0,0,,,
29c465cd-4ffb-4a98-8ad3-bf1f8fad688a,2025-09-30 07:58:04.123377 UTC,2025-09-30 07:59:14.452901 UTC,5,2025-09-30T07:58:04+00:00|2025-09-30T07:58:18+00:00|2025-09-30T07:58:44+00:00|2025-09-30T07:58:54+00:00|2025-09-30T07:59:14+00:00,America/Los_Angeles,,,,,,,,,0,0,0,0,0,0,0,0,0,0,0,0,0,0,0,0,0,0,0,0,0,0,0,0,0,0,0,0,,,
aff799f3-fd1c-464b-be97-94490b41820e,2025-09-30 09:25:56.462429 UTC,2025-09-30 09:29:19.230873 UTC,8,2025-09-30T09:25:56+00:00|2025-09-30T09:26:05+00:00|2025-09-30T09:26:16+00:00|2025-09-30T09:26:21+00:00|2025-09-30T09:27:04+00:00|2025-09-30T09:28:56+00:00|2025-09-30T09:29:04+00:00|2025-09-30T09:29:19+00:00,America/Los_Angeles,,,,,,,,,0,0,0,0,0,0,0,0,0,0,0,0,0,0,0,0,0,0,0,0,0,0,0,0,0,0,0,0,,,
fe91282d-f273-4dcb-ab22-faaf5f1ace0d,2025-09-30 09:31:19.688111 UTC,2025-09-30 09:34:46.107706 UTC,10,2025-09-30T09:31:19+00:00|2025-09-30T09:31:26+00:00|2025-09-30T09:32:05+00:00|2025-09-30T09:32:11+00:00|2025-09-30T09:33:34+00:00|2025-09-30T09:33:49+00:00|2025-09-30T09:34:04+00:00|2025-09-30T09:34:15+00:00|2025-09-30T09:34:23+00:00|2025-09-30T09:34:46+00:00,America/Los_Angeles,,,,,,,,,0,0,0,0,0,0,0,0,0,0,0,0,0,0,0,0,0,0,0,0,0,0,0,0,0,0,0,0,,,
8d77afd2-e1eb-453d-aff9-2ed29455e0a0,2025-09-30 09:36:50.799253 UTC,2025-09-30 09:38:53.502084 UTC,7,2025-09-30T09:36:50+00:00|2025-09-30T09:36:54+00:00|2025-09-30T09:37:03+00:00|2025-09-30T09:37:07+00:00|2025-09-30T09:38:30+00:00|2025-09-30T09:38:36+00:00|2025-09-30T09:38:53+00:00,America/Los_Angeles,,,,,,,,,0,0,0,0,0,0,0,0,0,0,0,0,0,0,0,0,0,0,0,0,0,0,0,0,0,0,0,0,,,
5893f96b-353d-49fc-8b7a-e86031c91670,2025-09-30 09:40:53.501501 UTC,2025-09-30 09:43:35.577593 UTC,6,2025-09-30T09:40:53+00:00|2025-09-30T09:40:59+00:00|2025-09-30T09:42:23+00:00|2025-09-30T09:42:27+00:00|2025-09-30T09:43:24+00:00|2025-09-30T09:43:35+00:00,America/Los_Angeles,,,,,,,,,0,0,0,0,0,0,0,0,0,0,0,0,0,0,0,0,0,0,0,0,0,0,0,0,0,0,0,0,,,
c435e7eb-49a7-4196-84ad-e9eaf96d4f4c,2025-09-30 09:43:45.218142 UTC,2025-09-30 09:44:33.411796 UTC,8,2025-09-30T09:43:45+00:00|2025-09-30T09:43:49+00:00|2025-09-30T09:43:55+00:00|2025-09-30T09:44:08+00:00|2025-09-30T09:44:18+00:00|2025-09-30T09:44:24+00:00|2025-09-30T09:44:29+00:00|2025-09-30T09:44:33+00:00,America/Los_Angeles,,,,,,,,,0,0,0,0,0,0,0,0,0,0,0,0,0,0,0,0,0,0,0,0,0,0,0,0,0,0,0,0,,,
47010b04-48e2-495c-a3d9-402a30bf5c30,2025-09-30 09:48:40.211061 UTC,2025-09-30 09:49:54.5798 UTC,10,2025-09-30T09:48:40+00:00|2025-09-30T09:48:44+00:00|2025-09-30T09:48:54+00:00|2025-09-30T09:48:58+00:00|2025-09-30T09:49:02+00:00|2025-09-30T09:49:10+00:00|2025-09-30T09:49:35+00:00|2025-09-30T09:49:45+00:00|2025-09-30T09:49:49+00:00|2025-09-30T09:49:54+00:00,America/Los_Angeles,,,,,,,,,0,0,0,0,0,0,0,0,0,0,0,0,0,0,0,0,0,0,0,0,0,0,0,0,0,0,0,0,,,
12b4c39e-374b-4dbd-a83d-ca99aad59f88,2025-09-30 10:52:32.882932 UTC,2025-09-30 10:52:32.882932 UTC,1,2025-09-30T10:52:32+00:00,America/Los_Angeles,,,,,,,,,0,0,0,0,0,0,0,0,0,0,0,0,0,0,0,0,0,0,0,0,0,0,0,0,0,0,0,0,,,
2740f1d8-e5c8-47fa-a57f-7e4c42915005,2025-09-30 10:55:55.024352 UTC,2025-09-30 11:01:58.241508 UTC,7,2025-09-30T10:55:55+00:00|2025-09-30T11:00:57+00:00|2025-09-30T11:01:23+00:00|2025-09-30T11:01:25+00:00|2025-09-30T11:01:30+00:00|2025-09-30T11:01:44+00:00|2025-09-30T11:01:58+00:00,America/Los_Angeles,,,,,,,,,0,0,0,0,0,0,0,0,0,0,0,0,0,0,0,0,0,0,0,0,0,0,0,0,0,0,0,0,,,
e171c506-e34f-4e45-859f-488ae8427e42,2025-09-30 10:58:11.51357 UTC,2025-09-30 11:01:31.68562 UTC,7,2025-09-30T10:58:11+00:00|2025-09-30T10:58:17+00:00|2025-09-30T10:58:23+00:00|2025-09-30T11:00:36+00:00|2025-09-30T11:01:08+00:00|2025-09-30T11:01:12+00:00|2025-09-30T11:01:31+00:00,America/Los_Angeles,,,,,,,,,0,0,0,0,0,0,0,0,0,0,0,0,0,0,0,0,0,0,0,0,0,0,0,0,0,0,0,0,,,
10f04278-5509-457b-ab39-bc035def5fae,2025-09-30 11:03:27.545914 UTC,2025-09-30 11:04:04.353829 UTC,7,2025-09-30T11:03:27+00:00|2025-09-30T11:03:32+00:00|2025-09-30T11:03:38+00:00|2025-09-30T11:03:40+00:00|2025-09-30T11:03:45+00:00|2025-09-30T11:03:59+00:00|2025-09-30T11:04:04+00:00,America/Los_Angeles,,,,,,,,,0,0,0,0,0,0,0,0,0,0,0,0,0,0,0,0,0,0,0,0,0,0,0,0,0,0,0,0,,,
b8a49f3c-979a-4575-9ee9-042b022ec678,2025-09-30 11:05:26.366395 UTC,2025-09-30 11:05:41.964034 UTC,5,2025-09-30T11:05:26+00:00|2025-09-30T11:05:29+00:00|2025-09-30T11:05:34+00:00|2025-09-30T11:05:37+00:00|2025-09-30T11:05:41+00:00,America/Los_Angeles,,,,,,,,,0,0,0,0,0,0,0,0,0,0,0,0,0,0,0,0,0,0,0,0,0,0,0,0,0,0,0,0,,,
12526026-ca7e-454d-b733-76ad95bc9ea4,2025-09-30 11:09:28.299957 UTC,2025-09-30 11:13:36.03666 UTC,8,2025-09-30T11:09:28+00:00|2025-09-30T11:09:33+00:00|2025-09-30T11:09:43+00:00|2025-09-30T11:09:47+00:00|2025-09-30T11:12:58+00:00|2025-09-30T11:13:06+00:00|2025-09-30T11:13:12+00:00|2025-09-30T11:13:36+00:00,America/Los_Angeles,,,,,,,,,0,0,0,0,0,0,0,0,0,0,0,0,0,0,0,0,0,0,0,0,0,0,0,0,0,0,0,0,,,
048188e7-6857-4513-8083-9d0b9cdc2daf,2025-09-30 11:11:49.545039 UTC,2025-09-30 11:12:54.727829 UTC,4,2025-09-30T11:11:49+00:00|2025-09-30T11:12:45+00:00|2025-09-30T11:12:51+00:00|2025-09-30T11:12:54+00:00,America/Los_Angeles,,,,,,,,,0,0,0,0,0,0,0,0,0,0,0,0,0,0,0,0,0,0,0,0,0,0,0,0,0,0,0,0,,,
e74e641e-0016-4744-b987-46b5a66bc418,2025-09-30 11:13:18.435783 UTC,2025-09-30 11:13:35.875932 UTC,6,2025-09-30T11:13:18+00:00|2025-09-30T11:13:21+00:00|2025-09-30T11:13:27+00:00|2025-09-30T11:13:29+00:00|2025-09-30T11:13:32+00:00|2025-09-30T11:13:35+00:00,America/Los_Angeles,,,,,,,,,0,0,0,0,0,0,0,0,0,0,0,0,0,0,0,0,0,0,0,0,0,0,0,0,0,0,0,0,,,
da167767-3987-45e3-9dad-35381c72c292,2025-09-30 11:13:47.444697 UTC,2025-09-30 11:15:08.384058 UTC,8,2025-09-30T11:13:47+00:00|2025-09-30T11:13:50+00:00|2025-09-30T11:13:53+00:00|2025-09-30T11:13:56+00:00|2025-09-30T11:14:02+00:00|2025-09-30T11:14:14+00:00|2025-09-30T11:14:44+00:00|2025-09-30T11:15:08+00:00,America/Los_Angeles,,,,,,,,,0,0,0,0,0,0,0,0,0,0,0,0,0,0,0,0,0,0,0,0,0,0,0,0,0,0,0,0,,,
92604bd1-0e66-4d79-ad79-1701ee60b9f8,2025-09-30 11:17:12.739416 UTC,2025-09-30 11:17:12.739416 UTC,1,2025-09-30T11:17:12+00:00,America/Los_Angeles,,,,,,,,,0,0,0,0,0,0,0,0,0,0,0,0,0,0,0,0,0,0,0,0,0,0,0,0,0,0,0,0,,,
acfeac76-0bc3-4d1f-b259-e1c54cd3a48b,2025-09-30 11:17:25.366679 UTC,2025-09-30 11:17:49.975209 UTC,7,2025-09-30T11:17:25+00:00|2025-09-30T11:17:28+00:00|2025-09-30T11:17:33+00:00|2025-09-30T11:17:35+00:00|2025-09-30T11:17:44+00:00|2025-09-30T11:17:47+00:00|2025-09-30T11:17:49+00:00,America/Los_Angeles,,,,,,,,,0,0,0,0,0,0,0,0,0,0,0,0,0,0,0,0,0,0,0,0,0,0,0,0,0,0,0,0,,,
525318d0-d216-4d25-b99c-53d99fc7c405,2025-09-30 11:18:36.723822 UTC,2025-09-30 11:18:56.770638 UTC,8,2025-09-30T11:18:36+00:00|2025-09-30T11:18:39+00:00|2025-09-30T11:18:44+00:00|2025-09-30T11:18:46+00:00|2025-09-30T11:18:49+00:00|2025-09-30T11:18:51+00:00|2025-09-30T11:18:54+00:00|2025-09-30T11:18:56+00:00,America/Los_Angeles,,,,,,,,,0,0,0,0,0,0,0,0,0,0,0,0,0,0,0,0,0,0,0,0,0,0,0,0,0,0,0,0,,,
52301449-3cb2-4897-9b0c-815d078505b7,2025-09-30 11:19:05.073116 UTC,2025-09-30 11:19:39.862979 UTC,7,2025-09-30T11:19:05+00:00|2025-09-30T11:19:08+00:00|2025-09-30T11:19:14+00:00|2025-09-30T11:19:18+00:00|2025-09-30T11:19:22+00:00|2025-09-30T11:19:24+00:00|2025-09-30T11:19:39+00:00,America/Los_Angeles,,,,,,,,,0,0,0,0,0,0,0,0,0,0,0,0,0,0,0,0,0,0,0,0,0,0,0,0,0,0,0,0,,,
e55cda70-5564-4f28-970b-42baed8203cb,2025-09-30 11:19:33.664989 UTC,2025-09-30 11:19:57.432456 UTC,8,2025-09-30T11:19:33+00:00|2025-09-30T11:19:36+00:00|2025-09-30T11:19:41+00:00|2025-09-30T11:19:43+00:00|2025-09-30T11:19:47+00:00|2025-09-30T11:19:50+00:00|2025-09-30T11:19:55+00:00|2025-09-30T11:19:57+00:00,America/Los_Angeles,,,,,,,,,0,0,0,0,0,0,0,0,0,0,0,0,0,0,0,0,0,0,0,0,0,0,0,0,0,0,0,0,,,
31f5097d-8599-4102-a7d7-22894eac4e9f,2025-09-30 11:20:04.316397 UTC,2025-09-30 11:22:14.784292 UTC,10,2025-09-30T11:20:04+00:00|2025-09-30T11:20:08+00:00|2025-09-30T11:20:12+00:00|2025-09-30T11:20:15+00:00|2025-09-30T11:20:38+00:00|2025-09-30T11:20:41+00:00|2025-09-30T11:20:57+00:00|2025-09-30T11:22:09+00:00|2025-09-30T11:22:11+00:00|2025-09-30T11:22:14+00:00,America/Los_Angeles,,,,,,,,,0,0,0,0,0,0,0,0,0,0,0,0,0,0,0,0,0,0,0,0,0,0,0,0,0,0,0,0,,,
3da87907-4111-46e4-91eb-31d71cc2afdc,2025-09-30 11:21:29.945406 UTC,2025-09-30 11:21:29.945406 UTC,1,2025-09-30T11:21:29+00:00,America/Los_Angeles,,,,,,,,,0,0,0,0,0,0,0,0,0,0,0,0,0,0,0,0,0,0,0,0,0,0,0,0,0,0,0,0,,,
fc1a49fc-5ec3-4517-9f53-a4ea8a873806,2025-09-30 11:21:42.33964 UTC,2025-09-30 11:21:42.33964 UTC,1,2025-09-30T11:21:42+00:00,America/Los_Angeles,,,,,,,,,0,0,0,0,0,0,0,0,0,0,0,0,0,0,0,0,0,0,0,0,0,0,0,0,0,0,0,0,,,
1c6f88a5-83e7-4a9f-a245-6406c517cf54,2025-09-30 11:21:52.334954 UTC,2025-09-30 11:21:52.334954 UTC,1,2025-09-30T11:21:52+00:00,America/Los_Angeles,,,,,,,,,0,0,0,0,0,0,0,0,0,0,0,0,0,0,0,0,0,0,0,0,0,0,0,0,0,0,0,0,,,
9684e11e-69ee-44b8-9e6e-c595542579d6,2025-09-30 11:22:13.462987 UTC,2025-09-30 11:23:23.962544 UTC,7,2025-09-30T11:22:13+00:00|2025-09-30T11:22:20+00:00|2025-09-30T11:22:25+00:00|2025-09-30T11:22:27+00:00|2025-09-30T11:22:31+00:00|2025-09-30T11:23:06+00:00|2025-09-30T11:23:23+00:00,America/Los_Angeles,,,,,,,,,0,0,0,0,0,0,0,0,0,0,0,0,0,0,0,0,0,0,0,0,0,0,0,0,0,0,0,0,,,
3c73e408-5088-41ce-a26e-cc416953f212,2025-09-30 11:24:38.904633 UTC,2025-09-30 11:25:27.792744 UTC,8,2025-09-30T11:24:38+00:00|2025-09-30T11:24:45+00:00|2025-09-30T11:24:52+00:00|2025-09-30T11:24:54+00:00|2025-09-30T11:24:58+00:00|2025-09-30T11:25:10+00:00|2025-09-30T11:25:13+00:00|2025-09-30T11:25:27+00:00,America/Los_Angeles,,,,,,,,,0,0,0,0,0,0,0,0,0,0,0,0,0,0,0,0,0,0,0,0,0,0,0,0,0,0,0,0,,,
c772070e-fdbf-4a87-a8f6-ced4c64933d5,2025-09-30 11:24:59.265647 UTC,2025-09-30 11:26:50.852264 UTC,7,2025-09-30T11:24:59+00:00|2025-09-30T11:25:02+00:00|2025-09-30T11:25:12+00:00|2025-09-30T11:25:17+00:00|2025-09-30T11:25:52+00:00|2025-09-30T11:26:30+00:00|2025-09-30T11:26:50+00:00,America/Los_Angeles,,,,,,,,,0,0,0,0,0,0,0,0,0,0,0,0,0,0,0,0,0,0,0,0,0,0,0,0,0,0,0,0,,,
62d5685f-2057-427a-bf6e-9174d3c2275e,2025-09-30 11:26:52.913379 UTC,2025-09-30 11:27:02.974062 UTC,8,2025-09-30T11:26:52+00:00|2025-09-30T11:26:54+00:00|2025-09-30T11:26:56+00:00|2025-09-30T11:26:57+00:00|2025-09-30T11:26:59+00:00|2025-09-30T11:27:00+00:00|2025-09-30T11:27:02+00:00|2025-09-30T11:27:02+00:00,America/Los_Angeles,,,,,,,,,0,0,0,0,0,0,0,0,0,0,0,0,0,0,0,0,0,0,0,0,0,0,0,0,0,0,0,0,,,
3cc1192b-7ede-432e-8e76-76f5c3dcbe2f,2025-09-30 11:27:14.358781 UTC,2025-09-30 11:28:41.347638 UTC,8,2025-09-30T11:27:14+00:00|2025-09-30T11:27:18+00:00|2025-09-30T11:27:27+00:00|2025-09-30T11:27:31+00:00|2025-09-30T11:27:57+00:00|2025-09-30T11:28:15+00:00|2025-09-30T11:28:30+00:00|2025-09-30T11:28:41+00:00,America/Los_Angeles,,,,,,,,,0,0,0,0,0,0,0,0,0,0,0,0,0,0,0,0,0,0,0,0,0,0,0,0,0,0,0,0,,,
ad9a903d-4959-4d15-a465-1dfd6d756c42,2025-09-30 11:29:21.512704 UTC,2025-09-30 11:31:19.640587 UTC,8,2025-09-30T11:29:21+00:00|2025-09-30T11:29:24+00:00|2025-09-30T11:29:43+00:00|2025-09-30T11:30:14+00:00|2025-09-30T11:30:47+00:00|2025-09-30T11:31:01+00:00|2025-09-30T11:31:10+00:00|2025-09-30T11:31:19+00:00,America/Los_Angeles,,,,,,,,,0,0,0,0,0,0,0,0,0,0,0,0,0,0,0,0,0,0,0,0,0,0,0,0,0,0,0,0,,,
6d03759e-b218-4e0d-9a9a-f9706d8b631e,2025-09-30 11:31:38.757951 UTC,2025-09-30 11:32:53.744823 UTC,8,2025-09-30T11:31:38+00:00|2025-09-30T11:31:59+00:00|2025-09-30T11:32:12+00:00|2025-09-30T11:32:16+00:00|2025-09-30T11:32:21+00:00|2025-09-30T11:32:27+00:00|2025-09-30T11:32:42+00:00|2025-09-30T11:32:53+00:00,America/Los_Angeles,,,,,,,,,0,0,0,0,0,0,0,0,0,0,0,0,0,0,0,0,0,0,0,0,0,0,0,0,0,0,0,0,,,
7310b816-0d62-43c6-abe3-745be6dc8b65,2025-09-30 11:57:55.071193 UTC,2025-09-30 11:59:06.325645 UTC,6,2025-09-30T11:57:55+00:00|2025-09-30T11:58:00+00:00|2025-09-30T11:58:08+00:00|2025-09-30T11:58:11+00:00|2025-09-30T11:58:44+00:00|2025-09-30T11:59:06+00:00,America/Los_Angeles,false,false,,,false,,,,0,0,0,0,0,0,0,0,0,0,0,0,0,0,0,0,0,0,0,0,0,0,0,0,0,0,0,0,,,
fd4b337e-f8c4-46b7-bd29-6d10efa0510f,2025-09-30 12:36:54.175377 UTC,2025-09-30 12:37:10.299481 UTC,5,2025-09-30T12:36:54+00:00|2025-09-30T12:36:57+00:00|2025-09-30T12:37:02+00:00|2025-09-30T12:37:04+00:00|2025-09-30T12:37:10+00:00,America/Los_Angeles,,,,,,,,,0,0,0,0,0,0,0,0,0,0,0,0,0,0,0,0,0,0,0,0,0,0,0,0,0,0,0,0,,,
87c49b20-8b61-4cb2-b642-91ae7f5bd214,2025-09-30 12:38:33.430845 UTC,2025-09-30 12:45:59.517775 UTC,11,2025-09-30T12:38:33+00:00|2025-09-30T12:38:35+00:00|2025-09-30T12:38:37+00:00|2025-09-30T12:38:38+00:00|2025-09-30T12:38:40+00:00|2025-09-30T12:44:42+00:00|2025-09-30T12:44:55+00:00|2025-09-30T12:45:01+00:00|2025-09-30T12:45:28+00:00|2025-09-30T12:45:43+00:00|2025-09-30T12:45:59+00:00,America/Los_Angeles,,,,,,,,,0,0,0,0,0,0,0,0,0,0,0,0,0,0,0,0,0,0,0,0,0,0,0,0,0,0,0,0,,,
119GM9W6GMuTHGDiIAf8MdZew,2025-09-30 13:10:36.779238 UTC,2025-09-30 13:11:21.348684 UTC,5,2025-09-30T13:10:36+00:00|2025-09-30T13:10:41+00:00|2025-09-30T13:10:53+00:00|2025-09-30T13:11:12+00:00|2025-09-30T13:11:21+00:00,,,,,,,,,,0,0,0,0,0,0,0,0,0,0,0,0,0,0,0,0,0,0,0,0,0,0,0,0,0,0,0,0,,,
119ZEQM5DtlQQ6MZR0rt3Z5qw,2025-09-30 13:47:26.716883 UTC,2025-09-30 13:49:16.753841 UTC,8,2025-09-30T13:47:26+00:00|2025-09-30T13:47:32+00:00|2025-09-30T13:47:44+00:00|2025-09-30T13:48:07+00:00|2025-09-30T13:48:33+00:00|2025-09-30T13:48:51+00:00|2025-09-30T13:48:56+00:00|2025-09-30T13:49:16+00:00,,,,,,,,,,0,0,0,0,0,0,0,0,0,0,0,0,0,0,0,0,0,0,0,0,0,0,0,0,0,0,0,0,,,
119HrE-7HCcRIa60XGbPyz1Bw,2025-09-30 13:54:36.381787 UTC,2025-09-30 13:56:45.835508 UTC,8,2025-09-30T13:54:36+00:00|2025-09-30T13:54:41+00:00|2025-09-30T13:54:52+00:00|2025-09-30T13:55:16+00:00|2025-09-30T13:55:35+00:00|2025-09-30T13:55:55+00:00|2025-09-30T13:56:20+00:00|2025-09-30T13:56:45+00:00,,,,,,,,,,0,0,0,0,0,0,0,0,0,0,0,0,0,0,0,0,0,0,0,0,0,0,0,0,0,0,0,0,,,
0654xdWTq1xRiW_TBlVRDOEWA,2025-09-30 13:59:50.596091 UTC,2025-09-30 14:00:28.350593 UTC,4,2025-09-30T13:59:50+00:00|2025-09-30T13:59:56+00:00|2025-09-30T14:00:07+00:00|2025-09-30T14:00:28+00:00,,,,,,,,,,0,0,0,0,0,0,0,0,0,0,0,0,0,0,0,0,0,0,0,0,0,0,0,0,0,0,0,0,,,
119nDpssZ6yRY-bCDvjB70F0w,2025-09-30 14:01:39.114868 UTC,2025-09-30 14:02:41.090646 UTC,5,2025-09-30T14:01:39+00:00|2025-09-30T14:01:44+00:00|2025-09-30T14:01:54+00:00|2025-09-30T14:02:17+00:00|2025-09-30T14:02:41+00:00,,,,,,,,,,0,0,0,0,0,0,0,0,0,0,0,0,0,0,0,0,0,0,0,0,0,0,0,0,0,0,0,0,,,
065B6oTxIB9QEuEzt9E_R-tiA,2025-09-30 14:15:20.858948 UTC,2025-09-30 14:17:50.103079 UTC,11,2025-09-30T14:15:20+00:00|2025-09-30T14:15:27+00:00|2025-09-30T14:15:41+00:00|2025-09-30T14:15:59+00:00|2025-09-30T14:16:17+00:00|2025-09-30T14:16:37+00:00|2025-09-30T14:16:56+00:00|2025-09-30T14:17:14+00:00|2025-09-30T14:17:26+00:00|2025-09-30T14:17:37+00:00|2025-09-30T14:17:50+00:00,,,,,,,,,,0,0,0,0,0,0,0,0,0,0,0,0,0,0,0,0,0,0,0,0,0,0,0,0,0,0,0,0,,,
065tZBz7cAnQw21L8oz0Q8F7A,2025-09-30 14:27:35.137035 UTC,2025-09-30 14:27:40.425207 UTC,2,2025-09-30T14:27:35+00:00|2025-09-30T14:27:40+00:00,,,,,,,,,,0,0,0,0,0,0,0,0,0,0,0,0,0,0,0,0,0,0,0,0,0,0,0,0,0,0,0,0,,,
3c6de75b-fb1e-432f-9b3e-341bc94f7cbc,2025-09-30 14:54:50.203991 UTC,2025-09-30 14:55:16.858303 UTC,5,2025-09-30T14:54:50+00:00|2025-09-30T14:55:00+00:00|2025-09-30T14:55:09+00:00|2025-09-30T14:55:12+00:00|2025-09-30T14:55:16+00:00,America/Los_Angeles,,,,,,,,,0,0,0,0,0,0,0,0,0,0,0,0,0,0,0,0,0,0,0,0,0,0,0,0,0,0,0,0,,,
346a881b-e8bc-4234-9457-4e29ad2adeb8,2025-09-30 14:55:26.960674 UTC,2025-09-30 14:55:41.792926 UTC,4,2025-09-30T14:55:26+00:00|2025-09-30T14:55:30+00:00|2025-09-30T14:55:38+00:00|2025-09-30T14:55:41+00:00,America/Los_Angeles,,,,,,,,,0,0,0,0,0,0,0,0,0,0,0,0,0,0,0,0,0,0,0,0,0,0,0,0,0,0,0,0,,,
064727a4-f960-4b50-8cef-9191a8a37e14,2025-09-30 14:56:18.469777 UTC,2025-09-30 14:56:59.534792 UTC,6,2025-09-30T14:56:18+00:00|2025-09-30T14:56:22+00:00|2025-09-30T14:56:28+00:00|2025-09-30T14:56:53+00:00|2025-09-30T14:56:55+00:00|2025-09-30T14:56:59+00:00,America/Los_Angeles,,,,,,,,,0,0,0,0,0,0,0,0,0,0,0,0,0,0,0,0,0,0,0,0,0,0,0,0,0,0,0,0,,,
16f03b45-1684-4468-a0f5-81190d795b6f,2025-09-30 14:57:40.244295 UTC,2025-09-30 14:57:45.199421 UTC,5,2025-09-30T14:57:40+00:00|2025-09-30T14:57:42+00:00|2025-09-30T14:57:43+00:00|2025-09-30T14:57:44+00:00|2025-09-30T14:57:45+00:00,America/Los_Angeles,,,,,,,,,0,0,0,0,0,0,0,0,0,0,0,0,0,0,0,0,0,0,0,0,0,0,0,0,0,0,0,0,,,
c838d7cb-d0e9-443a-be75-3756384f5212,2025-09-30 14:58:25.751197 UTC,2025-09-30 14:58:40.92306 UTC,5,2025-09-30T14:58:25+00:00|2025-09-30T14:58:27+00:00|2025-09-30T14:58:38+00:00|2025-09-30T14:58:39+00:00|2025-09-30T14:58:40+00:00,America/Los_Angeles,,,,,,,,,0,0,0,0,0,0,0,0,0,0,0,0,0,0,0,0,0,0,0,0,0,0,0,0,0,0,0,0,,,
15060849-114e-4aae-b829-4cbe9ac0b9cc,2025-09-30 14:58:44.63922 UTC,2025-09-30 14:58:58.175378 UTC,5,2025-09-30T14:58:44+00:00|2025-09-30T14:58:47+00:00|2025-09-30T14:58:53+00:00|2025-09-30T14:58:55+00:00|2025-09-30T14:58:58+00:00,America/Los_Angeles,,,,,,,,,0,0,0,0,0,0,0,0,0,0,0,0,0,0,0,0,0,0,0,0,0,0,0,0,0,0,0,0,,,
701eb05c-8701-4500-b007-2cd14d16b36c,2025-09-30 15:01:13.434387 UTC,2025-09-30 15:01:48.535868 UTC,8,2025-09-30T15:01:13+00:00|2025-09-30T15:01:18+00:00|2025-09-30T15:01:24+00:00|2025-09-30T15:01:27+00:00|2025-09-30T15:01:32+00:00|2025-09-30T15:01:35+00:00|2025-09-30T15:01:45+00:00|2025-09-30T15:01:48+00:00,America/Los_Angeles,,,,,,,,,0,0,0,0,0,0,0,0,0,0,0,0,0,0,0,0,0,0,0,0,0,0,0,0,0,0,0,0,,,
103qqQR_EGbRRSzbrhnXAlsXg,2025-09-30 15:01:33.406105 UTC,2025-09-30 15:02:29.836469 UTC,5,2025-09-30T15:01:33+00:00|2025-09-30T15:01:39+00:00|2025-09-30T15:01:51+00:00|2025-09-30T15:02:10+00:00|2025-09-30T15:02:29+00:00,,,,,,,,,,0,0,0,0,0,0,0,0,0,0,0,0,0,0,0,0,0,0,0,0,0,0,0,0,0,0,0,0,,,
081fCioPZM1SjOmgkVbjVkZ5Q,2025-09-30 15:13:03.473531 UTC,2025-09-30 15:13:59.759128 UTC,5,2025-09-30T15:13:03+00:00|2025-09-30T15:13:08+00:00|2025-09-30T15:13:19+00:00|2025-09-30T15:13:36+00:00|2025-09-30T15:13:59+00:00,,,,,,,,,,0,0,0,0,0,0,0,0,0,0,0,0,0,0,0,0,0,0,0,0,0,0,0,0,0,0,0,0,,,
065SDs3p5moRWi-PdTZi_kb0A,2025-09-30 15:29:38.144295 UTC,2025-09-30 15:31:00.414534 UTC,6,2025-09-30T15:29:38+00:00|2025-09-30T15:29:46+00:00|2025-09-30T15:29:58+00:00|2025-09-30T15:30:16+00:00|2025-09-30T15:30:38+00:00|2025-09-30T15:31:00+00:00,,,,,,,,,,0,0,0,0,0,0,0,0,0,0,0,0,0,0,0,0,0,0,0,0,0,0,0,0,0,0,0,0,,,
065NOFghEN0QlCy-6UmYy6vEA,2025-09-30 15:33:04.63166 UTC,2025-09-30 15:34:59.088037 UTC,8,2025-09-30T15:33:04+00:00|2025-09-30T15:33:10+00:00|2025-09-30T15:33:20+00:00|2025-09-30T15:33:40+00:00|2025-09-30T15:33:50+00:00|2025-09-30T15:34:10+00:00|2025-09-30T15:34:33+00:00|2025-09-30T15:34:59+00:00,,,,,,,,,,0,0,0,0,0,0,0,0,0,0,0,0,0,0,0,0,0,0,0,0,0,0,0,0,0,0,0,0,,,
c0344338-aec1-482b-9868-5292d6288085,2025-09-30 15:37:10.074302 UTC,2025-09-30 15:37:20.628605 UTC,4,2025-09-30T15:37:10+00:00|2025-09-30T15:37:14+00:00|2025-09-30T15:37:17+00:00|2025-09-30T15:37:20+00:00,America/Los_Angeles,,,,,,,,,0,0,0,0,0,0,0,0,0,0,0,0,0,0,0,0,0,0,0,0,0,0,0,0,0,0,0,0,,,
3ff736d4-4c6e-4019-ab3a-e4a5ca100ff0,2025-09-30 15:37:37.524676 UTC,2025-09-30 15:37:41.352302 UTC,3,2025-09-30T15:37:37+00:00|2025-09-30T15:37:39+00:00|2025-09-30T15:37:41+00:00,America/Los_Angeles,,,,,,,,,0,0,0,0,0,0,0,0,0,0,0,0,0,0,0,0,0,0,0,0,0,0,0,0,0,0,0,0,,,
8d4cc9e1-de58-4448-9556-0811548f0b3a,2025-09-30 15:37:44.64195 UTC,2025-09-30 15:38:25.352054 UTC,7,2025-09-30T15:37:44+00:00|2025-09-30T15:37:46+00:00|2025-09-30T15:37:48+00:00|2025-09-30T15:37:51+00:00|2025-09-30T15:38:00+00:00|2025-09-30T15:38:16+00:00|2025-09-30T15:38:25+00:00,America/Los_Angeles,,,,,,,,,0,0,0,0,0,0,0,0,0,0,0,0,0,0,0,0,0,0,0,0,0,0,0,0,0,0,0,0,,,
f8e97c74-bcff-497b-87af-ce02911894b7,2025-09-30 15:38:48.56067 UTC,2025-09-30 15:39:08.401145 UTC,6,2025-09-30T15:38:48+00:00|2025-09-30T15:38:51+00:00|2025-09-30T15:38:57+00:00|2025-09-30T15:39:01+00:00|2025-09-30T15:39:05+00:00|2025-09-30T15:39:08+00:00,America/Los_Angeles,,,,,,,,,0,0,0,0,0,0,0,0,0,0,0,0,0,0,0,0,0,0,0,0,0,0,0,0,0,0,0,0,,,
119rnAQenfvSECjbKM8-TB2fw,2025-09-30 15:39:52.303761 UTC,2025-09-30 15:42:40.007628 UTC,10,2025-09-30T15:39:52+00:00|2025-09-30T15:39:57+00:00|2025-09-30T15:40:11+00:00|2025-09-30T15:40:31+00:00|2025-09-30T15:40:56+00:00|2025-09-30T15:41:21+00:00|2025-09-30T15:41:26+00:00|2025-09-30T15:41:48+00:00|2025-09-30T15:42:15+00:00|2025-09-30T15:42:40+00:00,,,,,,,,,,0,0,0,0,0,0,0,0,0,0,0,0,0,0,0,0,0,0,0,0,0,0,0,0,0,0,0,0,,,
119IVGIiuRfTPaKOVDk-Twc7w,2025-09-30 15:45:16.37879 UTC,2025-09-30 15:48:13.479662 UTC,11,2025-09-30T15:45:16+00:00|2025-09-30T15:45:21+00:00|2025-09-30T15:45:33+00:00|2025-09-30T15:45:59+00:00|2025-09-30T15:46:20+00:00|2025-09-30T15:46:42+00:00|2025-09-30T15:47:04+00:00|2025-09-30T15:47:32+00:00|2025-09-30T15:47:42+00:00|2025-09-30T15:47:59+00:00|2025-09-30T15:48:13+00:00,,false,false,,,false,,,,0,0,0,0,0,0,0,0,0,0,0,0,0,0,0,0,0,0,0,0,0,0,0,0,0,0,0,0,,,
119-NFw9hoTRB6OG3v0xdQYAw,2025-09-30 15:47:28.117809 UTC,2025-09-30 15:49:00.079452 UTC,6,2025-09-30T15:47:28+00:00|2025-09-30T15:47:33+00:00|2025-09-30T15:47:45+00:00|2025-09-30T15:48:08+00:00|2025-09-30T15:48:33+00:00|2025-09-30T15:49:00+00:00,,,,,,,,,,0,0,0,0,0,0,0,0,0,0,0,0,0,0,0,0,0,0,0,0,0,0,0,0,0,0,0,0,,,
065ypJRIRFjRdStvJ0DTuVomA,2025-09-30 15:49:46.552853 UTC,2025-09-30 15:54:30.034196 UTC,18,2025-09-30T15:49:46+00:00|2025-09-30T15:49:52+00:00|2025-09-30T15:50:03+00:00|2025-09-30T15:50:29+00:00|2025-09-30T15:50:51+00:00|2025-09-30T15:51:12+00:00|2025-09-30T15:51:30+00:00|2025-09-30T15:51:50+00:00|2025-09-30T15:52:09+00:00|2025-09-30T15:52:22+00:00|2025-09-30T15:52:39+00:00|2025-09-30T15:52:46+00:00|2025-09-30T15:53:03+00:00|2025-09-30T15:53:29+00:00|2025-09-30T15:53:50+00:00|2025-09-30T15:54:13+00:00|2025-09-30T15:54:23+00:00|2025-09-30T15:54:30+00:00,,true,false,,,false,container_status,,,0,0,0,0,0,0,0,0,0,0,0,0,0,0,0,0,0,0,0,0,0,0,0,0,0,0,0,0,,,
98c8538c-d1cd-4604-9e15-e1ba7452f59c,2025-09-30 15:55:19.701039 UTC,2025-09-30 15:55:30.203471 UTC,4,2025-09-30T15:55:19+00:00|2025-09-30T15:55:24+00:00|2025-09-30T15:55:28+00:00|2025-09-30T15:55:30+00:00,America/Los_Angeles,,,,,,,,,0,0,0,0,0,0,0,0,0,0,0,0,0,0,0,0,0,0,0,0,0,0,0,0,0,0,0,0,,,
103lvzbWkjfRk6lMy5B0PBU_g,2025-09-30 16:05:20.033324 UTC,2025-09-30 16:06:48.84965 UTC,6,2025-09-30T16:05:20+00:00|2025-09-30T16:05:25+00:00|2025-09-30T16:05:35+00:00|2025-09-30T16:05:59+00:00|2025-09-30T16:06:22+00:00|2025-09-30T16:06:48+00:00,,,,,,,,,,0,0,0,0,0,0,0,0,0,0,0,0,0,0,0,0,0,0,0,0,0,0,0,0,0,0,0,0,,,
ead46e1e-76cd-458d-947f-edaa9eb4176e,2025-09-30 16:19:26.706721 UTC,2025-09-30 16:40:08.883053 UTC,9,2025-09-30T16:19:26+00:00|2025-09-30T16:19:30+00:00|2025-09-30T16:19:38+00:00|2025-09-30T16:19:41+00:00|2025-09-30T16:19:55+00:00|2025-09-30T16:20:06+00:00|2025-09-30T16:20:14+00:00|2025-09-30T16:39:59+00:00|2025-09-30T16:40:08+00:00,America/Los_Angeles,,,,,,,,,0,0,0,0,0,0,0,0,0,0,0,0,0,0,0,0,0,0,0,0,0,0,0,0,0,0,0,0,,,
081QtPlmPvRTAqcnnq_IPbf2Q,2025-09-30 16:26:57.199533 UTC,2025-09-30 16:28:38.848623 UTC,8,2025-09-30T16:26:57+00:00|2025-09-30T16:27:02+00:00|2025-09-30T16:27:14+00:00|2025-09-30T16:27:37+00:00|2025-09-30T16:27:46+00:00|2025-09-30T16:28:01+00:00|2025-09-30T16:28:28+00:00|2025-09-30T16:28:38+00:00,,,,,,,,,,0,0,0,0,0,0,0,0,0,0,0,0,0,0,0,0,0,0,0,0,0,0,0,0,0,0,0,0,,,
065eysnxILtTSyVafdYePt_iA,2025-09-30 16:32:19.708066 UTC,2025-09-30 16:34:22.760956 UTC,8,2025-09-30T16:32:19+00:00|2025-09-30T16:32:25+00:00|2025-09-30T16:32:36+00:00|2025-09-30T16:32:58+00:00|2025-09-30T16:33:19+00:00|2025-09-30T16:33:41+00:00|2025-09-30T16:34:02+00:00|2025-09-30T16:34:22+00:00,,,,,,,,,,0,0,0,0,0,0,0,0,0,0,0,0,0,0,0,0,0,0,0,0,0,0,0,0,0,0,0,0,,,
081hQTpu8DGSdGxPdQoYxEzyQ,2025-09-30 16:36:03.071826 UTC,2025-09-30 16:40:47.264929 UTC,17,2025-09-30T16:36:03+00:00|2025-09-30T16:36:08+00:00|2025-09-30T16:36:18+00:00|2025-09-30T16:36:34+00:00|2025-09-30T16:36:40+00:00|2025-09-30T16:36:58+00:00|2025-09-30T16:37:21+00:00|2025-09-30T16:37:40+00:00|2025-09-30T16:38:03+00:00|2025-09-30T16:38:26+00:00|2025-09-30T16:38:34+00:00|2025-09-30T16:39:21+00:00|2025-09-30T16:39:30+00:00|2025-09-30T16:39:49+00:00|2025-09-30T16:40:10+00:00|2025-09-30T16:40:26+00:00|2025-09-30T16:40:47+00:00,,,,,,,,,,0,0,0,0,0,0,0,0,0,0,0,0,0,0,0,0,0,0,0,0,0,0,0,0,0,0,0,0,,,
b3192818-f79d-490d-87e0-8f1d82bf5e4c,2025-09-30 16:40:48.300449 UTC,2025-09-30 16:41:51.136976 UTC,9,2025-09-30T16:40:48+00:00|2025-09-30T16:40:52+00:00|2025-09-30T16:40:58+00:00|2025-09-30T16:41:00+00:00|2025-09-30T16:41:18+00:00|2025-09-30T16:41:26+00:00|2025-09-30T16:41:32+00:00|2025-09-30T16:41:41+00:00|2025-09-30T16:41:51+00:00,America/Los_Angeles,,,,,,,,,0,0,0,0,0,0,0,0,0,0,0,0,0,0,0,0,0,0,0,0,0,0,0,0,0,0,0,0,,,
bd61c1c2-afa4-4edb-93c4-8b738eddb874,2025-09-30 16:42:35.317436 UTC,2025-09-30 16:47:11.285273 UTC,9,2025-09-30T16:42:35+00:00|2025-09-30T16:42:37+00:00|2025-09-30T16:42:39+00:00|2025-09-30T16:42:40+00:00|2025-09-30T16:42:42+00:00|2025-09-30T16:42:45+00:00|2025-09-30T16:42:46+00:00|2025-09-30T16:43:01+00:00|2025-09-30T16:47:11+00:00,America/Los_Angeles,,,,,,,,,0,0,0,0,0,0,0,0,0,0,0,0,0,0,0,0,0,0,0,0,0,0,0,0,0,0,0,0,,,
838eaf65-85e1-48ad-8785-a9d8f00ec274,2025-09-30 17:14:45.590367 UTC,2025-09-30 17:15:43.899616 UTC,4,2025-09-30T17:14:45+00:00|2025-09-30T17:14:58+00:00|2025-09-30T17:15:35+00:00|2025-09-30T17:15:43+00:00,America/Los_Angeles,,,,,,,,,0,0,0,0,0,0,0,0,0,0,0,0,0,0,0,0,0,0,0,0,0,0,0,0,0,0,0,0,,,
081wMZY6yr3Rd-nNSraNMD-2Q,2025-09-30 17:58:17.503918 UTC,2025-09-30 18:01:37.30963 UTC,11,2025-09-30T17:58:17+00:00|2025-09-30T17:58:22+00:00|2025-09-30T17:58:35+00:00|2025-09-30T17:58:59+00:00|2025-09-30T17:59:18+00:00|2025-09-30T17:59:36+00:00|2025-09-30T17:59:52+00:00|2025-09-30T18:00:13+00:00|2025-09-30T18:00:45+00:00|2025-09-30T18:01:14+00:00|2025-09-30T18:01:37+00:00,,,,,,,,,,0,0,0,0,0,0,0,0,0,0,0,0,0,0,0,0,0,0,0,0,0,0,0,0,0,0,0,0,,,
e0394bba-6d7a-4329-b9f1-963036fc3e34,2025-10-01 07:48:38.25591 UTC,2025-10-01 07:49:28.726232 UTC,6,2025-10-01T07:48:38+00:00|2025-10-01T07:48:45+00:00|2025-10-01T07:48:49+00:00|2025-10-01T07:48:53+00:00|2025-10-01T07:48:59+00:00|2025-10-01T07:49:28+00:00,America/Los_Angeles,false,false,,,false,,,,0,0,0,0,0,0,0,0,0,0,0,0,0,0,0,0,0,0,0,0,0,0,0,0,0,0,0,0,,,
bd9d0284-c326-46da-88b9-aefb5330f5c2,2025-10-01 07:59:10.850106 UTC,2025-10-01 07:59:20.288183 UTC,6,2025-10-01T07:59:10+00:00|2025-10-01T07:59:12+00:00|2025-10-01T07:59:14+00:00|2025-10-01T07:59:15+00:00|2025-10-01T07:59:17+00:00|2025-10-01T07:59:20+00:00,America/Los_Angeles,false,false,,,false,,,,0,0,0,0,0,0,0,0,0,0,0,0,0,0,0,0,0,0,0,0,0,0,0,0,0,0,0,0,,,
fba53e09-1240-4409-a3ed-8c6b5517a304,2025-10-01 08:09:38.387395 UTC,2025-10-01 08:11:58.235516 UTC,7,2025-10-01T08:09:38+00:00|2025-10-01T08:09:40+00:00|2025-10-01T08:09:41+00:00|2025-10-01T08:09:43+00:00|2025-10-01T08:09:45+00:00|2025-10-01T08:09:47+00:00|2025-10-01T08:11:58+00:00,America/Los_Angeles,false,false,,,false,,,,0,0,0,0,0,0,0,0,0,0,0,0,0,0,0,0,0,0,0,0,0,0,0,0,0,0,0,0,,,
6e92cf53-6c2a-4295-90ea-bdd2bae8260b,2025-10-01 08:26:04.579229 UTC,2025-10-01 08:26:16.651508 UTC,7,2025-10-01T08:26:04+00:00|2025-10-01T08:26:06+00:00|2025-10-01T08:26:08+00:00|2025-10-01T08:26:09+00:00|2025-10-01T08:26:11+00:00|2025-10-01T08:26:13+00:00|2025-10-01T08:26:16+00:00,America/Los_Angeles,false,false,,,false,,,,0,0,0,0,0,0,0,0,0,0,0,0,0,0,0,0,0,0,0,0,0,0,0,0,0,0,0,0,,,
927fa38e-53ad-4f56-9a6c-a2cdb5f1d07f,2025-10-01 08:30:47.08009 UTC,2025-10-01 08:30:58.877164 UTC,7,2025-10-01T08:30:47+00:00|2025-10-01T08:30:49+00:00|2025-10-01T08:30:50+00:00|2025-10-01T08:30:51+00:00|2025-10-01T08:30:53+00:00|2025-10-01T08:30:56+00:00|2025-10-01T08:30:58+00:00,America/Los_Angeles,false,false,,,false,,,,0,0,0,0,0,0,0,0,0,0,0,0,0,0,0,0,0,0,0,0,0,0,0,0,0,0,0,0,,,
700a3de0-4027-4e67-b0a2-9df22bc01f0f,2025-10-01 08:33:47.511885 UTC,2025-10-01 08:33:59.588581 UTC,7,2025-10-01T08:33:47+00:00|2025-10-01T08:33:49+00:00|2025-10-01T08:33:51+00:00|2025-10-01T08:33:52+00:00|2025-10-01T08:33:54+00:00|2025-10-01T08:33:57+00:00|2025-10-01T08:33:59+00:00,America/Los_Angeles,false,false,,,false,,,,0,0,0,0,0,0,0,0,0,0,0,0,0,0,0,0,0,0,0,0,0,0,0,0,0,0,0,0,,,
dbbf7749-357b-4d71-b41f-2eef63dde3af,2025-10-01 08:35:04.529684 UTC,2025-10-01 08:35:14.666469 UTC,7,2025-10-01T08:35:04+00:00|2025-10-01T08:35:06+00:00|2025-10-01T08:35:07+00:00|2025-10-01T08:35:08+00:00|2025-10-01T08:35:10+00:00|2025-10-01T08:35:12+00:00|2025-10-01T08:35:14+00:00,America/Los_Angeles,false,false,,,false,,,,0,0,0,0,0,0,0,0,0,0,0,0,0,0,0,0,0,0,0,0,0,0,0,0,0,0,0,0,,,
354d83d5-75d6-45bf-bf6a-b5f4fd67eeae,2025-10-01 08:40:37.425381 UTC,2025-10-01 08:40:48.164234 UTC,7,2025-10-01T08:40:37+00:00|2025-10-01T08:40:39+00:00|2025-10-01T08:40:40+00:00|2025-10-01T08:40:41+00:00|2025-10-01T08:40:43+00:00|2025-10-01T08:40:45+00:00|2025-10-01T08:40:48+00:00,America/Los_Angeles,false,false,,,false,,,,0,0,0,0,0,0,0,0,0,0,0,0,0,0,0,0,0,0,0,0,0,0,0,0,0,0,0,0,,,
4c2682b9-ed5e-4946-9598-6b72f71e649a,2025-10-01 08:54:31.811194 UTC,2025-10-01 08:54:43.944334 UTC,7,2025-10-01T08:54:31+00:00|2025-10-01T08:54:34+00:00|2025-10-01T08:54:35+00:00|2025-10-01T08:54:36+00:00|2025-10-01T08:54:39+00:00|2025-10-01T08:54:41+00:00|2025-10-01T08:54:43+00:00,America/Los_Angeles,false,false,,,false,,,,0,0,0,0,0,0,0,0,0,0,0,0,0,0,0,0,0,0,0,0,0,0,0,0,0,0,0,0,,,
3ea362b1-c4c1-4eab-a052-26829f43cc79,2025-10-01 10:02:53.882629 UTC,2025-10-01 10:03:14.839033 UTC,7,2025-10-01T10:02:53+00:00|2025-10-01T10:03:01+00:00|2025-10-01T10:03:03+00:00|2025-10-01T10:03:05+00:00|2025-10-01T10:03:07+00:00|2025-10-01T10:03:10+00:00|2025-10-01T10:03:14+00:00,America/Los_Angeles,false,false,,,false,,,,0,0,0,0,0,0,0,0,0,0,0,0,0,0,0,0,0,0,0,0,0,0,0,0,0,0,0,0,,,
a0593eb6-7b96-4ea4-ba19-b7ae783bba2e,2025-10-01 10:51:49.054074 UTC,2025-10-01 10:52:02.336281 UTC,7,2025-10-01T10:51:49+00:00|2025-10-01T10:51:50+00:00|2025-10-01T10:51:52+00:00|2025-10-01T10:51:53+00:00|2025-10-01T10:51:55+00:00|2025-10-01T10:51:58+00:00|2025-10-01T10:52:02+00:00,America/Los_Angeles,false,false,,,false,,,,0,0,0,0,0,0,0,0,0,0,0,0,0,0,0,0,0,0,0,0,0,0,0,0,0,0,0,0,,,
4c2a39d9-2167-42fb-a57c-3ca31b8d854a,2025-10-01 11:23:13.14771 UTC,2025-10-01 11:23:13.14771 UTC,1,2025-10-01T11:23:13+00:00,America/Los_Angeles,,,,,,,,,0,0,0,0,0,0,0,0,0,0,0,0,0,0,0,0,0,0,0,0,0,0,0,0,0,0,0,0,,,
472c34f9-77a5-4d5e-86e0-8ba1cc5ecc37,2025-10-01 11:23:23.054094 UTC,2025-10-01 11:23:36.499696 UTC,2,2025-10-01T11:23:23+00:00|2025-10-01T11:23:36+00:00,America/Los_Angeles,,,,,,,,,0,0,0,0,0,0,0,0,0,0,0,0,0,0,0,0,0,0,0,0,0,0,0,0,0,0,0,0,,,
c8ce0744-9c0c-48bf-aa9a-a97cbdea592d,2025-10-01 11:23:42.183683 UTC,2025-10-01 11:23:44.449451 UTC,2,2025-10-01T11:23:42+00:00|2025-10-01T11:23:44+00:00,America/Los_Angeles,,,,,,,,,0,0,0,0,0,0,0,0,0,0,0,0,0,0,0,0,0,0,0,0,0,0,0,0,0,0,0,0,,,
369c6d-d5d-ee9-dbd-8b3289547,2025-10-01 11:24:37.188508 UTC,2025-10-01 11:24:37.188508 UTC,1,2025-10-01T11:24:37+00:00,America/Los_Angeles,,,,,,,,,0,0,0,0,0,0,0,0,0,0,0,0,0,0,0,0,0,0,0,0,0,0,0,0,0,0,0,0,,,
266a60d6-0bd3-4a41-8df0-eb164023dc7e,2025-10-01 11:27:09.326532 UTC,2025-10-01 11:27:09.326532 UTC,1,2025-10-01T11:27:09+00:00,America/Los_Angeles,,,,,,,,,0,0,0,0,0,0,0,0,0,0,0,0,0,0,0,0,0,0,0,0,0,0,0,0,0,0,0,0,,,
f5323f94-6144-496a-80c4-6c2db7d4d178,2025-10-01 11:27:42.188417 UTC,2025-10-01 11:27:42.188417 UTC,1,2025-10-01T11:27:42+00:00,America/Los_Angeles,,,,,,,,,0,0,0,0,0,0,0,0,0,0,0,0,0,0,0,0,0,0,0,0,0,0,0,0,0,0,0,0,,,
076cef25-ab28-464e-bbad-1757f9aacad9,2025-10-01 13:13:14.56606 UTC,2025-10-01 13:13:14.56606 UTC,1,2025-10-01T13:13:14+00:00,America/Los_Angeles,,,,,,,,,0,0,0,0,0,0,0,0,0,0,0,0,0,0,0,0,0,0,0,0,0,0,0,0,0,0,0,0,,,
103zPB9_3U0QpaQmJUW5ZMMgg,2025-10-01 13:36:25.45833 UTC,2025-10-01 13:37:26.331524 UTC,5,2025-10-01T13:36:25+00:00|2025-10-01T13:36:33+00:00|2025-10-01T13:36:43+00:00|2025-10-01T13:37:05+00:00|2025-10-01T13:37:26+00:00,,,,,,,,,,0,0,0,0,0,0,0,0,0,0,0,0,0,0,0,0,0,0,0,0,0,0,0,0,0,0,0,0,,,
065yXzsmMgxTH6MAcxgAY_0fA,2025-10-01 13:40:05.474355 UTC,2025-10-01 13:41:19.870766 UTC,6,2025-10-01T13:40:05+00:00|2025-10-01T13:40:11+00:00|2025-10-01T13:40:21+00:00|2025-10-01T13:40:39+00:00|2025-10-01T13:40:59+00:00|2025-10-01T13:41:19+00:00,,,,,,,,,,0,0,0,0,0,0,0,0,0,0,0,0,0,0,0,0,0,0,0,0,0,0,0,0,0,0,0,0,,,
db313048-ffd7-40d5-8e14-36ec4fa03f2c,2025-10-01 14:13:50.987388 UTC,2025-10-01 14:14:08.713335 UTC,9,2025-10-01T14:13:50+00:00|2025-10-01T14:13:53+00:00|2025-10-01T14:13:55+00:00|2025-10-01T14:13:57+00:00|2025-10-01T14:13:59+00:00|2025-10-01T14:14:03+00:00|2025-10-01T14:14:05+00:00|2025-10-01T14:14:07+00:00|2025-10-01T14:14:08+00:00,America/Los_Angeles,,,,,,,,,0,0,0,0,0,0,0,0,0,0,0,0,0,0,0,0,0,0,0,0,0,0,0,0,0,0,0,0,,,
f27bf76b-25bd-41a3-9d77-b78131b5c92c,2025-10-01 14:14:39.752144 UTC,2025-10-01 14:15:30.713352 UTC,5,2025-10-01T14:14:39+00:00|2025-10-01T14:14:46+00:00|2025-10-01T14:15:21+00:00|2025-10-01T14:15:24+00:00|2025-10-01T14:15:30+00:00,America/Los_Angeles,,,,,,,,,0,0,0,0,0,0,0,0,0,0,0,0,0,0,0,0,0,0,0,0,0,0,0,0,0,0,0,0,,,
f6f4a714-e9fd-4c9f-bc6c-ce0fe82d29ef,2025-10-01 14:17:24.838646 UTC,2025-10-01 14:17:39.423695 UTC,9,2025-10-01T14:17:24+00:00|2025-10-01T14:17:27+00:00|2025-10-01T14:17:29+00:00|2025-10-01T14:17:30+00:00|2025-10-01T14:17:32+00:00|2025-10-01T14:17:35+00:00|2025-10-01T14:17:36+00:00|2025-10-01T14:17:37+00:00|2025-10-01T14:17:39+00:00,America/Los_Angeles,,,,,,,,,0,0,0,0,0,0,0,0,0,0,0,0,0,0,0,0,0,0,0,0,0,0,0,0,0,0,0,0,,,
b9b2f3fc-ec04-41ec-b310-72eb2056d447,2025-10-01 14:17:40.585805 UTC,2025-10-01 14:19:28.322315 UTC,5,2025-10-01T14:17:40+00:00|2025-10-01T14:17:43+00:00|2025-10-01T14:19:04+00:00|2025-10-01T14:19:07+00:00|2025-10-01T14:19:28+00:00,America/Los_Angeles,,,,,,,,,0,0,0,0,0,0,0,0,0,0,0,0,0,0,0,0,0,0,0,0,0,0,0,0,0,0,0,0,,,
3775c788-dae5-4bdd-9c1e-eced606227dd,2025-10-01 14:18:40.700832 UTC,2025-10-01 14:20:10.989946 UTC,6,2025-10-01T14:18:40+00:00|2025-10-01T14:18:50+00:00|2025-10-01T14:19:02+00:00|2025-10-01T14:19:14+00:00|2025-10-01T14:19:48+00:00|2025-10-01T14:20:10+00:00,America/Los_Angeles,false,false,,,false,,,,0,0,0,0,0,0,0,0,0,0,0,0,0,0,0,0,0,0,0,0,0,0,0,0,0,0,0,0,,,
fb14de15-6d42-4ec9-84f1-02c3ff0da67e,2025-10-01 14:46:19.638271 UTC,2025-10-01 14:48:11.227466 UTC,7,2025-10-01T14:46:19+00:00|2025-10-01T14:46:26+00:00|2025-10-01T14:46:37+00:00|2025-10-01T14:46:40+00:00|2025-10-01T14:47:08+00:00|2025-10-01T14:48:00+00:00|2025-10-01T14:48:11+00:00,America/Los_Angeles,,,,,,,,,0,0,0,0,0,0,0,0,0,0,0,0,0,0,0,0,0,0,0,0,0,0,0,0,0,0,0,0,,,
119JbDw0mFxRyWBkuZRZgfiRw,2025-10-01 16:20:58.707318 UTC,2025-10-01 16:24:45.962716 UTC,13,2025-10-01T16:20:58+00:00|2025-10-01T16:21:07+00:00|2025-10-01T16:21:19+00:00|2025-10-01T16:21:43+00:00|2025-10-01T16:22:05+00:00|2025-10-01T16:22:26+00:00|2025-10-01T16:22:46+00:00|2025-10-01T16:23:06+00:00|2025-10-01T16:23:25+00:00|2025-10-01T16:23:54+00:00|2025-10-01T16:24:02+00:00|2025-10-01T16:24:21+00:00|2025-10-01T16:24:45+00:00,,,,,,,,,,0,0,0,0,0,0,0,0,0,0,0,0,0,0,0,0,0,0,0,0,0,0,0,0,0,0,0,0,,,
081obPI5izOQVuuB_HmQQW8uQ,2025-10-01 16:26:03.720397 UTC,2025-10-01 16:29:42.920678 UTC,15,2025-10-01T16:26:03+00:00|2025-10-01T16:26:09+00:00|2025-10-01T16:26:20+00:00|2025-10-01T16:26:41+00:00|2025-10-01T16:26:49+00:00|2025-10-01T16:26:58+00:00|2025-10-01T16:27:19+00:00|2025-10-01T16:27:40+00:00|2025-10-01T16:28:02+00:00|2025-10-01T16:28:20+00:00|2025-10-01T16:28:38+00:00|2025-10-01T16:28:52+00:00|2025-10-01T16:29:08+00:00|2025-10-01T16:29:25+00:00|2025-10-01T16:29:42+00:00,,,,,,,,,,0,0,0,0,0,0,0,0,0,0,0,0,0,0,0,0,0,0,0,0,0,0,0,0,0,0,0,0,,,
081j0GhnqyBRSuQVQgVXVEaYQ,2025-10-01 16:32:38.727467 UTC,2025-10-01 16:35:34.749685 UTC,12,2025-10-01T16:32:38+00:00|2025-10-01T16:32:44+00:00|2025-10-01T16:32:55+00:00|2025-10-01T16:33:10+00:00|2025-10-01T16:33:31+00:00|2025-10-01T16:33:49+00:00|2025-10-01T16:34:07+00:00|2025-10-01T16:34:20+00:00|2025-10-01T16:34:39+00:00|2025-10-01T16:34:54+00:00|2025-10-01T16:35:10+00:00|2025-10-01T16:35:34+00:00,,,,,,,,,,0,0,0,0,0,0,0,0,0,0,0,0,0,0,0,0,0,0,0,0,0,0,0,0,0,0,0,0,,,
119Mu9GOL1BTAi9pTbqBuWDrw,2025-10-01 16:37:52.498793 UTC,2025-10-01 16:40:22.108118 UTC,11,2025-10-01T16:37:52+00:00|2025-10-01T16:37:58+00:00|2025-10-01T16:38:09+00:00|2025-10-01T16:38:31+00:00|2025-10-01T16:38:52+00:00|2025-10-01T16:39:12+00:00|2025-10-01T16:39:30+00:00|2025-10-01T16:39:43+00:00|2025-10-01T16:39:49+00:00|2025-10-01T16:40:04+00:00|2025-10-01T16:40:22+00:00,,,,,,,,,,0,0,0,0,0,0,0,0,0,0,0,0,0,0,0,0,0,0,0,0,0,0,0,0,0,0,0,0,,,
065TLSd9mUjR3W5QYVq-EcspA,2025-10-01 16:42:03.662737 UTC,2025-10-01 16:46:49.771153 UTC,13,2025-10-01T16:42:03+00:00|2025-10-01T16:42:08+00:00|2025-10-01T16:42:21+00:00|2025-10-01T16:42:42+00:00|2025-10-01T16:43:04+00:00|2025-10-01T16:43:22+00:00|2025-10-01T16:43:40+00:00|2025-10-01T16:44:05+00:00|2025-10-01T16:44:23+00:00|2025-10-01T16:44:43+00:00|2025-10-01T16:46:01+00:00|2025-10-01T16:46:23+00:00|2025-10-01T16:46:49+00:00,,,,,,,,,,0,0,0,0,0,0,0,0,0,0,0,0,0,0,0,0,0,0,0,0,0,0,0,0,0,0,0,0,,,
065hZXTYqY9TOWApKhO7hmPcA,2025-10-03 11:11:50.324655 UTC,2025-10-03 11:13:46.53984 UTC,9,2025-10-03T11:11:50+00:00|2025-10-03T11:11:59+00:00|2025-10-03T11:12:11+00:00|2025-10-03T11:12:17+00:00|2025-10-03T11:12:33+00:00|2025-10-03T11:12:51+00:00|2025-10-03T11:13:15+00:00|2025-10-03T11:13:29+00:00|2025-10-03T11:13:46+00:00,,,,,,,,,,0,0,0,0,0,0,0,0,0,0,0,0,0,0,0,0,0,0,0,0,0,0,0,0,0,0,0,0,,,
081WhpSqAEqRRa-eEPKATCfyQ,2025-10-03 11:19:04.366661 UTC,2025-10-03 11:20:52.955609 UTC,7,2025-10-03T11:19:04+00:00|2025-10-03T11:19:10+00:00|2025-10-03T11:19:21+00:00|2025-10-03T11:19:45+00:00|2025-10-03T11:20:06+00:00|2025-10-03T11:20:29+00:00|2025-10-03T11:20:52+00:00,,,,,,,,,,0,0,0,0,0,0,0,0,0,0,0,0,0,0,0,0,0,0,0,0,0,0,0,0,0,0,0,0,,,
065lsQPiOLwRUyLaG5M-6aj-A,2025-10-03 13:46:46.442503 UTC,2025-10-03 13:52:53.589206 UTC,20,2025-10-03T13:46:46+00:00|2025-10-03T13:46:51+00:00|2025-10-03T13:47:03+00:00|2025-10-03T13:47:25+00:00|2025-10-03T13:47:45+00:00|2025-10-03T13:47:57+00:00|2025-10-03T13:48:17+00:00|2025-10-03T13:48:42+00:00|2025-10-03T13:48:59+00:00|2025-10-03T13:49:17+00:00|2025-10-03T13:49:27+00:00|2025-10-03T13:49:48+00:00|2025-10-03T13:50:06+00:00|2025-10-03T13:50:28+00:00|2025-10-03T13:50:50+00:00|2025-10-03T13:51:09+00:00|2025-10-03T13:51:39+00:00|2025-10-03T13:52:03+00:00|2025-10-03T13:52:28+00:00|2025-10-03T13:52:53+00:00,,,,,,,,,,0,0,0,0,0,0,0,0,0,0,0,0,0,0,0,0,0,0,0,0,0,0,0,0,0,0,0,0,,,
065VGbfZVNuTrCCiiSuzU2ueA,2025-10-03 14:33:27.707401 UTC,2025-10-03 14:37:30.575268 UTC,17,2025-10-03T14:33:27+00:00|2025-10-03T14:33:37+00:00|2025-10-03T14:33:49+00:00|2025-10-03T14:34:12+00:00|2025-10-03T14:34:34+00:00|2025-10-03T14:34:54+00:00|2025-10-03T14:35:05+00:00|2025-10-03T14:35:25+00:00|2025-10-03T14:35:44+00:00|2025-10-03T14:36:00+00:00|2025-10-03T14:36:30+00:00|2025-10-03T14:36:42+00:00|2025-10-03T14:36:52+00:00|2025-10-03T14:37:01+00:00|2025-10-03T14:37:10+00:00|2025-10-03T14:37:19+00:00|2025-10-03T14:37:30+00:00,,false,false,,,false,routeDelay,,,0,0,0,0,0,0,0,0,0,0,0,0,0,0,0,0,0,0,0,0,0,0,0,0,0,0,0,0,,,
081bYz4yTqZRkOmDLrJ1bZAhQ,2025-10-03 14:39:18.500769 UTC,2025-10-03 14:42:56.146668 UTC,16,2025-10-03T14:39:18+00:00|2025-10-03T14:39:24+00:00|2025-10-03T14:39:34+00:00|2025-10-03T14:39:58+00:00|2025-10-03T14:40:18+00:00|2025-10-03T14:40:39+00:00|2025-10-03T14:40:51+00:00|2025-10-03T14:41:17+00:00|2025-10-03T14:41:43+00:00|2025-10-03T14:42:09+00:00|2025-10-03T14:42:18+00:00|2025-10-03T14:42:27+00:00|2025-10-03T14:42:34+00:00|2025-10-03T14:42:41+00:00|2025-10-03T14:42:48+00:00|2025-10-03T14:42:56+00:00,,false,false,,,false,routeDelay,,,0,0,0,0,0,0,0,0,0,0,0,0,0,0,0,0,0,0,0,0,0,0,0,0,0,0,0,0,,,
081VtLi6c7eSdSgYR_4i_r1jQ,2025-10-03 14:57:42.995077 UTC,2025-10-03 15:01:12.278616 UTC,13,2025-10-03T14:57:42+00:00|2025-10-03T14:57:51+00:00|2025-10-03T14:58:02+00:00|2025-10-03T14:58:25+00:00|2025-10-03T14:58:47+00:00|2025-10-03T14:59:08+00:00|2025-10-03T14:59:25+00:00|2025-10-03T14:59:46+00:00|2025-10-03T14:59:59+00:00|2025-10-03T15:00:17+00:00|2025-10-03T15:00:36+00:00|2025-10-03T15:00:53+00:00|2025-10-03T15:01:12+00:00,,false,false,,,false,,,,0,0,0,0,0,0,0,0,0,0,0,0,0,0,0,0,0,0,0,0,0,0,0,0,0,0,0,0,,,
103p2epShmwQ-igsam_Fwj6Mg,2025-10-03 15:15:49.951084 UTC,2025-10-03 15:20:26.434002 UTC,16,2025-10-03T15:15:49+00:00|2025-10-03T15:15:57+00:00|2025-10-03T15:16:08+00:00|2025-10-03T15:16:30+00:00|2025-10-03T15:16:51+00:00|2025-10-03T15:17:42+00:00|2025-10-03T15:17:51+00:00|2025-10-03T15:18:06+00:00|2025-10-03T15:18:22+00:00|2025-10-03T15:18:37+00:00|2025-10-03T15:18:59+00:00|2025-10-03T15:19:16+00:00|2025-10-03T15:19:34+00:00|2025-10-03T15:19:49+00:00|2025-10-03T15:20:11+00:00|2025-10-03T15:20:26+00:00,,,,,,,,,,0,0,0,0,0,0,0,0,0,0,0,0,0,0,0,0,0,0,0,0,0,0,0,0,0,0,0,0,,,
103sQx61_XRSPWI3KQhrif5rg,2025-10-03 16:21:48.299273 UTC,2025-10-03 16:25:48.553774 UTC,16,2025-10-03T16:21:48+00:00|2025-10-03T16:21:58+00:00|2025-10-03T16:22:09+00:00|2025-10-03T16:22:34+00:00|2025-10-03T16:22:50+00:00|2025-10-03T16:23:12+00:00|2025-10-03T16:23:43+00:00|2025-10-03T16:24:12+00:00|2025-10-03T16:24:18+00:00|2025-10-03T16:24:31+00:00|2025-10-03T16:24:59+00:00|2025-10-03T16:25:19+00:00|2025-10-03T16:25:29+00:00|2025-10-03T16:25:35+00:00|2025-10-03T16:25:43+00:00|2025-10-03T16:25:48+00:00,,false,false,true,500VE00000Qe9jxYAB,false,IsContainerBlocked,,,0,0,0,0,0,0,0,0,0,0,0,0,0,0,0,0,0,0,0,0,0,0,0,0,0,0,0,0,,,
081_FNLIAT0QDugs0PuoTKR_Q,2025-10-03 16:33:15.685755 UTC,2025-10-03 16:38:42.080759 UTC,22,2025-10-03T16:33:15+00:00|2025-10-03T16:33:21+00:00|2025-10-03T16:33:32+00:00|2025-10-03T16:33:37+00:00|2025-10-03T16:33:59+00:00|2025-10-03T16:34:20+00:00|2025-10-03T16:34:40+00:00|2025-10-03T16:34:55+00:00|2025-10-03T16:35:09+00:00|2025-10-03T16:35:20+00:00|2025-10-03T16:35:35+00:00|2025-10-03T16:36:00+00:00|2025-10-03T16:36:10+00:00|2025-10-03T16:36:24+00:00|2025-10-03T16:36:44+00:00|2025-10-03T16:36:59+00:00|2025-10-03T16:37:19+00:00|2025-10-03T16:37:41+00:00|2025-10-03T16:38:03+00:00|2025-10-03T16:38:13+00:00|2025-10-03T16:38:35+00:00|2025-10-03T16:38:42+00:00,,,,,,,,,,0,0,0,0,0,0,0,0,0,0,0,0,0,0,0,0,0,0,0,0,0,0,0,0,0,0,0,0,,,
065Q9O6UgC8ThK42wcxU5feLA,2025-10-03 16:41:30.073013 UTC,2025-10-03 16:45:27.167713 UTC,14,2025-10-03T16:41:30+00:00|2025-10-03T16:41:36+00:00|2025-10-03T16:41:50+00:00|2025-10-03T16:42:07+00:00|2025-10-03T16:42:28+00:00|2025-10-03T16:42:47+00:00|2025-10-03T16:43:02+00:00|2025-10-03T16:43:23+00:00|2025-10-03T16:43:35+00:00|2025-10-03T16:43:51+00:00|2025-10-03T16:44:23+00:00|2025-10-03T16:44:50+00:00|2025-10-03T16:45:00+00:00|2025-10-03T16:45:27+00:00,,,,,,,,,,0,0,0,0,0,0,0,0,0,0,0,0,0,0,0,0,0,0,0,0,0,0,0,0,0,0,0,0,,,
081r3ylhdVgSHWc12ci8Ur1KQ,2025-10-03 16:46:33.864553 UTC,2025-10-03 16:49:21.857002 UTC,11,2025-10-03T16:46:33+00:00|2025-10-03T16:46:39+00:00|2025-10-03T16:46:50+00:00|2025-10-03T16:47:19+00:00|2025-10-03T16:47:40+00:00|2025-10-03T16:48:05+00:00|2025-10-03T16:48:21+00:00|2025-10-03T16:48:35+00:00|2025-10-03T16:48:46+00:00|2025-10-03T16:49:05+00:00|2025-10-03T16:49:21+00:00,,,,,,,,,,0,0,0,0,0,0,0,0,0,0,0,0,0,0,0,0,0,0,0,0,0,0,0,0,0,0,0,0,,,
119u-WZhR8oQKalBBjPxQHY5w,2025-10-03 16:50:50.776909 UTC,2025-10-03 16:57:00.27234 UTC,21,2025-10-03T16:50:50+00:00|2025-10-03T16:50:56+00:00|2025-10-03T16:51:07+00:00|2025-10-03T16:51:32+00:00|2025-10-03T16:51:53+00:00|2025-10-03T16:52:19+00:00|2025-10-03T16:52:35+00:00|2025-10-03T16:53:10+00:00|2025-10-03T16:53:31+00:00|2025-10-03T16:53:47+00:00|2025-10-03T16:54:08+00:00|2025-10-03T16:54:26+00:00|2025-10-03T16:54:50+00:00|2025-10-03T16:55:00+00:00|2025-10-03T16:55:18+00:00|2025-10-03T16:55:30+00:00|2025-10-03T16:55:58+00:00|2025-10-03T16:56:05+00:00|2025-10-03T16:56:20+00:00|2025-10-03T16:56:49+00:00|2025-10-03T16:57:00+00:00,,,,,,,,,,0,0,0,0,0,0,0,0,0,0,0,0,0,0,0,0,0,0,0,0,0,0,0,0,0,0,0,0,,,
2db23011-c601-47ad-b29c-2a30b72cdb08,2025-10-06 11:59:42.780807 UTC,2025-10-06 12:00:00.279354 UTC,5,2025-10-06T11:59:42+00:00|2025-10-06T11:59:46+00:00|2025-10-06T11:59:51+00:00|2025-10-06T11:59:56+00:00|2025-10-06T12:00:00+00:00,America/Los_Angeles,,,,,,,,,0,0,0,0,0,0,0,0,0,0,0,0,0,0,0,0,0,0,0,0,0,0,0,0,0,0,0,0,,,
081SfOBMQuYSxOPryp7nbHFaQ,2025-10-06 12:34:58.756182 UTC,2025-10-06 12:37:02.970574 UTC,8,2025-10-06T12:34:58+00:00|2025-10-06T12:35:08+00:00|2025-10-06T12:35:18+00:00|2025-10-06T12:35:41+00:00|2025-10-06T12:36:01+00:00|2025-10-06T12:36:21+00:00|2025-10-06T12:36:42+00:00|2025-10-06T12:37:02+00:00,,,,,,,,,,0,0,0,0,0,0,0,0,0,0,0,0,0,0,0,0,0,0,0,0,0,0,0,0,0,0,0,0,,,
081fZhaNcg8RUyRyPmgmdQ3nQ,2025-10-06 12:36:12.740351 UTC,2025-10-06 12:39:33.138013 UTC,11,2025-10-06T12:36:12+00:00|2025-10-06T12:36:18+00:00|2025-10-06T12:36:28+00:00|2025-10-06T12:36:52+00:00|2025-10-06T12:37:14+00:00|2025-10-06T12:37:43+00:00|2025-10-06T12:38:02+00:00|2025-10-06T12:38:16+00:00|2025-10-06T12:38:38+00:00|2025-10-06T12:39:05+00:00|2025-10-06T12:39:33+00:00,,,,,,,,,,0,0,0,0,0,0,0,0,0,0,0,0,0,0,0,0,0,0,0,0,0,0,0,0,0,0,0,0,,,
081AgZZ6YL8RpeLljDfGh8z6Q,2025-10-06 12:41:42.153188 UTC,2025-10-06 12:42:21.132073 UTC,4,2025-10-06T12:41:42+00:00|2025-10-06T12:41:47+00:00|2025-10-06T12:41:58+00:00|2025-10-06T12:42:21+00:00,,,,,,,,,,0,0,0,0,0,0,0,0,0,0,0,0,0,0,0,0,0,0,0,0,0,0,0,0,0,0,0,0,,,
103MpORX3x2S7G1bQ_AzmBJgg,2025-10-06 12:42:32.129431 UTC,2025-10-06 12:43:54.870926 UTC,6,2025-10-06T12:42:32+00:00|2025-10-06T12:42:37+00:00|2025-10-06T12:42:48+00:00|2025-10-06T12:43:12+00:00|2025-10-06T12:43:33+00:00|2025-10-06T12:43:54+00:00,,,,,,,,,,0,0,0,0,0,0,0,0,0,0,0,0,0,0,0,0,0,0,0,0,0,0,0,0,0,0,0,0,,,
065myX_UHMcRzKloM2_3w82tA,2025-10-06 12:46:36.5793 UTC,2025-10-06 12:50:41.248255 UTC,15,2025-10-06T12:46:36+00:00|2025-10-06T12:46:41+00:00|2025-10-06T12:46:52+00:00|2025-10-06T12:47:15+00:00|2025-10-06T12:47:36+00:00|2025-10-06T12:47:53+00:00|2025-10-06T12:48:17+00:00|2025-10-06T12:48:34+00:00|2025-10-06T12:49:02+00:00|2025-10-06T12:49:17+00:00|2025-10-06T12:49:34+00:00|2025-10-06T12:49:52+00:00|2025-10-06T12:50:03+00:00|2025-10-06T12:50:26+00:00|2025-10-06T12:50:41+00:00,,,,,,,,,,0,0,0,0,0,0,0,0,0,0,0,0,0,0,0,0,0,0,0,0,0,0,0,0,0,0,0,0,,,
10320_g6Kd7TSyG1fErgLY5og,2025-10-06 13:01:59.242641 UTC,2025-10-06 13:05:26.172945 UTC,13,2025-10-06T13:01:59+00:00|2025-10-06T13:02:05+00:00|2025-10-06T13:02:19+00:00|2025-10-06T13:02:46+00:00|2025-10-06T13:03:08+00:00|2025-10-06T13:03:32+00:00|2025-10-06T13:03:49+00:00|2025-10-06T13:04:08+00:00|2025-10-06T13:04:19+00:00|2025-10-06T13:04:35+00:00|2025-10-06T13:04:57+00:00|2025-10-06T13:05:12+00:00|2025-10-06T13:05:26+00:00,,,,,,,,,,0,0,0,0,0,0,0,0,0,0,0,0,0,0,0,0,0,0,0,0,0,0,0,0,0,0,0,0,,,
103w6Yz6RolST62jK7Hxr68Eg,2025-10-06 13:07:44.051502 UTC,2025-10-06 13:11:22.63974 UTC,13,2025-10-06T13:07:44+00:00|2025-10-06T13:07:49+00:00|2025-10-06T13:08:01+00:00|2025-10-06T13:08:25+00:00|2025-10-06T13:08:45+00:00|2025-10-06T13:09:17+00:00|2025-10-06T13:09:28+00:00|2025-10-06T13:09:42+00:00|2025-10-06T13:10:16+00:00|2025-10-06T13:10:30+00:00|2025-10-06T13:10:40+00:00|2025-10-06T13:10:59+00:00|2025-10-06T13:11:22+00:00,,,,,,,,,,0,0,0,0,0,0,0,0,0,0,0,0,0,0,0,0,0,0,0,0,0,0,0,0,0,0,0,0,,,
5937aeff-7a63-4f77-b89b-cba033a283e4,2025-10-06 15:00:53.245401 UTC,2025-10-06 15:01:31.601912 UTC,5,2025-10-06T15:00:53+00:00|2025-10-06T15:01:07+00:00|2025-10-06T15:01:15+00:00|2025-10-06T15:01:22+00:00|2025-10-06T15:01:31+00:00,America/Los_Angeles,,,,,,,,,0,0,0,0,0,0,0,0,0,0,0,0,0,0,0,0,0,0,0,0,0,0,0,0,0,0,0,0,,,
93526098-1ec3-44b6-b3ec-724558d482d9,2025-10-06 16:06:40.764467 UTC,2025-10-06 16:07:34.185714 UTC,8,2025-10-06T16:06:40+00:00|2025-10-06T16:06:45+00:00|2025-10-06T16:06:50+00:00|2025-10-06T16:06:56+00:00|2025-10-06T16:07:04+00:00|2025-10-06T16:07:11+00:00|2025-10-06T16:07:19+00:00|2025-10-06T16:07:34+00:00,America/Los_Angeles,false,false,,,false,,,,0,0,0,0,0,0,0,0,0,0,0,0,0,0,0,0,0,0,0,0,0,0,0,0,0,0,0,0,,,
db59fefb-89dd-4652-b150-918875f6f497,2025-10-06 16:10:56.534611 UTC,2025-10-06 16:12:41.768695 UTC,5,2025-10-06T16:10:56+00:00|2025-10-06T16:10:59+00:00|2025-10-06T16:12:17+00:00|2025-10-06T16:12:23+00:00|2025-10-06T16:12:41+00:00,America/Los_Angeles,,,,,,,,,0,0,0,0,0,0,0,0,0,0,0,0,0,0,0,0,0,0,0,0,0,0,0,0,0,0,0,0,,,
13ef8b9b-1c54-4f28-a5f7-8a1e94456a03,2025-10-06 16:14:13.783205 UTC,2025-10-06 16:19:12.921365 UTC,6,2025-10-06T16:14:13+00:00|2025-10-06T16:14:17+00:00|2025-10-06T16:14:20+00:00|2025-10-06T16:14:26+00:00|2025-10-06T16:14:32+00:00|2025-10-06T16:19:12+00:00,America/Los_Angeles,,,,,,,,,0,0,0,0,0,0,0,0,0,0,0,0,0,0,0,0,0,0,0,0,0,0,0,0,0,0,0,0,,,
065OflyrRbSQdmd1P2FqHROmA,2025-10-06 16:23:24.751231 UTC,2025-10-06 16:26:07.27424 UTC,12,2025-10-06T16:23:24+00:00|2025-10-06T16:23:29+00:00|2025-10-06T16:23:42+00:00|2025-10-06T16:24:01+00:00|2025-10-06T16:24:24+00:00|2025-10-06T16:24:46+00:00|2025-10-06T16:25:01+00:00|2025-10-06T16:25:22+00:00|2025-10-06T16:25:29+00:00|2025-10-06T16:25:42+00:00|2025-10-06T16:25:51+00:00|2025-10-06T16:26:07+00:00,,,,,,,,,,0,0,0,0,0,0,0,0,0,0,0,0,0,0,0,0,0,0,0,0,0,0,0,0,0,0,0,0,,,
1035B9Ay631TQ6_JHsS_Uh_xg,2025-10-06 16:29:39.665818 UTC,2025-10-06 16:31:35.048917 UTC,9,2025-10-06T16:29:39+00:00|2025-10-06T16:29:45+00:00|2025-10-06T16:29:55+00:00|2025-10-06T16:30:16+00:00|2025-10-06T16:30:27+00:00|2025-10-06T16:30:41+00:00|2025-10-06T16:30:51+00:00|2025-10-06T16:31:14+00:00|2025-10-06T16:31:35+00:00,,,,,,,,,,0,0,0,0,0,0,0,0,0,0,0,0,0,0,0,0,0,0,0,0,0,0,0,0,0,0,0,0,,false,
fadf2081-69eb-4f2c-9eaf-12e604fc9b13,2025-10-06 16:31:57.652838 UTC,2025-10-06 16:32:05.104031 UTC,2,2025-10-06T16:31:57+00:00|2025-10-06T16:32:05+00:00,America/Los_Angeles,,,,,,,,,0,0,0,0,0,0,0,0,0,0,0,0,0,0,0,0,0,0,0,0,0,0,0,0,0,0,0,0,,,
072fb6f5-c5dd-4ece-bd9d-05cc0e19c573,2025-10-06 16:32:35.281954 UTC,2025-10-06 16:32:35.281954 UTC,1,2025-10-06T16:32:35+00:00,America/Los_Angeles,,,,,,,,,0,0,0,0,0,0,0,0,0,0,0,0,0,0,0,0,0,0,0,0,0,0,0,0,0,0,0,0,,,
065sBEvp9x6StuG-6WgNCHvMA,2025-10-06 17:19:03.194468 UTC,2025-10-06 17:21:59.9392 UTC,12,2025-10-06T17:19:03+00:00|2025-10-06T17:19:09+00:00|2025-10-06T17:19:22+00:00|2025-10-06T17:19:38+00:00|2025-10-06T17:19:57+00:00|2025-10-06T17:20:18+00:00|2025-10-06T17:20:41+00:00|2025-10-06T17:20:53+00:00|2025-10-06T17:21:15+00:00|2025-10-06T17:21:34+00:00|2025-10-06T17:21:41+00:00|2025-10-06T17:21:59+00:00,,,,,,,,,,0,0,0,0,0,0,0,0,0,0,0,0,0,0,0,0,0,0,0,0,0,0,0,0,0,0,0,0,,,
03f6fcab-9bc9-4d3e-835e-d2ddea59da33,2025-10-06 19:38:16.918043 UTC,2025-10-06 19:43:18.970713 UTC,8,2025-10-06T19:38:16+00:00|2025-10-06T19:38:26+00:00|2025-10-06T19:39:11+00:00|2025-10-06T19:39:16+00:00|2025-10-06T19:40:16+00:00|2025-10-06T19:43:11+00:00|2025-10-06T19:43:14+00:00|2025-10-06T19:43:18+00:00,America/Los_Angeles,,,,,,,,,0,0,0,0,0,0,0,0,0,0,0,0,0,0,0,0,0,0,0,0,0,0,0,0,0,0,0,0,,false,
d2cfb1f9-e111-4d3d-9f4b-5b39106849b2,2025-10-06 19:45:49.4459 UTC,2025-10-06 19:46:00.303711 UTC,8,2025-10-06T19:45:49+00:00|2025-10-06T19:45:51+00:00|2025-10-06T19:45:53+00:00|2025-10-06T19:45:53+00:00|2025-10-06T19:45:56+00:00|2025-10-06T19:45:59+00:00|2025-10-06T19:45:59+00:00|2025-10-06T19:46:00+00:00,America/Los_Angeles,,,,,,,,,0,0,0,0,0,0,0,0,0,0,0,0,0,0,0,0,0,0,0,0,0,0,0,0,0,0,0,0,,false,
119EbHqKlFFTeSlFLvI3o2Duw,2025-10-06 21:06:01.486928 UTC,2025-10-06 21:07:01.593869 UTC,5,2025-10-06T21:06:01+00:00|2025-10-06T21:06:09+00:00|2025-10-06T21:06:19+00:00|2025-10-06T21:06:43+00:00|2025-10-06T21:07:01+00:00,,,,,,,,ABANDONED,false,0,0,0,0,0,0,0,0,0,0,0,0,0,0,0,0,0,0,0,0,0,0,0,0,0,0,0,0,ABANDONED,false,R0
081Zy0XgO9MTQyJaAmQqF81SQ,2025-10-07 08:24:14.663668 UTC,2025-10-07 08:26:48.47368 UTC,9,2025-10-07T08:24:14+00:00|2025-10-07T08:24:20+00:00|2025-10-07T08:24:31+00:00|2025-10-07T08:24:55+00:00|2025-10-07T08:25:15+00:00|2025-10-07T08:25:33+00:00|2025-10-07T08:25:47+00:00|2025-10-07T08:26:08+00:00|2025-10-07T08:26:48+00:00,,,,,,,,ABANDONED,false,0,0,0,0,0,0,0,0,0,0,0,0,0,0,0,0,0,0,0,0,0,0,0,0,0,0,0,0,ABANDONED,false,R0
119gyh7TnejRW2GQLXVBMzSWw,2025-10-07 08:28:43.028819 UTC,2025-10-07 08:33:30.702173 UTC,17,2025-10-07T08:28:43+00:00|2025-10-07T08:28:48+00:00|2025-10-07T08:28:59+00:00|2025-10-07T08:29:21+00:00|2025-10-07T08:29:41+00:00|2025-10-07T08:30:17+00:00|2025-10-07T08:30:28+00:00|2025-10-07T08:30:46+00:00|2025-10-07T08:31:05+00:00|2025-10-07T08:31:25+00:00|2025-10-07T08:31:40+00:00|2025-10-07T08:31:58+00:00|2025-10-07T08:32:18+00:00|2025-10-07T08:32:39+00:00|2025-10-07T08:32:58+00:00|2025-10-07T08:33:16+00:00|2025-10-07T08:33:30+00:00,,,,,,,,ABANDONED,false,0,0,0,0,0,0,0,0,0,0,0,0,0,0,0,0,0,0,0,0,0,0,0,0,0,0,0,0,ABANDONED,false,R0
0819S0zpvUaSVSn-DSIM4IPZQ,2025-10-07 08:40:29.241287 UTC,2025-10-07 08:42:45.146267 UTC,9,2025-10-07T08:40:29+00:00|2025-10-07T08:40:34+00:00|2025-10-07T08:40:45+00:00|2025-10-07T08:41:08+00:00|2025-10-07T08:41:30+00:00|2025-10-07T08:41:51+00:00|2025-10-07T08:42:09+00:00|2025-10-07T08:42:23+00:00|2025-10-07T08:42:45+00:00,,$session.params.escalate,,,,,,ABANDONED,false,0,0,0,0,0,0,0,0,0,0,0,0,0,0,0,0,0,0,0,0,0,0,0,0,0,0,0,0,ABANDONED,false,R0
081xndd0RaoQj6Gr5P7GRO6mQ,2025-10-07 08:44:58.752311 UTC,2025-10-07 08:48:26.510743 UTC,13,2025-10-07T08:44:58+00:00|2025-10-07T08:45:04+00:00|2025-10-07T08:45:14+00:00|2025-10-07T08:45:37+00:00|2025-10-07T08:45:59+00:00|2025-10-07T08:46:18+00:00|2025-10-07T08:46:34+00:00|2025-10-07T08:46:54+00:00|2025-10-07T08:47:10+00:00|2025-10-07T08:47:31+00:00|2025-10-07T08:47:53+00:00|2025-10-07T08:48:05+00:00|2025-10-07T08:48:26+00:00,,true,false,,,false,,ABANDONED,false,0,0,0,0,0,0,0,0,0,0,0,0,0,0,0,0,0,0,0,0,0,0,0,0,0,0,0,0,ABANDONED,false,R0
081GVYkxVQJR4y6M2Xmh_D8zQ,2025-10-07 08:51:29.03113 UTC,2025-10-07 08:56:45.337639 UTC,19,2025-10-07T08:51:29+00:00|2025-10-07T08:51:35+00:00|2025-10-07T08:51:46+00:00|2025-10-07T08:52:12+00:00|2025-10-07T08:52:33+00:00|2025-10-07T08:52:53+00:00|2025-10-07T08:53:11+00:00|2025-10-07T08:53:24+00:00|2025-10-07T08:53:55+00:00|2025-10-07T08:54:11+00:00|2025-10-07T08:54:19+00:00|2025-10-07T08:54:35+00:00|2025-10-07T08:55:00+00:00|2025-10-07T08:55:14+00:00|2025-10-07T08:55:29+00:00|2025-10-07T08:55:58+00:00|2025-10-07T08:56:14+00:00|2025-10-07T08:56:31+00:00|2025-10-07T08:56:45+00:00,,$session.params.escalate,,,,,,ABANDONED,false,0,0,0,0,0,0,0,0,0,0,0,0,0,0,0,0,0,0,0,0,0,0,0,0,0,0,0,0,ABANDONED,false,R0
065Kw8_6YxUQYaplA4T0JlhPA,2025-10-07 09:05:06.606499 UTC,2025-10-07 09:08:42.900447 UTC,13,2025-10-07T09:05:06+00:00|2025-10-07T09:05:12+00:00|2025-10-07T09:05:22+00:00|2025-10-07T09:05:45+00:00|2025-10-07T09:06:06+00:00|2025-10-07T09:06:36+00:00|2025-10-07T09:06:52+00:00|2025-10-07T09:07:13+00:00|2025-10-07T09:07:32+00:00|2025-10-07T09:07:45+00:00|2025-10-07T09:08:06+00:00|2025-10-07T09:08:22+00:00|2025-10-07T09:08:42+00:00,,$session.params.escalate,,,,,,ABANDONED,false,0,0,0,0,0,0,0,0,0,0,0,0,0,0,0,0,0,0,0,0,0,0,0,0,0,0,0,0,ABANDONED,false,R0
b3e52a0f-4146-4c16-8e5e-7e258a2af5d3,2025-10-07 09:28:14.010545 UTC,2025-10-07 09:47:59.644283 UTC,14,2025-10-07T09:28:14+00:00|2025-10-07T09:28:20+00:00|2025-10-07T09:28:26+00:00|2025-10-07T09:28:29+00:00|2025-10-07T09:28:44+00:00|2025-10-07T09:28:54+00:00|2025-10-07T09:28:58+00:00|2025-10-07T09:29:00+00:00|2025-10-07T09:29:27+00:00|2025-10-07T09:29:30+00:00|2025-10-07T09:29:35+00:00|2025-10-07T09:47:52+00:00|2025-10-07T09:47:55+00:00|2025-10-07T09:47:59+00:00,America/Los_Angeles,$session.params.escalate,,,,,,ABANDONED,false,0,0,0,0,0,0,0,0,0,0,0,0,0,0,0,0,0,0,0,0,0,0,0,0,0,0,0,0,ABANDONED,false,R0
c4f24de9-cdc8-4c02-9f91-139c4e918c76,2025-10-07 09:50:50.267751 UTC,2025-10-07 09:52:14.472868 UTC,8,2025-10-07T09:50:50+00:00|2025-10-07T09:50:57+00:00|2025-10-07T09:51:03+00:00|2025-10-07T09:51:05+00:00|2025-10-07T09:51:18+00:00|2025-10-07T09:51:44+00:00|2025-10-07T09:52:05+00:00|2025-10-07T09:52:14+00:00,America/Los_Angeles,,,,,,,ABANDONED,false,0,0,0,0,0,0,0,0,0,0,0,0,0,0,0,0,0,0,0,0,0,0,0,0,0,0,0,0,ABANDONED,false,R0
9178635f-4611-45df-91f3-fe3d740e7193,2025-10-07 09:59:29.02195 UTC,2025-10-07 10:01:07.402952 UTC,11,2025-10-07T09:59:29+00:00|2025-10-07T09:59:31+00:00|2025-10-07T09:59:33+00:00|2025-10-07T09:59:35+00:00|2025-10-07T09:59:37+00:00|2025-10-07T09:59:40+00:00|2025-10-07T09:59:50+00:00|2025-10-07T10:00:05+00:00|2025-10-07T10:00:20+00:00|2025-10-07T10:00:49+00:00|2025-10-07T10:01:07+00:00,America/Los_Angeles,false,false,,,false,,ABANDONED,false,0,0,0,0,0,0,0,0,0,0,0,0,0,0,0,0,0,0,0,0,0,0,0,0,0,0,0,0,ABANDONED,false,R0
538b540a-c950-438f-b929-a9ea57f64dde,2025-10-07 11:06:03.871515 UTC,2025-10-07 11:07:42.218015 UTC,12,2025-10-07T11:06:03+00:00|2025-10-07T11:06:08+00:00|2025-10-07T11:06:17+00:00|2025-10-07T11:06:24+00:00|2025-10-07T11:06:37+00:00|2025-10-07T11:06:43+00:00|2025-10-07T11:06:52+00:00|2025-10-07T11:07:01+00:00|2025-10-07T11:07:18+00:00|2025-10-07T11:07:21+00:00|2025-10-07T11:07:29+00:00|2025-10-07T11:07:42+00:00,America/Los_Angeles,,,,,,,ABANDONED,false,0,0,0,0,0,0,0,0,0,0,0,0,0,0,0,0,0,0,0,0,0,0,0,0,0,0,0,0,ABANDONED,false,R0
720ba47d-b6c8-494b-ad58-358b13b7176f,2025-10-07 11:10:10.474972 UTC,2025-10-07 11:16:27.396064 UTC,6,2025-10-07T11:10:10+00:00|2025-10-07T11:10:14+00:00|2025-10-07T11:10:20+00:00|2025-10-07T11:10:22+00:00|2025-10-07T11:16:09+00:00|2025-10-07T11:16:27+00:00,America/Los_Angeles,,,,,,,ABANDONED,false,0,0,0,0,0,0,0,0,0,0,0,0,0,0,0,0,0,0,0,0,0,0,0,0,0,0,0,0,ABANDONED,false,R0
41c285ff-78e3-4704-a2f0-6c2b8e0c454a,2025-10-07 11:42:59.099216 UTC,2025-10-07 11:43:45.749607 UTC,7,2025-10-07T11:42:59+00:00|2025-10-07T11:43:04+00:00|2025-10-07T11:43:14+00:00|2025-10-07T11:43:17+00:00|2025-10-07T11:43:26+00:00|2025-10-07T11:43:39+00:00|2025-10-07T11:43:45+00:00,America/Los_Angeles,true,,,,,,ABANDONED,false,0,0,0,0,0,0,0,0,0,0,0,0,0,0,0,0,0,0,0,0,0,0,0,0,0,0,0,0,ABANDONED,false,R0
a325c94a-5ae8-41ac-b431-4ce121333e95,2025-10-07 11:43:53.958391 UTC,2025-10-07 11:43:59.969216 UTC,2,2025-10-07T11:43:53+00:00|2025-10-07T11:43:59+00:00,America/Los_Angeles,,,,,,,ABANDONED,false,0,0,0,0,0,0,0,0,0,0,0,0,0,0,0,0,0,0,0,0,0,0,0,0,0,0,0,0,ABANDONED,false,R0
5da5bf26-b68a-4483-842b-fcbf26f02ca2,2025-10-07 11:45:03.580955 UTC,2025-10-07 12:13:48.010961 UTC,10,2025-10-07T11:45:03+00:00|2025-10-07T11:45:08+00:00|2025-10-07T11:45:10+00:00|2025-10-07T11:45:14+00:00|2025-10-07T11:45:25+00:00|2025-10-07T11:46:01+00:00|2025-10-07T11:47:46+00:00|2025-10-07T11:47:56+00:00|2025-10-07T12:13:40+00:00|2025-10-07T12:13:48+00:00,America/Los_Angeles,,,,,,,ABANDONED,false,0,0,0,0,0,0,0,0,0,0,0,0,0,0,0,0,0,0,0,0,0,0,0,0,0,0,0,0,ABANDONED,false,R0
119SftITdbnQYSoXRhCFGX3cw,2025-10-07 12:06:28.821317 UTC,2025-10-07 12:08:18.131535 UTC,8,2025-10-07T12:06:28+00:00|2025-10-07T12:06:35+00:00|2025-10-07T12:06:46+00:00|2025-10-07T12:07:02+00:00|2025-10-07T12:07:23+00:00|2025-10-07T12:07:48+00:00|2025-10-07T12:07:55+00:00|2025-10-07T12:08:18+00:00,,$session.params.escalate,,,,,,ABANDONED,false,0,0,0,0,0,0,0,0,0,0,0,0,0,0,0,0,0,0,0,0,0,0,0,0,0,0,0,0,ABANDONED,false,R0
68355046-acd8-4856-b651-8ed9ee6d39d9,2025-10-07 12:35:00.683366 UTC,2025-10-07 12:36:06.845907 UTC,6,2025-10-07T12:35:00+00:00|2025-10-07T12:35:07+00:00|2025-10-07T12:35:15+00:00|2025-10-07T12:35:26+00:00|2025-10-07T12:35:41+00:00|2025-10-07T12:36:06+00:00,America/Los_Angeles,false,false,,,false,,ABANDONED,false,0,0,0,0,0,0,0,0,0,0,0,0,0,0,0,0,0,0,0,0,0,0,0,0,0,0,0,0,ABANDONED,false,R0
2091c614-a9f2-4508-8822-a9783fc10d8a,2025-10-07 12:51:57.961506 UTC,2025-10-07 12:52:30.541379 UTC,6,2025-10-07T12:51:57+00:00|2025-10-07T12:52:03+00:00|2025-10-07T12:52:09+00:00|2025-10-07T12:52:12+00:00|2025-10-07T12:52:24+00:00|2025-10-07T12:52:30+00:00,America/Los_Angeles,false,false,,,false,,ABANDONED,false,0,0,0,0,0,0,0,0,0,0,0,0,0,0,0,0,0,0,0,0,0,0,0,0,0,0,0,0,ABANDONED,false,R0
1199Md80TvTSB6K_sQrKF3Rxw,2025-10-07 12:59:11.13117 UTC,2025-10-07 13:04:28.333587 UTC,19,2025-10-07T12:59:11+00:00|2025-10-07T12:59:16+00:00|2025-10-07T12:59:27+00:00|2025-10-07T12:59:53+00:00|2025-10-07T13:00:07+00:00|2025-10-07T13:00:31+00:00|2025-10-07T13:00:50+00:00|2025-10-07T13:01:11+00:00|2025-10-07T13:01:37+00:00|2025-10-07T13:01:50+00:00|2025-10-07T13:02:07+00:00|2025-10-07T13:02:26+00:00|2025-10-07T13:02:45+00:00|2025-10-07T13:03:04+00:00|2025-10-07T13:03:14+00:00|2025-10-07T13:03:29+00:00|2025-10-07T13:03:50+00:00|2025-10-07T13:04:10+00:00|2025-10-07T13:04:28+00:00,,$session.params.escalate,,,,,,ABANDONED,false,0,0,0,0,0,0,0,0,0,0,0,0,0,0,0,0,0,0,0,0,0,0,0,0,0,0,0,0,ABANDONED,false,R0
10378pKO8ciQxGtPjH7iBlZQg,2025-10-07 13:05:45.664779 UTC,2025-10-07 13:07:58.055526 UTC,9,2025-10-07T13:05:45+00:00|2025-10-07T13:05:51+00:00|2025-10-07T13:06:02+00:00|2025-10-07T13:06:24+00:00|2025-10-07T13:06:43+00:00|2025-10-07T13:07:03+00:00|2025-10-07T13:07:19+00:00|2025-10-07T13:07:51+00:00|2025-10-07T13:07:58+00:00,,$session.params.escalate,,,,,,ABANDONED,false,0,0,0,0,0,0,0,0,0,0,0,0,0,0,0,0,0,0,0,0,0,0,0,0,0,0,0,0,ABANDONED,false,R0
103YSXM57i-R3G5uEUMBMhwzg,2025-10-07 13:09:37.218452 UTC,2025-10-07 13:13:31.117988 UTC,14,2025-10-07T13:09:37+00:00|2025-10-07T13:09:42+00:00|2025-10-07T13:09:52+00:00|2025-10-07T13:10:15+00:00|2025-10-07T13:10:36+00:00|2025-10-07T13:11:01+00:00|2025-10-07T13:11:17+00:00|2025-10-07T13:11:37+00:00|2025-10-07T13:11:54+00:00|2025-10-07T13:12:17+00:00|2025-10-07T13:12:36+00:00|2025-10-07T13:12:47+00:00|2025-10-07T13:13:04+00:00|2025-10-07T13:13:31+00:00,,,,,,,,ABANDONED,false,0,0,0,0,0,0,0,0,0,0,0,0,0,0,0,0,0,0,0,0,0,0,0,0,0,0,0,0,ABANDONED,false,R0
103hz5rG6moSOKNvcQy_7U5cg,2025-10-07 13:18:20.794796 UTC,2025-10-07 13:20:55.174903 UTC,10,2025-10-07T13:18:20+00:00|2025-10-07T13:18:25+00:00|2025-10-07T13:18:37+00:00|2025-10-07T13:18:59+00:00|2025-10-07T13:19:18+00:00|2025-10-07T13:19:39+00:00|2025-10-07T13:20:01+00:00|2025-10-07T13:20:14+00:00|2025-10-07T13:20:43+00:00|2025-10-07T13:20:55+00:00,,true,false,,,false,,ABANDONED,false,0,0,0,0,0,0,0,0,0,0,0,0,0,0,0,0,0,0,0,0,0,0,0,0,0,0,0,0,ABANDONED,false,R0
103Ad8hxwShSDyjyK9FzLVEug,2025-10-07 13:23:55.352504 UTC,2025-10-07 13:29:17.637863 UTC,18,2025-10-07T13:23:55+00:00|2025-10-07T13:24:01+00:00|2025-10-07T13:24:12+00:00|2025-10-07T13:24:35+00:00|2025-10-07T13:24:55+00:00|2025-10-07T13:25:19+00:00|2025-10-07T13:25:38+00:00|2025-10-07T13:25:59+00:00|2025-10-07T13:26:18+00:00|2025-10-07T13:26:42+00:00|2025-10-07T13:27:03+00:00|2025-10-07T13:27:14+00:00|2025-10-07T13:27:31+00:00|2025-10-07T13:28:02+00:00|2025-10-07T13:28:24+00:00|2025-10-07T13:28:46+00:00|2025-10-07T13:28:57+00:00|2025-10-07T13:29:17+00:00,,$session.params.escalate,,,,,,ABANDONED,false,0,0,0,0,0,0,0,0,0,0,0,0,0,0,0,0,0,0,0,0,0,0,0,0,0,0,0,0,ABANDONED,false,R0
103vFNUo1sGRb6TdDK2nYDdog,2025-10-07 13:38:09.525593 UTC,2025-10-07 13:42:02.450588 UTC,13,2025-10-07T13:38:09+00:00|2025-10-07T13:38:15+00:00|2025-10-07T13:38:26+00:00|2025-10-07T13:38:48+00:00|2025-10-07T13:39:10+00:00|2025-10-07T13:39:36+00:00|2025-10-07T13:39:58+00:00|2025-10-07T13:40:19+00:00|2025-10-07T13:40:36+00:00|2025-10-07T13:41:01+00:00|2025-10-07T13:41:23+00:00|2025-10-07T13:41:50+00:00|2025-10-07T13:42:02+00:00,,,,,,,,ABANDONED,false,0,0,0,0,0,0,0,0,0,0,0,0,0,0,0,0,0,0,0,0,0,0,0,0,0,0,0,0,ABANDONED,false,R0
1194SaIwC6vT0K9v4ou6-6Y6w,2025-10-07 13:46:54.2587 UTC,2025-10-07 13:49:27.548617 UTC,11,2025-10-07T13:46:54+00:00|2025-10-07T13:47:00+00:00|2025-10-07T13:47:14+00:00|2025-10-07T13:47:31+00:00|2025-10-07T13:47:51+00:00|2025-10-07T13:47:58+00:00|2025-10-07T13:48:11+00:00|2025-10-07T13:48:38+00:00|2025-10-07T13:48:51+00:00|2025-10-07T13:49:14+00:00|2025-10-07T13:49:27+00:00,,$session.params.escalate,,,,,,ABANDONED,false,0,0,0,0,0,0,0,0,0,0,0,0,0,0,0,0,0,0,0,0,0,0,0,0,0,0,0,0,ABANDONED,false,R0
119ydf542yHSNaehezPKMUn-w,2025-10-07 14:31:25.355588 UTC,2025-10-07 14:36:52.189565 UTC,20,2025-10-07T14:31:25+00:00|2025-10-07T14:31:33+00:00|2025-10-07T14:31:46+00:00|2025-10-07T14:32:03+00:00|2025-10-07T14:32:24+00:00|2025-10-07T14:32:45+00:00|2025-10-07T14:32:54+00:00|2025-10-07T14:33:13+00:00|2025-10-07T14:33:38+00:00|2025-10-07T14:33:55+00:00|2025-10-07T14:34:16+00:00|2025-10-07T14:34:35+00:00|2025-10-07T14:34:47+00:00|2025-10-07T14:35:13+00:00|2025-10-07T14:35:31+00:00|2025-10-07T14:35:39+00:00|2025-10-07T14:35:59+00:00|2025-10-07T14:36:30+00:00|2025-10-07T14:36:40+00:00|2025-10-07T14:36:52+00:00,,,,,,,,ABANDONED,false,0,0,0,0,0,0,0,0,0,0,0,0,0,0,0,0,0,0,0,0,0,0,0,0,0,0,0,0,ABANDONED,false,R0
2bff9212-c7d4-4777-9674-e604e94e4ba8,2025-10-07 15:20:09.385693 UTC,2025-10-07 15:24:47.86601 UTC,11,2025-10-07T15:20:09+00:00|2025-10-07T15:20:21+00:00|2025-10-07T15:20:27+00:00|2025-10-07T15:20:38+00:00|2025-10-07T15:20:49+00:00|2025-10-07T15:20:59+00:00|2025-10-07T15:21:50+00:00|2025-10-07T15:22:09+00:00|2025-10-07T15:22:17+00:00|2025-10-07T15:24:42+00:00|2025-10-07T15:24:47+00:00,America/Los_Angeles,,,,,,,ABANDONED,false,0,0,0,0,0,0,0,0,0,0,0,0,0,0,0,0,0,0,0,0,0,0,0,0,0,0,0,0,ABANDONED,false,R0
103G4wEQUvQRIS0715CV7N32g,2025-10-07 16:12:19.646435 UTC,2025-10-07 16:13:40.99827 UTC,7,2025-10-07T16:12:19+00:00|2025-10-07T16:12:24+00:00|2025-10-07T16:12:35+00:00|2025-10-07T16:12:55+00:00|2025-10-07T16:13:11+00:00|2025-10-07T16:13:25+00:00|2025-10-07T16:13:40+00:00,,true,,,,,,ABANDONED,false,0,0,0,0,0,0,0,0,0,0,0,0,0,0,0,0,0,0,0,0,0,0,0,0,0,0,0,0,ABANDONED,false,R0
4b7e5aee-7ec3-497c-8703-0c304649fc9c,2025-10-07 16:23:36.787446 UTC,2025-10-07 16:23:48.415935 UTC,3,2025-10-07T16:23:36+00:00|2025-10-07T16:23:41+00:00|2025-10-07T16:23:48+00:00,America/Los_Angeles,,,,,,,ABANDONED,false,0,0,0,0,0,0,0,0,0,0,0,0,0,0,0,0,0,0,0,0,0,0,0,0,0,0,0,0,ABANDONED,false,R0
44fe50e8-00ae-490d-9ff7-39924ad81c8c,2025-10-07 16:26:02.194863 UTC,2025-10-07 16:32:10.152218 UTC,7,2025-10-07T16:26:02+00:00|2025-10-07T16:26:04+00:00|2025-10-07T16:26:06+00:00|2025-10-07T16:29:05+00:00|2025-10-07T16:30:21+00:00|2025-10-07T16:31:42+00:00|2025-10-07T16:32:10+00:00,America/Los_Angeles,,,,,,,ABANDONED,false,0,0,0,0,0,0,0,0,0,0,0,0,0,0,0,0,0,0,0,0,0,0,0,0,0,0,0,0,ABANDONED,false,R0
d2f6bcc6-44d4-4b4d-a042-c8e51f3c0ee0,2025-10-07 16:33:30.230805 UTC,2025-10-07 16:33:43.827742 UTC,3,2025-10-07T16:33:30+00:00|2025-10-07T16:33:35+00:00|2025-10-07T16:33:43+00:00,America/Los_Angeles,,,,,,,ABANDONED,false,0,0,0,0,0,0,0,0,0,0,0,0,0,0,0,0,0,0,0,0,0,0,0,0,0,0,0,0,ABANDONED,false,R0
89bc66e2-1111-4354-aeaf-9e917d8e4746,2025-10-07 16:46:22.287786 UTC,2025-10-07 16:48:40.830494 UTC,6,2025-10-07T16:46:22+00:00|2025-10-07T16:46:50+00:00|2025-10-07T16:46:57+00:00|2025-10-07T16:47:02+00:00|2025-10-07T16:47:12+00:00|2025-10-07T16:48:40+00:00,America/Los_Angeles,$session.params.escalate,,,,,,ABANDONED,false,0,0,0,0,0,0,0,0,0,0,0,0,0,0,0,0,0,0,0,0,0,0,0,0,0,0,0,0,ABANDONED,false,R0
4bf8093a-6804-4d7b-a86f-eefd83fc186a,2025-10-07 16:49:44.490136 UTC,2025-10-07 16:50:17.222876 UTC,6,2025-10-07T16:49:44+00:00|2025-10-07T16:49:47+00:00|2025-10-07T16:49:52+00:00|2025-10-07T16:49:55+00:00|2025-10-07T16:50:02+00:00|2025-10-07T16:50:17+00:00,America/Los_Angeles,,,,,,,ABANDONED,false,0,0,0,0,0,0,0,0,0,0,0,0,0,0,0,0,0,0,0,0,0,0,0,0,0,0,0,0,ABANDONED,false,R0
d705c13b-f7de-422c-9692-68ed066eb682,2025-10-07 19:04:51.081729 UTC,2025-10-07 19:09:13.471803 UTC,9,2025-10-07T19:04:51+00:00|2025-10-07T19:05:02+00:00|2025-10-07T19:05:25+00:00|2025-10-07T19:05:28+00:00|2025-10-07T19:05:45+00:00|2025-10-07T19:05:48+00:00|2025-10-07T19:08:25+00:00|2025-10-07T19:08:56+00:00|2025-10-07T19:09:13+00:00,America/Los_Angeles,,,,,,,ABANDONED,false,0,0,0,0,0,0,0,0,0,0,0,0,0,0,0,0,0,0,0,0,0,0,0,0,0,0,0,0,ABANDONED,false,R0
d9a85d24-2d81-4f5c-a483-6119d1457f38,2025-10-07 19:09:33.396716 UTC,2025-10-07 19:10:00.209143 UTC,10,2025-10-07T19:09:33+00:00|2025-10-07T19:09:35+00:00|2025-10-07T19:09:36+00:00|2025-10-07T19:09:37+00:00|2025-10-07T19:09:39+00:00|2025-10-07T19:09:40+00:00|2025-10-07T19:09:42+00:00|2025-10-07T19:09:45+00:00|2025-10-07T19:09:46+00:00|2025-10-07T19:10:00+00:00,America/Los_Angeles,,,,,,,ABANDONED,false,0,0,0,0,0,0,0,0,0,0,0,0,0,0,0,0,0,0,0,0,0,0,0,0,0,0,0,0,ABANDONED,false,R0
45e8f163-36b2-41d3-8887-668c8cfb946a,2025-10-07 20:06:40.460859 UTC,2025-10-07 20:08:04.306014 UTC,8,2025-10-07T20:06:40+00:00|2025-10-07T20:06:45+00:00|2025-10-07T20:06:51+00:00|2025-10-07T20:06:54+00:00|2025-10-07T20:07:07+00:00|2025-10-07T20:07:19+00:00|2025-10-07T20:07:31+00:00|2025-10-07T20:08:04+00:00,America/Los_Angeles,$session.params.escalate,,,,,,ABANDONED,false,0,0,0,0,0,0,0,0,0,0,0,0,0,0,0,0,0,0,0,0,0,0,0,0,0,0,0,0,ABANDONED,false,R0
6d34b977-eb1b-4417-a76a-2ddf6d04c4f9,2025-10-07 20:10:14.196957 UTC,2025-10-07 20:10:27.44643 UTC,8,2025-10-07T20:10:14+00:00|2025-10-07T20:10:16+00:00|2025-10-07T20:10:17+00:00|2025-10-07T20:10:19+00:00|2025-10-07T20:10:21+00:00|2025-10-07T20:10:23+00:00|2025-10-07T20:10:25+00:00|2025-10-07T20:10:27+00:00,America/Los_Angeles,,,,,,,ABANDONED,false,0,0,0,0,0,0,0,0,0,0,0,0,0,0,0,0,0,0,0,0,0,0,0,0,0,0,0,0,ABANDONED,false,R0
9b815d77-6b4c-4365-a98c-53fca74a35b2,2025-10-07 20:10:42.154492 UTC,2025-10-07 20:10:55.551653 UTC,8,2025-10-07T20:10:42+00:00|2025-10-07T20:10:45+00:00|2025-10-07T20:10:46+00:00|2025-10-07T20:10:47+00:00|2025-10-07T20:10:49+00:00|2025-10-07T20:10:50+00:00|2025-10-07T20:10:53+00:00|2025-10-07T20:10:55+00:00,America/Los_Angeles,,,,,,,ABANDONED,false,0,0,0,0,0,0,0,0,0,0,0,0,0,0,0,0,0,0,0,0,0,0,0,0,0,0,0,0,ABANDONED,false,R0
3be9b34e-ec03-483c-8677-2b76661ac6b0,2025-10-07 20:12:41.912947 UTC,2025-10-07 20:13:37.160231 UTC,8,2025-10-07T20:12:41+00:00|2025-10-07T20:12:48+00:00|2025-10-07T20:12:56+00:00|2025-10-07T20:12:59+00:00|2025-10-07T20:13:06+00:00|2025-10-07T20:13:19+00:00|2025-10-07T20:13:26+00:00|2025-10-07T20:13:37+00:00,America/Los_Angeles,,,,,,,ABANDONED,false,0,0,0,0,0,0,0,0,0,0,0,0,0,0,0,0,0,0,0,0,0,0,0,0,0,0,0,0,ABANDONED,false,R0
fb9d8b7d-a51d-4485-bdcc-0f927f023f43,2025-10-07 20:16:20.555189 UTC,2025-10-07 20:19:00.097322 UTC,18,2025-10-07T20:16:20+00:00|2025-10-07T20:16:22+00:00|2025-10-07T20:16:24+00:00|2025-10-07T20:16:25+00:00|2025-10-07T20:16:27+00:00|2025-10-07T20:16:29+00:00|2025-10-07T20:16:31+00:00|2025-10-07T20:16:34+00:00|2025-10-07T20:16:44+00:00|2025-10-07T20:16:54+00:00|2025-10-07T20:17:02+00:00|2025-10-07T20:17:13+00:00|2025-10-07T20:17:59+00:00|2025-10-07T20:18:18+00:00|2025-10-07T20:18:38+00:00|2025-10-07T20:18:47+00:00|2025-10-07T20:18:53+00:00|2025-10-07T20:19:00+00:00,America/Los_Angeles,,,,,,,ABANDONED,false,0,0,0,0,0,0,0,0,0,0,0,0,0,0,0,0,0,0,0,0,0,0,0,0,0,0,0,0,ABANDONED,false,R0
081LvTQDFNBQAG4jTkRgM2RIQ,2025-10-08 08:20:52.903536 UTC,2025-10-08 08:23:01.142858 UTC,9,2025-10-08T08:20:52+00:00|2025-10-08T08:20:59+00:00|2025-10-08T08:21:10+00:00|2025-10-08T08:21:34+00:00|2025-10-08T08:21:55+00:00|2025-10-08T08:22:18+00:00|2025-10-08T08:22:33+00:00|2025-10-08T08:22:51+00:00|2025-10-08T08:23:01+00:00,,,,,,,,ABANDONED,false,0,0,0,0,0,0,0,0,0,0,0,0,0,0,0,0,0,0,0,0,0,0,0,0,0,0,0,0,ABANDONED,false,R0
081vYd_taltS_es2dZItwuUMQ,2025-10-08 08:24:01.462148 UTC,2025-10-08 08:27:08.203982 UTC,12,2025-10-08T08:24:01+00:00|2025-10-08T08:24:07+00:00|2025-10-08T08:24:17+00:00|2025-10-08T08:24:40+00:00|2025-10-08T08:25:01+00:00|2025-10-08T08:25:22+00:00|2025-10-08T08:25:37+00:00|2025-10-08T08:25:55+00:00|2025-10-08T08:26:09+00:00|2025-10-08T08:26:54+00:00|2025-10-08T08:27:00+00:00|2025-10-08T08:27:08+00:00,,false,false,,,false,,ABANDONED,false,0,0,0,0,0,0,0,0,0,0,0,0,0,0,0,0,0,0,0,0,0,0,0,0,0,0,0,0,ABANDONED,false,R0
a5698c95-14cd-44d7-b98e-bd3f90968895,2025-10-08 10:16:03.053013 UTC,2025-10-08 10:18:34.06975 UTC,4,2025-10-08T10:16:03+00:00|2025-10-08T10:16:09+00:00|2025-10-08T10:16:46+00:00|2025-10-08T10:18:34+00:00,America/Los_Angeles,,,,,,,ABANDONED,false,0,0,0,0,0,0,0,0,0,0,0,0,0,0,0,0,0,0,0,0,0,0,0,0,0,0,0,0,ABANDONED,false,R0
e39c93fd-4ffd-4a96-bb05-e28d0fd4b2c6,2025-10-08 10:31:50.83048 UTC,2025-10-08 10:34:25.371437 UTC,10,2025-10-08T10:31:50+00:00|2025-10-08T10:31:55+00:00|2025-10-08T10:32:05+00:00|2025-10-08T10:32:15+00:00|2025-10-08T10:32:19+00:00|2025-10-08T10:32:26+00:00|2025-10-08T10:32:53+00:00|2025-10-08T10:33:03+00:00|2025-10-08T10:33:12+00:00|2025-10-08T10:34:25+00:00,America/Los_Angeles,,,,,,,ABANDONED,false,0,0,0,0,0,0,0,0,0,0,0,0,0,0,0,0,0,0,0,0,0,0,0,0,0,0,0,0,ABANDONED,false,R0
89d5a12a-d182-42d0-9029-6a1ade317a94,2025-10-08 10:49:10.014789 UTC,2025-10-08 10:49:43.269079 UTC,7,2025-10-08T10:49:10+00:00|2025-10-08T10:49:13+00:00|2025-10-08T10:49:17+00:00|2025-10-08T10:49:26+00:00|2025-10-08T10:49:30+00:00|2025-10-08T10:49:32+00:00|2025-10-08T10:49:43+00:00,America/Los_Angeles,,,,,,,ABANDONED,false,0,0,0,0,0,0,0,0,0,0,0,0,0,0,0,0,0,0,0,0,0,0,0,0,0,0,0,0,ABANDONED,false,R0
edba2e14-53d5-4b83-9d94-e9fb828327c1,2025-10-08 11:00:47.584639 UTC,2025-10-08 11:01:35.173389 UTC,6,2025-10-08T11:00:47+00:00|2025-10-08T11:00:51+00:00|2025-10-08T11:01:01+00:00|2025-10-08T11:01:05+00:00|2025-10-08T11:01:18+00:00|2025-10-08T11:01:35+00:00,America/Los_Angeles,$session.params.escalate,,,,,,ABANDONED,false,0,0,0,0,0,0,0,0,0,0,0,0,0,0,0,0,0,0,0,0,0,0,0,0,0,0,0,0,ABANDONED,false,R0
ba5d31c4-cdae-4639-83af-159c2816ae0e,2025-10-08 11:07:12.834606 UTC,2025-10-08 11:07:21.230819 UTC,6,2025-10-08T11:07:12+00:00|2025-10-08T11:07:14+00:00|2025-10-08T11:07:16+00:00|2025-10-08T11:07:18+00:00|2025-10-08T11:07:20+00:00|2025-10-08T11:07:21+00:00,America/Los_Angeles,REDACTED,,,,,,,,0,0,0,0,0,0,0,0,0,0,0,0,0,0,0,0,0,0,0,0,0,0,0,0,0,0,0,0,,REDACTED,
fa1c670a-fb93-470a-a939-d21c07559bc1,2025-10-08 11:08:32.517698 UTC,2025-10-08 11:08:43.218763 UTC,7,2025-10-08T11:08:32+00:00|2025-10-08T11:08:35+00:00|2025-10-08T11:08:36+00:00|2025-10-08T11:08:37+00:00|2025-10-08T11:08:39+00:00|2025-10-08T11:08:41+00:00|2025-10-08T11:08:43+00:00,America/Los_Angeles,,,,,,,ABANDONED,false,0,0,0,0,0,0,0,0,0,0,0,0,0,0,0,0,0,0,0,0,0,0,0,0,0,0,0,0,ABANDONED,false,R0
8b0ffbc6-fb42-44f9-831f-7c5e0e65bf1b,2025-10-08 11:10:24.535559 UTC,2025-10-08 11:14:30.397211 UTC,4,2025-10-08T11:10:24+00:00|2025-10-08T11:10:28+00:00|2025-10-08T11:11:29+00:00|2025-10-08T11:14:30+00:00,America/Los_Angeles,,,,,,,ABANDONED,false,0,0,0,0,0,0,0,0,0,0,0,0,0,0,0,0,0,0,0,0,0,0,0,0,0,0,0,0,ABANDONED,false,R0
ddcae610-8fc0-4b12-ab75-35c029719485,2025-10-08 11:10:56.195439 UTC,2025-10-08 11:20:50.161903 UTC,6,2025-10-08T11:10:56+00:00|2025-10-08T11:11:02+00:00|2025-10-08T11:11:12+00:00|2025-10-08T11:11:16+00:00|2025-10-08T11:11:29+00:00|2025-10-08T11:20:50+00:00,America/Los_Angeles,$session.params.escalate,,,,,,ABANDONED,false,0,0,0,0,0,0,0,0,0,0,0,0,0,0,0,0,0,0,0,0,0,0,0,0,0,0,0,0,ABANDONED,false,R0
cfcae0d2-191f-4516-aaa1-73dc43b53f13,2025-10-08 11:15:14.203092 UTC,2025-10-08 11:15:24.427981 UTC,3,2025-10-08T11:15:14+00:00|2025-10-08T11:15:16+00:00|2025-10-08T11:15:24+00:00,America/Los_Angeles,,,,,,,ABANDONED,false,0,0,0,0,0,0,0,0,0,0,0,0,0,0,0,0,0,0,0,0,0,0,0,0,0,0,0,0,ABANDONED,false,R0
c5402fc7-ee97-4b96-abf8-59bb2cfaff08,2025-10-08 11:17:29.351314 UTC,2025-10-08 11:17:39.989983 UTC,3,2025-10-08T11:17:29+00:00|2025-10-08T11:17:33+00:00|2025-10-08T11:17:39+00:00,America/Los_Angeles,,,,,,,ABANDONED,false,0,0,0,0,0,0,0,0,0,0,0,0,0,0,0,0,0,0,0,0,0,0,0,0,0,0,0,0,ABANDONED,false,R0
d94462d0-cbb4-4770-bf6e-67a7f220b5de,2025-10-08 11:19:36.429261 UTC,2025-10-08 11:19:45.451043 UTC,3,2025-10-08T11:19:36+00:00|2025-10-08T11:19:39+00:00|2025-10-08T11:19:45+00:00,America/Los_Angeles,,,,,,,ABANDONED,false,0,0,0,0,0,0,0,0,0,0,0,0,0,0,0,0,0,0,0,0,0,0,0,0,0,0,0,0,ABANDONED,false,R0
6a7bdfba-619a-491f-b120-59d805df7556,2025-10-08 11:21:26.848041 UTC,2025-10-08 11:21:36.70256 UTC,3,2025-10-08T11:21:26+00:00|2025-10-08T11:21:30+00:00|2025-10-08T11:21:36+00:00,America/Los_Angeles,,,,,,,ABANDONED,false,0,0,0,0,0,0,0,0,0,0,0,0,0,0,0,0,0,0,0,0,0,0,0,0,0,0,0,0,ABANDONED,false,R0
0652acff-c837-4916-85e0-4b1cfc1bbf6c,2025-10-08 11:21:47.111259 UTC,2025-10-08 11:21:51.11986 UTC,3,2025-10-08T11:21:47+00:00|2025-10-08T11:21:49+00:00|2025-10-08T11:21:51+00:00,America/Los_Angeles,,,,,,,ABANDONED,false,0,0,0,0,0,0,0,0,0,0,0,0,0,0,0,0,0,0,0,0,0,0,0,0,0,0,0,0,ABANDONED,false,R0
7021a95c-934a-46da-87e4-40d3cbad8f41,2025-10-08 11:23:05.732695 UTC,2025-10-08 11:23:05.732695 UTC,1,2025-10-08T11:23:05+00:00,America/Los_Angeles,,,,,,,ABANDONED,false,0,0,0,0,0,0,0,0,0,0,0,0,0,0,0,0,0,0,0,0,0,0,0,0,0,0,0,0,ABANDONED,false,R0
d78f3e24-0224-44d5-9798-1208250b19f6,2025-10-08 11:23:51.580093 UTC,2025-10-08 11:23:59.321609 UTC,3,2025-10-08T11:23:51+00:00|2025-10-08T11:23:54+00:00|2025-10-08T11:23:59+00:00,America/Los_Angeles,,,,,,,ABANDONED,false,0,0,0,0,0,0,0,0,0,0,0,0,0,0,0,0,0,0,0,0,0,0,0,0,0,0,0,0,ABANDONED,false,R0
e4e9410f-037b-4366-8aa8-e32ff1ea8bf0,2025-10-08 11:49:03.130876 UTC,2025-10-08 11:49:10.195615 UTC,6,2025-10-08T11:49:03+00:00|2025-10-08T11:49:04+00:00|2025-10-08T11:49:05+00:00|2025-10-08T11:49:06+00:00|2025-10-08T11:49:08+00:00|2025-10-08T11:49:10+00:00,America/Los_Angeles,$session.params.escalate,,,,,,ABANDONED,false,0,0,0,0,0,0,0,0,0,0,0,0,0,0,0,0,0,0,0,0,0,0,0,0,0,0,0,0,ABANDONED,false,R0
ea30f2ad-5648-4bf2-9561-c7c7471c9d5e,2025-10-08 11:53:02.935954 UTC,2025-10-08 11:53:31.097082 UTC,5,2025-10-08T11:53:02+00:00|2025-10-08T11:53:06+00:00|2025-10-08T11:53:24+00:00|2025-10-08T11:53:26+00:00|2025-10-08T11:53:31+00:00,America/Los_Angeles,,,,,,,ABANDONED,false,0,0,0,0,0,0,0,0,0,0,0,0,0,0,0,0,0,0,0,0,0,0,0,0,0,0,0,0,ABANDONED,false,R0
b4af3d7f-b97e-4ca3-8d63-651cb04e1d8a,2025-10-08 11:57:44.544998 UTC,2025-10-08 11:58:06.737804 UTC,7,2025-10-08T11:57:44+00:00|2025-10-08T11:57:46+00:00|2025-10-08T11:57:47+00:00|2025-10-08T11:57:49+00:00|2025-10-08T11:57:51+00:00|2025-10-08T11:57:53+00:00|2025-10-08T11:58:06+00:00,America/Los_Angeles,$session.params.escalate,,,,,,ABANDONED,false,0,0,0,0,0,0,0,0,0,0,0,0,0,0,0,0,0,0,0,0,0,0,0,0,0,0,0,0,ABANDONED,false,R0
154e01c4-3bc4-418b-aecf-890caf23a2a8,2025-10-08 11:59:16.490649 UTC,2025-10-08 11:59:26.470244 UTC,7,2025-10-08T11:59:16+00:00|2025-10-08T11:59:18+00:00|2025-10-08T11:59:19+00:00|2025-10-08T11:59:20+00:00|2025-10-08T11:59:22+00:00|2025-10-08T11:59:24+00:00|2025-10-08T11:59:26+00:00,America/Los_Angeles,$session.params.escalate,,,,,,ABANDONED,false,0,0,0,0,0,0,0,0,0,0,0,0,0,0,0,0,0,0,0,0,0,0,0,0,0,0,0,0,ABANDONED,false,R0
b265b152-33ae-4915-b1e0-5b7d71e2acdd,2025-10-08 12:01:19.121091 UTC,2025-10-08 12:01:29.189916 UTC,7,2025-10-08T12:01:19+00:00|2025-10-08T12:01:20+00:00|2025-10-08T12:01:22+00:00|2025-10-08T12:01:23+00:00|2025-10-08T12:01:25+00:00|2025-10-08T12:01:27+00:00|2025-10-08T12:01:29+00:00,America/Los_Angeles,$session.params.escalate,,,,,,ABANDONED,false,0,0,0,0,0,0,0,0,0,0,0,0,0,0,0,0,0,0,0,0,0,0,0,0,0,0,0,0,ABANDONED,false,R0
6a69e7a9-b388-4d0e-a184-1d771b91b14e,2025-10-08 12:11:58.315166 UTC,2025-10-08 12:12:59.545574 UTC,6,2025-10-08T12:11:58+00:00|2025-10-08T12:12:21+00:00|2025-10-08T12:12:33+00:00|2025-10-08T12:12:36+00:00|2025-10-08T12:12:45+00:00|2025-10-08T12:12:59+00:00,America/Los_Angeles,false,false,,,false,,ABANDONED,false,0,0,0,0,0,0,0,0,0,0,0,0,0,0,0,0,0,0,0,0,0,0,0,0,0,0,0,0,ABANDONED,false,R0
e1e78c15-2542-4808-adfb-c2d9769656bc,2025-10-08 12:16:03.644317 UTC,2025-10-08 12:16:13.599779 UTC,7,2025-10-08T12:16:03+00:00|2025-10-08T12:16:05+00:00|2025-10-08T12:16:07+00:00|2025-10-08T12:16:09+00:00|2025-10-08T12:16:12+00:00|2025-10-08T12:16:12+00:00|2025-10-08T12:16:13+00:00,America/Los_Angeles,REDACTED,,,,,,,,0,0,0,0,0,0,0,0,0,0,0,0,0,0,0,0,0,0,0,0,0,0,0,0,0,0,0,0,,REDACTED,
b5107288-45a8-45a0-aa76-8392687900b6,2025-10-08 12:17:28.443035 UTC,2025-10-08 12:17:34.652055 UTC,2,2025-10-08T12:17:28+00:00|2025-10-08T12:17:34+00:00,America/Los_Angeles,,,,,,,ABANDONED,false,0,0,0,0,0,0,0,0,0,0,0,0,0,0,0,0,0,0,0,0,0,0,0,0,0,0,0,0,ABANDONED,false,R0
38025ec5-b247-478d-90ee-5d52c1166483,2025-10-08 12:19:27.342673 UTC,2025-10-08 12:19:48.519447 UTC,5,2025-10-08T12:19:27+00:00|2025-10-08T12:19:32+00:00|2025-10-08T12:19:36+00:00|2025-10-08T12:19:39+00:00|2025-10-08T12:19:48+00:00,America/Los_Angeles,,,,,,,ABANDONED,false,0,0,0,0,0,0,0,0,0,0,0,0,0,0,0,0,0,0,0,0,0,0,0,0,0,0,0,0,ABANDONED,false,R0
e30ba012-1ef3-41f3-8828-d501e16cd858,2025-10-08 12:21:17.813412 UTC,2025-10-08 12:21:41.425769 UTC,6,2025-10-08T12:21:17+00:00|2025-10-08T12:21:19+00:00|2025-10-08T12:21:21+00:00|2025-10-08T12:21:22+00:00|2025-10-08T12:21:24+00:00|2025-10-08T12:21:41+00:00,America/Los_Angeles,$session.params.escalate,,,,,,ABANDONED,false,0,0,0,0,0,0,0,0,0,0,0,0,0,0,0,0,0,0,0,0,0,0,0,0,0,0,0,0,ABANDONED,false,R0
578abd44-8d68-470b-ab42-a3b92bbbeeee,2025-10-08 12:24:17.274039 UTC,2025-10-08 12:24:24.798071 UTC,6,2025-10-08T12:24:17+00:00|2025-10-08T12:24:18+00:00|2025-10-08T12:24:19+00:00|2025-10-08T12:24:21+00:00|2025-10-08T12:24:22+00:00|2025-10-08T12:24:24+00:00,America/Los_Angeles,$session.params.escalate,,,,,,ABANDONED,false,0,0,0,0,0,0,0,0,0,0,0,0,0,0,0,0,0,0,0,0,0,0,0,0,0,0,0,0,ABANDONED,false,R0
209e919f-1e0c-4f5a-8a8d-a1bd94ad5cd6,2025-10-08 12:24:28.496121 UTC,2025-10-08 12:24:36.550767 UTC,6,2025-10-08T12:24:28+00:00|2025-10-08T12:24:30+00:00|2025-10-08T12:24:31+00:00|2025-10-08T12:24:32+00:00|2025-10-08T12:24:34+00:00|2025-10-08T12:24:36+00:00,America/Los_Angeles,$session.params.escalate,,,,,,ABANDONED,false,0,0,0,0,0,0,0,0,0,0,0,0,0,0,0,0,0,0,0,0,0,0,0,0,0,0,0,0,ABANDONED,false,R0
b0a5bb0d-7376-474a-9cad-564824eb2f24,2025-10-08 12:34:39.191883 UTC,2025-10-08 12:35:00.184407 UTC,5,2025-10-08T12:34:39+00:00|2025-10-08T12:34:44+00:00|2025-10-08T12:34:53+00:00|2025-10-08T12:34:56+00:00|2025-10-08T12:35:00+00:00,America/Los_Angeles,,,,,,,ABANDONED,false,0,0,0,0,0,0,0,0,0,0,0,0,0,0,0,0,0,0,0,0,0,0,0,0,0,0,0,0,ABANDONED,false,R0
11999d67-f5c0-442b-885a-b60709be17e4,2025-10-08 12:35:08.338147 UTC,2025-10-08 12:35:27.197556 UTC,6,2025-10-08T12:35:08+00:00|2025-10-08T12:35:10+00:00|2025-10-08T12:35:11+00:00|2025-10-08T12:35:12+00:00|2025-10-08T12:35:14+00:00|2025-10-08T12:35:27+00:00,America/Los_Angeles,$session.params.escalate,,,,,,ABANDONED,false,0,0,0,0,0,0,0,0,0,0,0,0,0,0,0,0,0,0,0,0,0,0,0,0,0,0,0,0,ABANDONED,false,R0
ea2028b5-5e1b-43e7-853a-e88a4bbde6e4,2025-10-08 12:36:53.674235 UTC,2025-10-08 12:37:00.684468 UTC,6,2025-10-08T12:36:53+00:00|2025-10-08T12:36:55+00:00|2025-10-08T12:36:56+00:00|2025-10-08T12:36:57+00:00|2025-10-08T12:36:58+00:00|2025-10-08T12:37:00+00:00,America/Los_Angeles,$session.params.escalate,,,,,,ABANDONED,false,0,0,0,0,0,0,0,0,0,0,0,0,0,0,0,0,0,0,0,0,0,0,0,0,0,0,0,0,ABANDONED,false,R0
906ec81d-2e95-40dc-a510-1d00e5b32dde,2025-10-08 12:53:51.875554 UTC,2025-10-08 12:54:02.322106 UTC,6,2025-10-08T12:53:51+00:00|2025-10-08T12:53:55+00:00|2025-10-08T12:53:57+00:00|2025-10-08T12:53:58+00:00|2025-10-08T12:54:00+00:00|2025-10-08T12:54:02+00:00,America/Los_Angeles,$session.params.escalate,,,,,,ABANDONED,false,0,0,0,0,0,0,0,0,0,0,0,0,0,0,0,0,0,0,0,0,0,0,0,0,0,0,0,0,ABANDONED,false,R0
d81cd83e-8dc6-4fc8-a066-ccab54beb983,2025-10-08 13:11:58.586942 UTC,2025-10-08 13:12:06.246735 UTC,6,2025-10-08T13:11:58+00:00|2025-10-08T13:12:00+00:00|2025-10-08T13:12:01+00:00|2025-10-08T13:12:02+00:00|2025-10-08T13:12:04+00:00|2025-10-08T13:12:06+00:00,America/Los_Angeles,$session.params.escalate,,,,,,ABANDONED,false,0,0,0,0,0,0,0,0,0,0,0,0,0,0,0,0,0,0,0,0,0,0,0,0,0,0,0,0,ABANDONED,false,R0
47a5633e-4eb6-4e45-8fff-edfe388c25b4,2025-10-08 13:12:18.19333 UTC,2025-10-08 13:12:27.004069 UTC,6,2025-10-08T13:12:18+00:00|2025-10-08T13:12:20+00:00|2025-10-08T13:12:21+00:00|2025-10-08T13:12:22+00:00|2025-10-08T13:12:24+00:00|2025-10-08T13:12:27+00:00,America/Los_Angeles,$session.params.escalate,,,,,,ABANDONED,false,0,0,0,0,0,0,0,0,0,0,0,0,0,0,0,0,0,0,0,0,0,0,0,0,0,0,0,0,ABANDONED,false,R0
1f86e0c4-d2a6-4dc2-89f6-5690e0200c25,2025-10-08 13:12:35.162058 UTC,2025-10-08 13:12:35.162058 UTC,1,2025-10-08T13:12:35+00:00,America/Los_Angeles,,,,,,,ABANDONED,false,0,0,0,0,0,0,0,0,0,0,0,0,0,0,0,0,0,0,0,0,0,0,0,0,0,0,0,0,ABANDONED,false,R0
a9b97ee9-fa64-409b-88bd-8548f32bb370,2025-10-08 13:14:53.072723 UTC,2025-10-08 13:14:53.072723 UTC,1,2025-10-08T13:14:53+00:00,America/Los_Angeles,,,,,,,ABANDONED,false,0,0,0,0,0,0,0,0,0,0,0,0,0,0,0,0,0,0,0,0,0,0,0,0,0,0,0,0,ABANDONED,false,R0
69a1aad3-f551-4687-a3ae-38d4311722b9,2025-10-08 13:15:25.59557 UTC,2025-10-08 13:16:24.019175 UTC,7,2025-10-08T13:15:25+00:00|2025-10-08T13:15:30+00:00|2025-10-08T13:15:36+00:00|2025-10-08T13:15:39+00:00|2025-10-08T13:15:45+00:00|2025-10-08T13:16:13+00:00|2025-10-08T13:16:24+00:00,America/Los_Angeles,,,,,,,ABANDONED,false,0,0,0,0,0,0,0,0,0,0,0,0,0,0,0,0,0,0,0,0,0,0,0,0,0,0,0,0,ABANDONED,false,R0
081vQi9gnEZTyuoj8bnJ_ZonQ,2025-10-08 13:27:56.490556 UTC,2025-10-08 13:30:52.129985 UTC,12,2025-10-08T13:27:56+00:00|2025-10-08T13:28:02+00:00|2025-10-08T13:28:14+00:00|2025-10-08T13:28:32+00:00|2025-10-08T13:28:54+00:00|2025-10-08T13:29:11+00:00|2025-10-08T13:29:36+00:00|2025-10-08T13:29:47+00:00|2025-10-08T13:29:56+00:00|2025-10-08T13:30:14+00:00|2025-10-08T13:30:35+00:00|2025-10-08T13:30:52+00:00,,,,,,,,ABANDONED,false,0,0,0,0,0,0,0,0,0,0,0,0,0,0,0,0,0,0,0,0,0,0,0,0,0,0,0,0,ABANDONED,false,R0
103oyG7CUWWTnGxBOnb1euppg,2025-10-08 14:09:45.63388 UTC,2025-10-08 14:11:44.120935 UTC,9,2025-10-08T14:09:45+00:00|2025-10-08T14:09:51+00:00|2025-10-08T14:10:03+00:00|2025-10-08T14:10:21+00:00|2025-10-08T14:10:36+00:00|2025-10-08T14:10:56+00:00|2025-10-08T14:11:13+00:00|2025-10-08T14:11:20+00:00|2025-10-08T14:11:44+00:00,,,,,,,,ABANDONED,false,0,0,0,0,0,0,0,0,0,0,0,0,0,0,0,0,0,0,0,0,0,0,0,0,0,0,0,0,ABANDONED,false,R0
081y1D2IDNITRKGhTfJ2clrDQ,2025-10-08 14:12:46.29986 UTC,2025-10-08 14:14:18.339284 UTC,7,2025-10-08T14:12:46+00:00|2025-10-08T14:12:51+00:00|2025-10-08T14:13:03+00:00|2025-10-08T14:13:21+00:00|2025-10-08T14:13:42+00:00|2025-10-08T14:14:03+00:00|2025-10-08T14:14:18+00:00,,,,,,,,ABANDONED,false,0,0,0,0,0,0,0,0,0,0,0,0,0,0,0,0,0,0,0,0,0,0,0,0,0,0,0,0,ABANDONED,false,R0
119_2j_FbwLQgWyOdbKaEBmRw,2025-10-08 14:20:39.474828 UTC,2025-10-08 14:22:08.522779 UTC,7,2025-10-08T14:20:39+00:00|2025-10-08T14:20:45+00:00|2025-10-08T14:20:58+00:00|2025-10-08T14:21:17+00:00|2025-10-08T14:21:36+00:00|2025-10-08T14:21:58+00:00|2025-10-08T14:22:08+00:00,,,,,,,,ABANDONED,false,0,0,0,0,0,0,0,0,0,0,0,0,0,0,0,0,0,0,0,0,0,0,0,0,0,0,0,0,ABANDONED,false,R0
103P5p2WVkJQk6f6REkE2L4ng,2025-10-08 14:25:59.914204 UTC,2025-10-08 14:27:36.825024 UTC,7,2025-10-08T14:25:59+00:00|2025-10-08T14:26:05+00:00|2025-10-08T14:26:18+00:00|2025-10-08T14:26:35+00:00|2025-10-08T14:26:57+00:00|2025-10-08T14:27:21+00:00|2025-10-08T14:27:36+00:00,,,,,,,,ABANDONED,false,0,0,0,0,0,0,0,0,0,0,0,0,0,0,0,0,0,0,0,0,0,0,0,0,0,0,0,0,ABANDONED,false,R0
119wcVFERaiRrOUKrNMoltsdw,2025-10-08 14:32:09.005528 UTC,2025-10-08 14:33:43.930208 UTC,7,2025-10-08T14:32:09+00:00|2025-10-08T14:32:14+00:00|2025-10-08T14:32:26+00:00|2025-10-08T14:32:44+00:00|2025-10-08T14:33:06+00:00|2025-10-08T14:33:27+00:00|2025-10-08T14:33:43+00:00,,,,,,,,ABANDONED,false,0,0,0,0,0,0,0,0,0,0,0,0,0,0,0,0,0,0,0,0,0,0,0,0,0,0,0,0,ABANDONED,false,R0
0652f6uzzQURVi4pMa0VQf48A,2025-10-08 14:44:33.683928 UTC,2025-10-08 14:45:33.332924 UTC,5,2025-10-08T14:44:33+00:00|2025-10-08T14:44:39+00:00|2025-10-08T14:44:51+00:00|2025-10-08T14:45:17+00:00|2025-10-08T14:45:33+00:00,,$session.params.escalate,,,,,,ABANDONED,false,0,0,0,0,0,0,0,0,0,0,0,0,0,0,0,0,0,0,0,0,0,0,0,0,0,0,0,0,ABANDONED,false,R0
119iugkwXU3SbKekSIY9mNBMw,2025-10-08 14:46:49.152277 UTC,2025-10-08 14:49:16.581841 UTC,10,2025-10-08T14:46:49+00:00|2025-10-08T14:46:54+00:00|2025-10-08T14:47:04+00:00|2025-10-08T14:47:28+00:00|2025-10-08T14:47:51+00:00|2025-10-08T14:48:13+00:00|2025-10-08T14:48:31+00:00|2025-10-08T14:48:44+00:00|2025-10-08T14:49:00+00:00|2025-10-08T14:49:16+00:00,,true,,,,,,ABANDONED,false,0,0,0,0,0,0,0,0,0,0,0,0,0,0,0,0,0,0,0,0,0,0,0,0,0,0,0,0,ABANDONED,false,R0
081KfnvQ2bTTyaPZPzwZTKg3Q,2025-10-08 14:47:50.758476 UTC,2025-10-08 14:49:28.339544 UTC,8,2025-10-08T14:47:50+00:00|2025-10-08T14:47:56+00:00|2025-10-08T14:48:08+00:00|2025-10-08T14:48:23+00:00|2025-10-08T14:48:42+00:00|2025-10-08T14:48:53+00:00|2025-10-08T14:49:14+00:00|2025-10-08T14:49:28+00:00,,,,,,,,ABANDONED,false,0,0,0,0,0,0,0,0,0,0,0,0,0,0,0,0,0,0,0,0,0,0,0,0,0,0,0,0,ABANDONED,false,R0
0653hHGKOJERnid9Cwwc7C_AA,2025-10-08 14:51:27.733422 UTC,2025-10-08 14:56:48.832306 UTC,21,2025-10-08T14:51:27+00:00|2025-10-08T14:51:33+00:00|2025-10-08T14:51:44+00:00|2025-10-08T14:52:06+00:00|2025-10-08T14:52:26+00:00|2025-10-08T14:52:51+00:00|2025-10-08T14:53:05+00:00|2025-10-08T14:53:20+00:00|2025-10-08T14:53:43+00:00|2025-10-08T14:53:59+00:00|2025-10-08T14:54:22+00:00|2025-10-08T14:54:40+00:00|2025-10-08T14:54:58+00:00|2025-10-08T14:55:06+00:00|2025-10-08T14:55:20+00:00|2025-10-08T14:55:33+00:00|2025-10-08T14:55:41+00:00|2025-10-08T14:55:58+00:00|2025-10-08T14:56:21+00:00|2025-10-08T14:56:30+00:00|2025-10-08T14:56:48+00:00,,,,,,,,ABANDONED,false,0,0,0,0,0,0,0,0,0,0,0,0,0,0,0,0,0,0,0,0,0,0,0,0,0,0,0,0,ABANDONED,false,R0
065lOuwS_-yT8aPGjBIoSO_1A,2025-10-08 14:52:35.84208 UTC,2025-10-08 14:54:25.416793 UTC,9,2025-10-08T14:52:35+00:00|2025-10-08T14:52:41+00:00|2025-10-08T14:52:53+00:00|2025-10-08T14:53:10+00:00|2025-10-08T14:53:22+00:00|2025-10-08T14:53:45+00:00|2025-10-08T14:53:57+00:00|2025-10-08T14:54:08+00:00|2025-10-08T14:54:25+00:00,,,,,,,,ABANDONED,false,0,0,0,0,0,0,0,0,0,0,0,0,0,0,0,0,0,0,0,0,0,0,0,0,0,0,0,0,ABANDONED,false,R0
081oCkkhVcLRIiV4Lcp7c1bUQ,2025-10-08 15:09:11.987343 UTC,2025-10-08 15:13:36.008965 UTC,17,2025-10-08T15:09:11+00:00|2025-10-08T15:09:17+00:00|2025-10-08T15:09:27+00:00|2025-10-08T15:09:50+00:00|2025-10-08T15:10:08+00:00|2025-10-08T15:10:27+00:00|2025-10-08T15:10:46+00:00|2025-10-08T15:11:08+00:00|2025-10-08T15:11:26+00:00|2025-10-08T15:11:41+00:00|2025-10-08T15:11:47+00:00|2025-10-08T15:11:58+00:00|2025-10-08T15:12:18+00:00|2025-10-08T15:12:39+00:00|2025-10-08T15:13:04+00:00|2025-10-08T15:13:19+00:00|2025-10-08T15:13:36+00:00,,true,,,,,,ABANDONED,false,0,0,0,0,0,0,0,0,0,0,0,0,0,0,0,0,0,0,0,0,0,0,0,0,0,0,0,0,ABANDONED,false,R0
081HaeLjS4mR1G2TqXzgYKIGQ,2025-10-08 15:19:23.76485 UTC,2025-10-08 15:21:26.096683 UTC,8,2025-10-08T15:19:23+00:00|2025-10-08T15:19:28+00:00|2025-10-08T15:19:40+00:00|2025-10-08T15:20:04+00:00|2025-10-08T15:20:24+00:00|2025-10-08T15:20:58+00:00|2025-10-08T15:21:11+00:00|2025-10-08T15:21:26+00:00,,true,,,,,,ABANDONED,false,0,0,0,0,0,0,0,0,0,0,0,0,0,0,0,0,0,0,0,0,0,0,0,0,0,0,0,0,ABANDONED,false,R0
0815SaQ3OX8Q1eVBYNBJt2P4Q,2025-10-08 16:01:36.86265 UTC,2025-10-08 16:03:58.486852 UTC,10,2025-10-08T16:01:36+00:00|2025-10-08T16:01:42+00:00|2025-10-08T16:01:53+00:00|2025-10-08T16:02:26+00:00|2025-10-08T16:02:36+00:00|2025-10-08T16:02:52+00:00|2025-10-08T16:03:03+00:00|2025-10-08T16:03:22+00:00|2025-10-08T16:03:40+00:00|2025-10-08T16:03:58+00:00,,false,false,,,false,,ABANDONED,false,0,0,0,0,0,0,0,0,0,0,0,0,0,0,0,0,0,0,0,0,0,0,0,0,0,0,0,0,ABANDONED,false,R0
103Y2KZXXyLTKqFfHA-BgLeag,2025-10-08 16:05:53.238576 UTC,2025-10-08 16:08:26.247601 UTC,12,2025-10-08T16:05:53+00:00|2025-10-08T16:05:58+00:00|2025-10-08T16:06:08+00:00|2025-10-08T16:06:27+00:00|2025-10-08T16:06:46+00:00|2025-10-08T16:06:58+00:00|2025-10-08T16:07:02+00:00|2025-10-08T16:07:20+00:00|2025-10-08T16:07:39+00:00|2025-10-08T16:07:55+00:00|2025-10-08T16:08:09+00:00|2025-10-08T16:08:26+00:00,,$session.params.escalate,,,,,,ABANDONED,false,0,0,0,0,0,0,0,0,0,0,0,0,0,0,0,0,0,0,0,0,0,0,0,0,0,0,0,0,ABANDONED,false,R0
081GVebaKkVTIq4IBvmhbUshQ,2025-10-08 16:10:07.523563 UTC,2025-10-08 16:11:53.855002 UTC,7,2025-10-08T16:10:07+00:00|2025-10-08T16:10:12+00:00|2025-10-08T16:10:24+00:00|2025-10-08T16:10:48+00:00|2025-10-08T16:11:09+00:00|2025-10-08T16:11:33+00:00|2025-10-08T16:11:53+00:00,,,,,,,,ABANDONED,false,0,0,0,0,0,0,0,0,0,0,0,0,0,0,0,0,0,0,0,0,0,0,0,0,0,0,0,0,ABANDONED,false,R0
103afLjJ5wtTOKA-KPk43lZjg,2025-10-08 16:21:11.16847 UTC,2025-10-08 16:26:12.293311 UTC,19,2025-10-08T16:21:11+00:00|2025-10-08T16:21:17+00:00|2025-10-08T16:21:29+00:00|2025-10-08T16:21:53+00:00|2025-10-08T16:22:16+00:00|2025-10-08T16:22:34+00:00|2025-10-08T16:22:45+00:00|2025-10-08T16:22:57+00:00|2025-10-08T16:23:12+00:00|2025-10-08T16:23:33+00:00|2025-10-08T16:23:53+00:00|2025-10-08T16:24:13+00:00|2025-10-08T16:24:35+00:00|2025-10-08T16:24:56+00:00|2025-10-08T16:25:20+00:00|2025-10-08T16:25:33+00:00|2025-10-08T16:25:43+00:00|2025-10-08T16:25:55+00:00|2025-10-08T16:26:12+00:00,,$session.params.escalate,,,,,,ABANDONED,false,0,0,0,0,0,0,0,0,0,0,0,0,0,0,0,0,0,0,0,0,0,0,0,0,0,0,0,0,ABANDONED,false,R0
081ED1Ur4WLT7mxIMQMg0KQcQ,2025-10-08 16:39:08.841242 UTC,2025-10-08 16:43:38.735896 UTC,17,2025-10-08T16:39:08+00:00|2025-10-08T16:39:15+00:00|2025-10-08T16:39:26+00:00|2025-10-08T16:39:48+00:00|2025-10-08T16:40:08+00:00|2025-10-08T16:40:29+00:00|2025-10-08T16:40:48+00:00|2025-10-08T16:41:06+00:00|2025-10-08T16:41:24+00:00|2025-10-08T16:41:48+00:00|2025-10-08T16:42:06+00:00|2025-10-08T16:42:13+00:00|2025-10-08T16:42:32+00:00|2025-10-08T16:42:44+00:00|2025-10-08T16:43:01+00:00|2025-10-08T16:43:30+00:00|2025-10-08T16:43:38+00:00,,,,,,,,ABANDONED,false,0,0,0,0,0,0,0,0,0,0,0,0,0,0,0,0,0,0,0,0,0,0,0,0,0,0,0,0,ABANDONED,false,R0
065JZeHPxJvSYusJednhXnfiA,2025-10-08 17:24:48.101591 UTC,2025-10-08 17:27:28.986057 UTC,9,2025-10-08T17:24:48+00:00|2025-10-08T17:24:54+00:00|2025-10-08T17:25:05+00:00|2025-10-08T17:25:33+00:00|2025-10-08T17:25:59+00:00|2025-10-08T17:26:20+00:00|2025-10-08T17:26:41+00:00|2025-10-08T17:27:03+00:00|2025-10-08T17:27:28+00:00,,,,,,,,ABANDONED,false,0,0,0,0,0,0,0,0,0,0,0,0,0,0,0,0,0,0,0,0,0,0,0,0,0,0,0,0,ABANDONED,false,R0
103TyRtvA76TgmAXPlpsPe_qg,2025-10-08 17:28:31.270892 UTC,2025-10-08 17:31:49.679693 UTC,14,2025-10-08T17:28:31+00:00|2025-10-08T17:28:37+00:00|2025-10-08T17:28:48+00:00|2025-10-08T17:29:10+00:00|2025-10-08T17:29:20+00:00|2025-10-08T17:29:43+00:00|2025-10-08T17:30:03+00:00|2025-10-08T17:30:22+00:00|2025-10-08T17:30:45+00:00|2025-10-08T17:30:55+00:00|2025-10-08T17:31:04+00:00|2025-10-08T17:31:17+00:00|2025-10-08T17:31:33+00:00|2025-10-08T17:31:49+00:00,,true,,,,,,ABANDONED,false,0,0,0,0,0,0,0,0,0,0,0,0,0,0,0,0,0,0,0,0,0,0,0,0,0,0,0,0,ABANDONED,false,R0
119H2lThnI8TYuIjpaXKDXkNw,2025-10-08 17:38:40.04212 UTC,2025-10-08 17:41:31.008281 UTC,11,2025-10-08T17:38:40+00:00|2025-10-08T17:38:46+00:00|2025-10-08T17:38:57+00:00|2025-10-08T17:39:20+00:00|2025-10-08T17:39:41+00:00|2025-10-08T17:39:59+00:00|2025-10-08T17:40:04+00:00|2025-10-08T17:40:22+00:00|2025-10-08T17:40:40+00:00|2025-10-08T17:41:09+00:00|2025-10-08T17:41:31+00:00,,,,,,,,ABANDONED,false,0,0,0,0,0,0,0,0,0,0,0,0,0,0,0,0,0,0,0,0,0,0,0,0,0,0,0,0,ABANDONED,false,R0
081jzLJKKMCRQaNRrbcmO8FlQ,2025-10-08 17:42:15.170004 UTC,2025-10-08 17:42:15.170004 UTC,1,2025-10-08T17:42:15+00:00,,,,,,,,ABANDONED,false,0,0,0,0,0,0,0,0,0,0,0,0,0,0,0,0,0,0,0,0,0,0,0,0,0,0,0,0,ABANDONED,false,R0
119WbxpKBlXQWesJdULK7h-jw,2025-10-08 17:42:54.124134 UTC,2025-10-08 17:43:52.689017 UTC,5,2025-10-08T17:42:54+00:00|2025-10-08T17:42:59+00:00|2025-10-08T17:43:10+00:00|2025-10-08T17:43:33+00:00|2025-10-08T17:43:52+00:00,,,,,,,,ABANDONED,false,0,0,0,0,0,0,0,0,0,0,0,0,0,0,0,0,0,0,0,0,0,0,0,0,0,0,0,0,ABANDONED,false,R0
065pnGmvyNzR76IemFebpFxFA,2025-10-08 17:47:53.791783 UTC,2025-10-08 17:50:57.957003 UTC,12,2025-10-08T17:47:53+00:00|2025-10-08T17:47:58+00:00|2025-10-08T17:48:10+00:00|2025-10-08T17:48:31+00:00|2025-10-08T17:48:50+00:00|2025-10-08T17:49:05+00:00|2025-10-08T17:49:23+00:00|2025-10-08T17:49:41+00:00|2025-10-08T17:50:02+00:00|2025-10-08T17:50:21+00:00|2025-10-08T17:50:32+00:00|2025-10-08T17:50:57+00:00,,$session.params.escalate,,,,,,ABANDONED,false,0,0,0,0,0,0,0,0,0,0,0,0,0,0,0,0,0,0,0,0,0,0,0,0,0,0,0,0,ABANDONED,false,R0
119TXPi6GZ0S460e8--nX3Ivw,2025-10-08 17:54:47.310473 UTC,2025-10-08 17:57:15.225471 UTC,11,2025-10-08T17:54:47+00:00|2025-10-08T17:54:53+00:00|2025-10-08T17:55:03+00:00|2025-10-08T17:55:20+00:00|2025-10-08T17:55:38+00:00|2025-10-08T17:55:59+00:00|2025-10-08T17:56:18+00:00|2025-10-08T17:56:32+00:00|2025-10-08T17:56:51+00:00|2025-10-08T17:56:59+00:00|2025-10-08T17:57:15+00:00,,,,,,,,ABANDONED,false,0,0,0,0,0,0,0,0,0,0,0,0,0,0,0,0,0,0,0,0,0,0,0,0,0,0,0,0,ABANDONED,false,R0
081whja1Ab-T7Sf0EZd26ZjYQ,2025-10-08 18:07:28.063098 UTC,2025-10-08 18:09:29.632735 UTC,9,2025-10-08T18:07:28+00:00|2025-10-08T18:07:33+00:00|2025-10-08T18:07:44+00:00|2025-10-08T18:08:09+00:00|2025-10-08T18:08:30+00:00|2025-10-08T18:08:49+00:00|2025-10-08T18:09:02+00:00|2025-10-08T18:09:15+00:00|2025-10-08T18:09:29+00:00,,$session.params.escalate,,,,,,ABANDONED,false,0,0,0,0,0,0,0,0,0,0,0,0,0,0,0,0,0,0,0,0,0,0,0,0,0,0,0,0,ABANDONED,false,R0
119RC33ntIPRyadq6f7Bsyjiw,2025-10-08 18:11:47.299677 UTC,2025-10-08 18:12:53.562256 UTC,6,2025-10-08T18:11:47+00:00|2025-10-08T18:11:52+00:00|2025-10-08T18:12:05+00:00|2025-10-08T18:12:21+00:00|2025-10-08T18:12:41+00:00|2025-10-08T18:12:53+00:00,,,,,,,,ABANDONED,false,0,0,0,0,0,0,0,0,0,0,0,0,0,0,0,0,0,0,0,0,0,0,0,0,0,0,0,0,ABANDONED,false,R0
0650jHEyH2PQ76GK5jO3tE4cA,2025-10-08 18:15:09.365265 UTC,2025-10-08 18:19:55.908174 UTC,17,2025-10-08T18:15:09+00:00|2025-10-08T18:15:15+00:00|2025-10-08T18:15:26+00:00|2025-10-08T18:15:49+00:00|2025-10-08T18:16:09+00:00|2025-10-08T18:16:35+00:00|2025-10-08T18:16:44+00:00|2025-10-08T18:17:03+00:00|2025-10-08T18:17:27+00:00|2025-10-08T18:17:46+00:00|2025-10-08T18:18:11+00:00|2025-10-08T18:18:32+00:00|2025-10-08T18:18:43+00:00|2025-10-08T18:19:00+00:00|2025-10-08T18:19:26+00:00|2025-10-08T18:19:44+00:00|2025-10-08T18:19:55+00:00,,,,,,,,ABANDONED,false,0,0,0,0,0,0,0,0,0,0,0,0,0,0,0,0,0,0,0,0,0,0,0,0,0,0,0,0,ABANDONED,false,R0
103EZ30SngDSsia1Xu9J6jFlg,2025-10-08 18:28:13.487985 UTC,2025-10-08 18:30:45.15703 UTC,9,2025-10-08T18:28:13+00:00|2025-10-08T18:28:19+00:00|2025-10-08T18:28:31+00:00|2025-10-08T18:28:48+00:00|2025-10-08T18:29:10+00:00|2025-10-08T18:29:36+00:00|2025-10-08T18:29:57+00:00|2025-10-08T18:30:20+00:00|2025-10-08T18:30:45+00:00,,$session.params.escalate,,,,,,ABANDONED,false,0,0,0,0,0,0,0,0,0,0,0,0,0,0,0,0,0,0,0,0,0,0,0,0,0,0,0,0,ABANDONED,false,R0
081r-ZJTo76T1ye4h9bHaN2ZQ,2025-10-08 18:33:19.95474 UTC,2025-10-08 18:35:45.03325 UTC,8,2025-10-08T18:33:19+00:00|2025-10-08T18:33:25+00:00|2025-10-08T18:33:37+00:00|2025-10-08T18:33:55+00:00|2025-10-08T18:34:18+00:00|2025-10-08T18:34:42+00:00|2025-10-08T18:35:04+00:00|2025-10-08T18:35:45+00:00,,$session.params.escalate,,,,,,ABANDONED,false,0,0,0,0,0,0,0,0,0,0,0,0,0,0,0,0,0,0,0,0,0,0,0,0,0,0,0,0,ABANDONED,false,R0
065BYNfmPvjQwyA_IqsjMSxrA,2025-10-08 18:43:47.870893 UTC,2025-10-08 18:43:53.288672 UTC,2,2025-10-08T18:43:47+00:00|2025-10-08T18:43:53+00:00,,,,,,,,ABANDONED,false,0,0,0,0,0,0,0,0,0,0,0,0,0,0,0,0,0,0,0,0,0,0,0,0,0,0,0,0,ABANDONED,false,R0
081dgxnjfiKTvyqq_awcC6CoQ,2025-10-08 18:45:07.051616 UTC,2025-10-08 18:48:21.285816 UTC,11,2025-10-08T18:45:07+00:00|2025-10-08T18:45:12+00:00|2025-10-08T18:45:25+00:00|2025-10-08T18:45:43+00:00|2025-10-08T18:46:07+00:00|2025-10-08T18:46:31+00:00|2025-10-08T18:46:52+00:00|2025-10-08T18:47:13+00:00|2025-10-08T18:47:35+00:00|2025-10-08T18:47:58+00:00|2025-10-08T18:48:21+00:00,,,,,,,,ABANDONED,false,0,0,0,0,0,0,0,0,0,0,0,0,0,0,0,0,0,0,0,0,0,0,0,0,0,0,0,0,ABANDONED,false,R0
9cdd9a5f-866e-4531-a388-47923793bc5c,2025-10-08 19:29:24.531598 UTC,2025-10-08 19:31:27.982875 UTC,13,2025-10-08T19:29:24+00:00|2025-10-08T19:29:38+00:00|2025-10-08T19:29:49+00:00|2025-10-08T19:29:54+00:00|2025-10-08T19:30:04+00:00|2025-10-08T19:30:11+00:00|2025-10-08T19:30:24+00:00|2025-10-08T19:30:31+00:00|2025-10-08T19:30:40+00:00|2025-10-08T19:30:58+00:00|2025-10-08T19:31:13+00:00|2025-10-08T19:31:20+00:00|2025-10-08T19:31:27+00:00,America/Los_Angeles,,,,,,,ABANDONED,false,0,0,0,0,0,0,0,0,0,0,0,0,0,0,0,0,0,0,0,0,0,0,0,0,0,0,0,0,ABANDONED,false,R0
db51c6d3-8197-4775-8e34-401567cb0723,2025-10-08 19:32:08.561425 UTC,2025-10-08 19:32:35.515752 UTC,13,2025-10-08T19:32:08+00:00|2025-10-08T19:32:10+00:00|2025-10-08T19:32:11+00:00|2025-10-08T19:32:12+00:00|2025-10-08T19:32:15+00:00|2025-10-08T19:32:18+00:00|2025-10-08T19:32:19+00:00|2025-10-08T19:32:22+00:00|2025-10-08T19:32:23+00:00|2025-10-08T19:32:25+00:00|2025-10-08T19:32:27+00:00|2025-10-08T19:32:33+00:00|2025-10-08T19:32:35+00:00,America/Los_Angeles,,,,,,,ABANDONED,false,0,0,0,0,0,0,0,0,0,0,0,0,0,0,0,0,0,0,0,0,0,0,0,0,0,0,0,0,ABANDONED,false,R0
ba420adb-9396-4b15-a145-7e004cac2852,2025-10-08 19:33:48.607886 UTC,2025-10-08 19:34:11.164908 UTC,13,2025-10-08T19:33:48+00:00|2025-10-08T19:33:50+00:00|2025-10-08T19:33:51+00:00|2025-10-08T19:33:52+00:00|2025-10-08T19:33:55+00:00|2025-10-08T19:33:57+00:00|2025-10-08T19:33:58+00:00|2025-10-08T19:34:02+00:00|2025-10-08T19:34:03+00:00|2025-10-08T19:34:05+00:00|2025-10-08T19:34:07+00:00|2025-10-08T19:34:09+00:00|2025-10-08T19:34:11+00:00,America/Los_Angeles,,,,,,,ABANDONED,false,0,0,0,0,0,0,0,0,0,0,0,0,0,0,0,0,0,0,0,0,0,0,0,0,0,0,0,0,ABANDONED,false,R0
58e4e073-e599-4887-984f-9773775456fc,2025-10-08 19:49:56.75756 UTC,2025-10-08 19:50:18.902049 UTC,13,2025-10-08T19:49:56+00:00|2025-10-08T19:49:59+00:00|2025-10-08T19:50:00+00:00|2025-10-08T19:50:02+00:00|2025-10-08T19:50:04+00:00|2025-10-08T19:50:06+00:00|2025-10-08T19:50:07+00:00|2025-10-08T19:50:10+00:00|2025-10-08T19:50:11+00:00|2025-10-08T19:50:13+00:00|2025-10-08T19:50:14+00:00|2025-10-08T19:50:17+00:00|2025-10-08T19:50:18+00:00,America/Los_Angeles,,,,,,,ABANDONED,false,0,0,0,0,0,0,0,0,0,0,0,0,0,0,0,0,0,0,0,0,0,0,0,0,0,0,0,0,ABANDONED,false,R0
1369de6e-61ba-48c7-8ba6-aa0c06f04bbe,2025-10-08 19:50:23.834648 UTC,2025-10-08 19:50:46.540202 UTC,13,2025-10-08T19:50:23+00:00|2025-10-08T19:50:26+00:00|2025-10-08T19:50:27+00:00|2025-10-08T19:50:28+00:00|2025-10-08T19:50:30+00:00|2025-10-08T19:50:33+00:00|2025-10-08T19:50:34+00:00|2025-10-08T19:50:37+00:00|2025-10-08T19:50:38+00:00|2025-10-08T19:50:40+00:00|2025-10-08T19:50:42+00:00|2025-10-08T19:50:44+00:00|2025-10-08T19:50:46+00:00,America/Los_Angeles,,,,,,,ABANDONED,false,0,0,0,0,0,0,0,0,0,0,0,0,0,0,0,0,0,0,0,0,0,0,0,0,0,0,0,0,ABANDONED,false,R0
29aedfff-7364-434e-927c-fc02f83416bd,2025-10-08 19:51:31.429911 UTC,2025-10-08 19:51:52.334357 UTC,13,2025-10-08T19:51:31+00:00|2025-10-08T19:51:33+00:00|2025-10-08T19:51:34+00:00|2025-10-08T19:51:35+00:00|2025-10-08T19:51:37+00:00|2025-10-08T19:51:40+00:00|2025-10-08T19:51:41+00:00|2025-10-08T19:51:43+00:00|2025-10-08T19:51:44+00:00|2025-10-08T19:51:46+00:00|2025-10-08T19:51:48+00:00|2025-10-08T19:51:50+00:00|2025-10-08T19:51:52+00:00,America/Los_Angeles,,,,,,,ABANDONED,false,0,0,0,0,0,0,0,0,0,0,0,0,0,0,0,0,0,0,0,0,0,0,0,0,0,0,0,0,ABANDONED,false,R0
b5c9a24d-0f2d-4c4c-8722-b939d1bc359e,2025-10-08 19:57:20.300457 UTC,2025-10-08 19:57:42.53826 UTC,13,2025-10-08T19:57:20+00:00|2025-10-08T19:57:22+00:00|2025-10-08T19:57:23+00:00|2025-10-08T19:57:24+00:00|2025-10-08T19:57:26+00:00|2025-10-08T19:57:29+00:00|2025-10-08T19:57:31+00:00|2025-10-08T19:57:33+00:00|2025-10-08T19:57:34+00:00|2025-10-08T19:57:37+00:00|2025-10-08T19:57:38+00:00|2025-10-08T19:57:40+00:00|2025-10-08T19:57:42+00:00,America/Los_Angeles,,,,,,,ABANDONED,false,0,0,0,0,0,0,0,0,0,0,0,0,0,0,0,0,0,0,0,0,0,0,0,0,0,0,0,0,ABANDONED,false,R0
fee50d51-89ba-4955-bb6d-e339ed778028,2025-10-08 19:58:53.799615 UTC,2025-10-08 19:59:17.950057 UTC,13,2025-10-08T19:58:53+00:00|2025-10-08T19:58:55+00:00|2025-10-08T19:58:56+00:00|2025-10-08T19:58:58+00:00|2025-10-08T19:59:00+00:00|2025-10-08T19:59:03+00:00|2025-10-08T19:59:04+00:00|2025-10-08T19:59:08+00:00|2025-10-08T19:59:09+00:00|2025-10-08T19:59:11+00:00|2025-10-08T19:59:13+00:00|2025-10-08T19:59:16+00:00|2025-10-08T19:59:17+00:00,America/Los_Angeles,,,,,,,ABANDONED,false,0,0,0,0,0,0,0,0,0,0,0,0,0,0,0,0,0,0,0,0,0,0,0,0,0,0,0,0,ABANDONED,false,R0
45671abd-4451-41cb-a80f-ba80bcb1225b,2025-10-08 20:00:21.258099 UTC,2025-10-08 20:00:45.004226 UTC,13,2025-10-08T20:00:21+00:00|2025-10-08T20:00:23+00:00|2025-10-08T20:00:24+00:00|2025-10-08T20:00:26+00:00|2025-10-08T20:00:28+00:00|2025-10-08T20:00:30+00:00|2025-10-08T20:00:31+00:00|2025-10-08T20:00:34+00:00|2025-10-08T20:00:36+00:00|2025-10-08T20:00:38+00:00|2025-10-08T20:00:40+00:00|2025-10-08T20:00:43+00:00|2025-10-08T20:00:45+00:00,America/Los_Angeles,,,,,,,ABANDONED,false,0,0,0,0,0,0,0,0,0,0,0,0,0,0,0,0,0,0,0,0,0,0,0,0,0,0,0,0,ABANDONED,false,R0
5b8c25a4-6d5b-4b2b-9778-28d43cf62dcc,2025-10-08 20:13:00.271839 UTC,2025-10-08 20:13:23.661698 UTC,13,2025-10-08T20:13:00+00:00|2025-10-08T20:13:02+00:00|2025-10-08T20:13:04+00:00|2025-10-08T20:13:05+00:00|2025-10-08T20:13:07+00:00|2025-10-08T20:13:10+00:00|2025-10-08T20:13:11+00:00|2025-10-08T20:13:14+00:00|2025-10-08T20:13:15+00:00|2025-10-08T20:13:17+00:00|2025-10-08T20:13:19+00:00|2025-10-08T20:13:22+00:00|2025-10-08T20:13:23+00:00,America/Los_Angeles,,,,,,,ABANDONED,false,0,0,0,0,0,0,0,0,0,0,0,0,0,0,0,0,0,0,0,0,0,0,0,0,0,0,0,0,ABANDONED,false,R0
14e19591-c4d9-4054-87a0-5d8b56f21d6f,2025-10-08 21:13:53.462925 UTC,2025-10-08 21:14:50.738065 UTC,5,2025-10-08T21:13:53+00:00|2025-10-08T21:14:17+00:00|2025-10-08T21:14:27+00:00|2025-10-08T21:14:34+00:00|2025-10-08T21:14:50+00:00,America/Los_Angeles,,,,,,,ABANDONED,false,0,0,0,0,0,0,0,0,0,0,0,0,0,0,0,0,0,0,0,0,0,0,0,0,0,0,0,0,ABANDONED,false,R0
7a97a425-545b-4c0f-9926-5176e8d1cf90,2025-10-08 21:16:24.729938 UTC,2025-10-08 21:16:32.538783 UTC,5,2025-10-08T21:16:24+00:00|2025-10-08T21:16:27+00:00|2025-10-08T21:16:29+00:00|2025-10-08T21:16:30+00:00|2025-10-08T21:16:32+00:00,America/Los_Angeles,,,,,,,ABANDONED,false,0,0,0,0,0,0,0,0,0,0,0,0,0,0,0,0,0,0,0,0,0,0,0,0,0,0,0,0,ABANDONED,false,R0
d77cd5bb-0a39-48d0-83c9-626d4df30677,2025-10-08 21:20:45.983485 UTC,2025-10-08 21:20:53.923474 UTC,5,2025-10-08T21:20:45+00:00|2025-10-08T21:20:48+00:00|2025-10-08T21:20:50+00:00|2025-10-08T21:20:51+00:00|2025-10-08T21:20:53+00:00,America/Los_Angeles,,,,,,,ABANDONED,false,0,0,0,0,0,0,0,0,0,0,0,0,0,0,0,0,0,0,0,0,0,0,0,0,0,0,0,0,ABANDONED,false,R0
119HS-gNQY8ROOGuOtD2r3p8w,2025-10-08 21:21:56.395828 UTC,2025-10-08 21:23:13.85883 UTC,7,2025-10-08T21:21:56+00:00|2025-10-08T21:22:02+00:00|2025-10-08T21:22:13+00:00|2025-10-08T21:22:29+00:00|2025-10-08T21:22:43+00:00|2025-10-08T21:23:05+00:00|2025-10-08T21:23:13+00:00,,,,,,,,ABANDONED,false,0,0,0,0,0,0,0,0,0,0,0,0,0,0,0,0,0,0,0,0,0,0,0,0,0,0,0,0,ABANDONED,false,R0
119W8VfweN8RAe6f9Qdcx7lCw,2025-10-08 21:23:55.78768 UTC,2025-10-08 21:25:31.303515 UTC,7,2025-10-08T21:23:55+00:00|2025-10-08T21:24:11+00:00|2025-10-08T21:24:29+00:00|2025-10-08T21:24:44+00:00|2025-10-08T21:25:09+00:00|2025-10-08T21:25:25+00:00|2025-10-08T21:25:31+00:00,,,,,,,,ABANDONED,false,0,0,0,0,0,0,0,0,0,0,0,0,0,0,0,0,0,0,0,0,0,0,0,0,0,0,0,0,ABANDONED,false,R0
ad787d76-675e-4f65-9bc9-ca1a9a05667e,2025-10-08 21:30:20.85495 UTC,2025-10-08 21:31:40.98041 UTC,7,2025-10-08T21:30:20+00:00|2025-10-08T21:30:24+00:00|2025-10-08T21:30:29+00:00|2025-10-08T21:30:32+00:00|2025-10-08T21:30:45+00:00|2025-10-08T21:31:33+00:00|2025-10-08T21:31:40+00:00,America/Los_Angeles,false,false,,,false,,ABANDONED,false,0,0,0,0,0,0,0,0,0,0,0,0,0,0,0,0,0,0,0,0,0,0,0,0,0,0,0,0,ABANDONED,false,R0
d153789e-ef97-4b13-b204-90bde87898f5,2025-10-08 21:34:26.484643 UTC,2025-10-08 21:35:47.488122 UTC,9,2025-10-08T21:34:26+00:00|2025-10-08T21:34:30+00:00|2025-10-08T21:34:42+00:00|2025-10-08T21:34:43+00:00|2025-10-08T21:34:49+00:00|2025-10-08T21:34:54+00:00|2025-10-08T21:35:02+00:00|2025-10-08T21:35:39+00:00|2025-10-08T21:35:47+00:00,America/Los_Angeles,,,,,,,ABANDONED,false,0,0,0,0,0,0,0,0,0,0,0,0,0,0,0,0,0,0,0,0,0,0,0,0,0,0,0,0,ABANDONED,false,R0
cca72626-9b5b-4c88-9cea-350f1250497a,2025-10-08 21:36:40.367076 UTC,2025-10-08 21:37:32.261899 UTC,13,2025-10-08T21:36:40+00:00|2025-10-08T21:36:42+00:00|2025-10-08T21:36:44+00:00|2025-10-08T21:36:44+00:00|2025-10-08T21:36:46+00:00|2025-10-08T21:36:49+00:00|2025-10-08T21:36:50+00:00|2025-10-08T21:36:51+00:00|2025-10-08T21:36:53+00:00|2025-10-08T21:37:10+00:00|2025-10-08T21:37:25+00:00|2025-10-08T21:37:27+00:00|2025-10-08T21:37:32+00:00,America/Los_Angeles,,,,,,,ABANDONED,false,0,0,0,0,0,0,0,0,0,0,0,0,0,0,0,0,0,0,0,0,0,0,0,0,0,0,0,0,ABANDONED,false,R0
9bf71ad9-92fd-4181-a415-8c0bdc87aabc,2025-10-08 21:37:48.58307 UTC,2025-10-08 21:38:10.313896 UTC,13,2025-10-08T21:37:48+00:00|2025-10-08T21:37:50+00:00|2025-10-08T21:37:52+00:00|2025-10-08T21:37:53+00:00|2025-10-08T21:37:55+00:00|2025-10-08T21:37:58+00:00|2025-10-08T21:37:58+00:00|2025-10-08T21:38:00+00:00|2025-10-08T21:38:02+00:00|2025-10-08T21:38:03+00:00|2025-10-08T21:38:06+00:00|2025-10-08T21:38:07+00:00|2025-10-08T21:38:10+00:00,America/Los_Angeles,,,,,,,ABANDONED,false,0,0,0,0,0,0,0,0,0,0,0,0,0,0,0,0,0,0,0,0,0,0,0,0,0,0,0,0,ABANDONED,false,R0
3e00e660-5b99-4fd5-af10-bcab7683676a,2025-10-08 21:38:23.713231 UTC,2025-10-08 21:56:17.105798 UTC,12,2025-10-08T21:38:23+00:00|2025-10-08T21:52:40+00:00|2025-10-08T21:52:45+00:00|2025-10-08T21:52:53+00:00|2025-10-08T21:53:04+00:00|2025-10-08T21:53:20+00:00|2025-10-08T21:53:25+00:00|2025-10-08T21:53:31+00:00|2025-10-08T21:53:42+00:00|2025-10-08T21:56:07+00:00|2025-10-08T21:56:11+00:00|2025-10-08T21:56:17+00:00,America/Los_Angeles,,,,,,,ABANDONED,false,0,0,0,0,0,0,0,0,0,0,0,0,0,0,0,0,0,0,0,0,0,0,0,0,0,0,0,0,ABANDONED,false,R0
5e602241-4dbf-4d02-bbd7-eaf59f0d7526,2025-10-08 21:59:19.241696 UTC,2025-10-08 21:59:35.605816 UTC,12,2025-10-08T21:59:19+00:00|2025-10-08T21:59:21+00:00|2025-10-08T21:59:22+00:00|2025-10-08T21:59:22+00:00|2025-10-08T21:59:24+00:00|2025-10-08T21:59:26+00:00|2025-10-08T21:59:28+00:00|2025-10-08T21:59:29+00:00|2025-10-08T21:59:31+00:00|2025-10-08T21:59:32+00:00|2025-10-08T21:59:33+00:00|2025-10-08T21:59:35+00:00,America/Los_Angeles,,,,,,,ABANDONED,false,0,0,0,0,0,0,0,0,0,0,0,0,0,0,0,0,0,0,0,0,0,0,0,0,0,0,0,0,ABANDONED,false,R0
f5330d04-de5f-4921-9b6c-ad6ff2045e62,2025-10-08 21:59:45.461557 UTC,2025-10-08 22:00:01.576954 UTC,12,2025-10-08T21:59:45+00:00|2025-10-08T21:59:47+00:00|2025-10-08T21:59:48+00:00|2025-10-08T21:59:48+00:00|2025-10-08T21:59:50+00:00|2025-10-08T21:59:52+00:00|2025-10-08T21:59:54+00:00|2025-10-08T21:59:55+00:00|2025-10-08T21:59:57+00:00|2025-10-08T21:59:58+00:00|2025-10-08T21:59:59+00:00|2025-10-08T22:00:01+00:00,America/Los_Angeles,,,,,,,ABANDONED,false,0,0,0,0,0,0,0,0,0,0,0,0,0,0,0,0,0,0,0,0,0,0,0,0,0,0,0,0,ABANDONED,false,R0
38c6b346-fdf3-4298-95e9-42bd0f579f0b,2025-10-08 22:00:18.651811 UTC,2025-10-08 22:01:16.317663 UTC,11,2025-10-08T22:00:18+00:00|2025-10-08T22:00:22+00:00|2025-10-08T22:00:26+00:00|2025-10-08T22:00:28+00:00|2025-10-08T22:00:54+00:00|2025-10-08T22:00:59+00:00|2025-10-08T22:01:02+00:00|2025-10-08T22:01:05+00:00|2025-10-08T22:01:07+00:00|2025-10-08T22:01:11+00:00|2025-10-08T22:01:16+00:00,America/Los_Angeles,,,,,,,ABANDONED,false,0,0,0,0,0,0,0,0,0,0,0,0,0,0,0,0,0,0,0,0,0,0,0,0,0,0,0,0,ABANDONED,false,R0
23759f31-6804-4c87-a72d-48ea14e23138,2025-10-08 22:01:56.045964 UTC,2025-10-08 22:02:12.916619 UTC,11,2025-10-08T22:01:56+00:00|2025-10-08T22:01:57+00:00|2025-10-08T22:01:59+00:00|2025-10-08T22:02:00+00:00|2025-10-08T22:02:02+00:00|2025-10-08T22:02:04+00:00|2025-10-08T22:02:05+00:00|2025-10-08T22:02:07+00:00|2025-10-08T22:02:08+00:00|2025-10-08T22:02:11+00:00|2025-10-08T22:02:12+00:00,America/Los_Angeles,,,,,,,ABANDONED,false,0,0,0,0,0,0,0,0,0,0,0,0,0,0,0,0,0,0,0,0,0,0,0,0,0,0,0,0,ABANDONED,false,R0
e9d8cfa5-e5c9-42a5-9ca5-50405ccb26a8,2025-10-08 22:02:21.16218 UTC,2025-10-08 22:05:53.43008 UTC,11,2025-10-08T22:02:21+00:00|2025-10-08T22:02:23+00:00|2025-10-08T22:02:28+00:00|2025-10-08T22:02:31+00:00|2025-10-08T22:02:37+00:00|2025-10-08T22:02:41+00:00|2025-10-08T22:02:44+00:00|2025-10-08T22:05:43+00:00|2025-10-08T22:05:46+00:00|2025-10-08T22:05:50+00:00|2025-10-08T22:05:53+00:00,America/Los_Angeles,,,,,,,ABANDONED,false,0,0,0,0,0,0,0,0,0,0,0,0,0,0,0,0,0,0,0,0,0,0,0,0,0,0,0,0,ABANDONED,false,R0
19356487-c47d-4478-a163-0cae6f6866c7,2025-10-08 22:07:52.140867 UTC,2025-10-08 22:08:12.947725 UTC,9,2025-10-08T22:07:52+00:00|2025-10-08T22:07:54+00:00|2025-10-08T22:07:56+00:00|2025-10-08T22:08:00+00:00|2025-10-08T22:08:02+00:00|2025-10-08T22:08:05+00:00|2025-10-08T22:08:06+00:00|2025-10-08T22:08:09+00:00|2025-10-08T22:08:12+00:00,America/Los_Angeles,,,,,,,ABANDONED,false,0,0,0,0,0,0,0,0,0,0,0,0,0,0,0,0,0,0,0,0,0,0,0,0,0,0,0,0,ABANDONED,false,R0
57769a09-92f1-4a2a-9f87-e8445f665dd4,2025-10-08 22:08:16.274646 UTC,2025-10-08 22:08:31.185409 UTC,9,2025-10-08T22:08:16+00:00|2025-10-08T22:08:18+00:00|2025-10-08T22:08:20+00:00|2025-10-08T22:08:21+00:00|2025-10-08T22:08:23+00:00|2025-10-08T22:08:25+00:00|2025-10-08T22:08:27+00:00|2025-10-08T22:08:29+00:00|2025-10-08T22:08:31+00:00,America/Los_Angeles,,,,,,,ABANDONED,false,0,0,0,0,0,0,0,0,0,0,0,0,0,0,0,0,0,0,0,0,0,0,0,0,0,0,0,0,ABANDONED,false,R0
77cb214a-35d3-4059-8448-3ee2d42f378c,2025-10-08 22:16:33.268039 UTC,2025-10-08 22:17:42.120115 UTC,14,2025-10-08T22:16:33+00:00|2025-10-08T22:16:37+00:00|2025-10-08T22:16:42+00:00|2025-10-08T22:16:45+00:00|2025-10-08T22:16:52+00:00|2025-10-08T22:16:56+00:00|2025-10-08T22:16:59+00:00|2025-10-08T22:17:02+00:00|2025-10-08T22:17:07+00:00|2025-10-08T22:17:11+00:00|2025-10-08T22:17:17+00:00|2025-10-08T22:17:26+00:00|2025-10-08T22:17:32+00:00|2025-10-08T22:17:42+00:00,America/Los_Angeles,$session.params.escalate,,,,,,ABANDONED,false,0,0,0,0,0,0,0,0,0,0,0,0,0,0,0,0,0,0,0,0,0,0,0,0,0,0,0,0,ABANDONED,false,R0
119okOK5UD9RY2HuLNwBOA1fw,2025-10-09 07:37:12.66294 UTC,2025-10-09 07:38:55.576819 UTC,8,2025-10-09T07:37:12+00:00|2025-10-09T07:37:18+00:00|2025-10-09T07:37:30+00:00|2025-10-09T07:37:54+00:00|2025-10-09T07:38:07+00:00|2025-10-09T07:38:31+00:00|2025-10-09T07:38:49+00:00|2025-10-09T07:38:55+00:00,,false,false,,,false,,ABANDONED,false,0,0,0,0,0,0,0,0,0,0,0,0,0,0,0,0,0,0,0,0,0,0,0,0,0,0,0,0,ABANDONED,false,R0
081HZMW3li_RnmtKPoSEMAEqQ,2025-10-09 09:49:51.014403 UTC,2025-10-09 09:53:39.511372 UTC,15,2025-10-09T09:49:51+00:00|2025-10-09T09:49:57+00:00|2025-10-09T09:50:08+00:00|2025-10-09T09:50:29+00:00|2025-10-09T09:50:50+00:00|2025-10-09T09:51:15+00:00|2025-10-09T09:51:33+00:00|2025-10-09T09:51:49+00:00|2025-10-09T09:51:55+00:00|2025-10-09T09:52:13+00:00|2025-10-09T09:52:26+00:00|2025-10-09T09:52:50+00:00|2025-10-09T09:53:07+00:00|2025-10-09T09:53:25+00:00|2025-10-09T09:53:39+00:00,,false,false,,,false,,ABANDONED,false,0,0,0,0,0,0,0,0,0,0,0,0,0,0,0,0,0,0,0,0,0,0,0,0,0,0,0,0,ABANDONED,false,R0
065TRCBU7IMQaGrBXtYsfF-5A,2025-10-09 09:54:42.82542 UTC,2025-10-09 09:55:40.148336 UTC,5,2025-10-09T09:54:42+00:00|2025-10-09T09:54:48+00:00|2025-10-09T09:54:59+00:00|2025-10-09T09:55:32+00:00|2025-10-09T09:55:40+00:00,,true,,,,,,ABANDONED,false,0,0,0,0,0,0,0,0,0,0,0,0,0,0,0,0,0,0,0,0,0,0,0,0,0,0,0,0,ABANDONED,false,R0
081DX4mGQCWRWq8Yr4Y_xi_bQ,2025-10-09 10:04:31.358666 UTC,2025-10-09 10:05:31.401375 UTC,5,2025-10-09T10:04:31+00:00|2025-10-09T10:04:37+00:00|2025-10-09T10:04:48+00:00|2025-10-09T10:05:20+00:00|2025-10-09T10:05:31+00:00,,$session.params.escalate,,,,,,ABANDONED,false,0,0,0,0,0,0,0,0,0,0,0,0,0,0,0,0,0,0,0,0,0,0,0,0,0,0,0,0,ABANDONED,false,R0
103h1ESweutSPCwMYMZt2Breg,2025-10-09 10:06:38.802002 UTC,2025-10-09 10:07:35.247181 UTC,5,2025-10-09T10:06:38+00:00|2025-10-09T10:06:44+00:00|2025-10-09T10:06:55+00:00|2025-10-09T10:07:16+00:00|2025-10-09T10:07:35+00:00,,$session.params.escalate,,,,,,ABANDONED,false,0,0,0,0,0,0,0,0,0,0,0,0,0,0,0,0,0,0,0,0,0,0,0,0,0,0,0,0,ABANDONED,false,R0
065w8eS9IBJSyGHNbFNj9_mlA,2025-10-09 10:08:35.053083 UTC,2025-10-09 10:11:20.165599 UTC,9,2025-10-09T10:08:35+00:00|2025-10-09T10:08:41+00:00|2025-10-09T10:08:53+00:00|2025-10-09T10:09:13+00:00|2025-10-09T10:09:29+00:00|2025-10-09T10:09:57+00:00|2025-10-09T10:10:20+00:00|2025-10-09T10:11:10+00:00|2025-10-09T10:11:20+00:00,,true,,,,,,ABANDONED,false,0,0,0,0,0,0,0,0,0,0,0,0,0,0,0,0,0,0,0,0,0,0,0,0,0,0,0,0,ABANDONED,false,R0
103DT12FmPNTdW3w0JJwEHgig,2025-10-09 10:14:13.929931 UTC,2025-10-09 10:21:17.233643 UTC,22,2025-10-09T10:14:13+00:00|2025-10-09T10:14:19+00:00|2025-10-09T10:14:32+00:00|2025-10-09T10:15:26+00:00|2025-10-09T10:15:45+00:00|2025-10-09T10:15:54+00:00|2025-10-09T10:16:37+00:00|2025-10-09T10:16:45+00:00|2025-10-09T10:17:22+00:00|2025-10-09T10:17:37+00:00|2025-10-09T10:18:12+00:00|2025-10-09T10:18:25+00:00|2025-10-09T10:19:01+00:00|2025-10-09T10:19:10+00:00|2025-10-09T10:19:33+00:00|2025-10-09T10:19:48+00:00|2025-10-09T10:19:57+00:00|2025-10-09T10:20:08+00:00|2025-10-09T10:20:21+00:00|2025-10-09T10:20:43+00:00|2025-10-09T10:20:57+00:00|2025-10-09T10:21:17+00:00,,,,,,,,ABANDONED,false,0,0,0,0,0,0,0,0,0,0,0,0,0,0,0,0,0,0,0,0,0,0,0,0,0,0,0,0,ABANDONED,false,R0
080f6bad-d9f2-478b-a9da-916bf8a24b11,2025-10-09 10:34:40.331701 UTC,2025-10-09 10:41:43.290476 UTC,10,2025-10-09T10:34:40+00:00|2025-10-09T10:34:47+00:00|2025-10-09T10:38:23+00:00|2025-10-09T10:38:26+00:00|2025-10-09T10:38:51+00:00|2025-10-09T10:39:40+00:00|2025-10-09T10:39:47+00:00|2025-10-09T10:40:22+00:00|2025-10-09T10:40:27+00:00|2025-10-09T10:41:43+00:00,America/Los_Angeles,$session.params.escalate,,,,,,ABANDONED,false,0,0,0,0,0,0,0,0,0,0,0,0,0,0,0,0,0,0,0,0,0,0,0,0,0,0,0,0,ABANDONED,false,R0
ce67ee07-52f8-4a85-8933-84259ee8ae9e,2025-10-09 10:42:05.04373 UTC,2025-10-09 10:42:15.531632 UTC,9,2025-10-09T10:42:05+00:00|2025-10-09T10:42:06+00:00|2025-10-09T10:42:07+00:00|2025-10-09T10:42:08+00:00|2025-10-09T10:42:10+00:00|2025-10-09T10:42:13+00:00|2025-10-09T10:42:14+00:00|2025-10-09T10:42:14+00:00|2025-10-09T10:42:15+00:00,America/Los_Angeles,,,,,,,ABANDONED,false,0,0,0,0,0,0,0,0,0,0,0,0,0,0,0,0,0,0,0,0,0,0,0,0,0,0,0,0,ABANDONED,false,R0
217bfa53-1422-4315-931b-10b06ea304b7,2025-10-09 10:42:30.458451 UTC,2025-10-09 10:42:42.375027 UTC,9,2025-10-09T10:42:30+00:00|2025-10-09T10:42:32+00:00|2025-10-09T10:42:33+00:00|2025-10-09T10:42:34+00:00|2025-10-09T10:42:36+00:00|2025-10-09T10:42:39+00:00|2025-10-09T10:42:40+00:00|2025-10-09T10:42:41+00:00|2025-10-09T10:42:42+00:00,America/Los_Angeles,,,,,,,ABANDONED,false,0,0,0,0,0,0,0,0,0,0,0,0,0,0,0,0,0,0,0,0,0,0,0,0,0,0,0,0,ABANDONED,false,R0
33a5456a-d56f-404a-9e23-3ab972cedd1d,2025-10-09 10:42:47.941189 UTC,2025-10-09 10:48:26.59607 UTC,8,2025-10-09T10:42:47+00:00|2025-10-09T10:42:56+00:00|2025-10-09T10:43:12+00:00|2025-10-09T10:43:16+00:00|2025-10-09T10:43:48+00:00|2025-10-09T10:43:58+00:00|2025-10-09T10:48:18+00:00|2025-10-09T10:48:26+00:00,America/Los_Angeles,,,,,,,ABANDONED,false,0,0,0,0,0,0,0,0,0,0,0,0,0,0,0,0,0,0,0,0,0,0,0,0,0,0,0,0,ABANDONED,false,R0
53610c34-71a4-4e27-9882-e50755c2b8ac,2025-10-09 10:49:01.948425 UTC,2025-10-09 10:49:10.73311 UTC,6,2025-10-09T10:49:01+00:00|2025-10-09T10:49:03+00:00|2025-10-09T10:49:04+00:00|2025-10-09T10:49:05+00:00|2025-10-09T10:49:08+00:00|2025-10-09T10:49:10+00:00,America/Los_Angeles,,,,,,,ABANDONED,false,0,0,0,0,0,0,0,0,0,0,0,0,0,0,0,0,0,0,0,0,0,0,0,0,0,0,0,0,ABANDONED,false,R0
4f4597ba-6c73-422b-b7e9-d47b1548bcea,2025-10-09 10:50:13.962916 UTC,2025-10-09 10:50:49.836152 UTC,8,2025-10-09T10:50:13+00:00|2025-10-09T10:50:19+00:00|2025-10-09T10:50:20+00:00|2025-10-09T10:50:21+00:00|2025-10-09T10:50:23+00:00|2025-10-09T10:50:25+00:00|2025-10-09T10:50:41+00:00|2025-10-09T10:50:49+00:00,America/Los_Angeles,,,,,,,ABANDONED,false,0,0,0,0,0,0,0,0,0,0,0,0,0,0,0,0,0,0,0,0,0,0,0,0,0,0,0,0,ABANDONED,false,R0
103rFiuahvzRlC5fLkcfMtx6g,2025-10-09 10:51:50.580601 UTC,2025-10-09 10:54:05.181205 UTC,9,2025-10-09T10:51:50+00:00|2025-10-09T10:51:56+00:00|2025-10-09T10:52:07+00:00|2025-10-09T10:52:25+00:00|2025-10-09T10:52:47+00:00|2025-10-09T10:53:08+00:00|2025-10-09T10:53:28+00:00|2025-10-09T10:53:47+00:00|2025-10-09T10:54:05+00:00,,$session.params.escalate,,,,,,ABANDONED,false,0,0,0,0,0,0,0,0,0,0,0,0,0,0,0,0,0,0,0,0,0,0,0,0,0,0,0,0,ABANDONED,false,R0
0818PIHJVeJQCqptrx2GQCjJQ,2025-10-09 10:54:59.236132 UTC,2025-10-09 10:57:17.377128 UTC,9,2025-10-09T10:54:59+00:00|2025-10-09T10:55:05+00:00|2025-10-09T10:55:16+00:00|2025-10-09T10:55:34+00:00|2025-10-09T10:55:59+00:00|2025-10-09T10:56:20+00:00|2025-10-09T10:56:41+00:00|2025-10-09T10:57:00+00:00|2025-10-09T10:57:17+00:00,,$session.params.escalate,,,,,,ABANDONED,false,0,0,0,0,0,0,0,0,0,0,0,0,0,0,0,0,0,0,0,0,0,0,0,0,0,0,0,0,ABANDONED,false,R0
081s730SqNdSKCRvWepDgkYgQ,2025-10-09 11:04:34.481068 UTC,2025-10-09 11:08:20.548229 UTC,14,2025-10-09T11:04:34+00:00|2025-10-09T11:04:39+00:00|2025-10-09T11:04:51+00:00|2025-10-09T11:05:14+00:00|2025-10-09T11:05:35+00:00|2025-10-09T11:06:03+00:00|2025-10-09T11:06:18+00:00|2025-10-09T11:06:35+00:00|2025-10-09T11:06:46+00:00|2025-10-09T11:07:05+00:00|2025-10-09T11:07:18+00:00|2025-10-09T11:07:48+00:00|2025-10-09T11:08:12+00:00|2025-10-09T11:08:20+00:00,,$session.params.escalate,,,,,,ABANDONED,false,0,0,0,0,0,0,0,0,0,0,0,0,0,0,0,0,0,0,0,0,0,0,0,0,0,0,0,0,ABANDONED,false,R0
065wDFUWvBtS3ic6wJrXSaz4A,2025-10-09 11:33:02.694906 UTC,2025-10-09 11:36:25.120547 UTC,13,2025-10-09T11:33:02+00:00|2025-10-09T11:33:07+00:00|2025-10-09T11:33:18+00:00|2025-10-09T11:33:42+00:00|2025-10-09T11:34:05+00:00|2025-10-09T11:34:35+00:00|2025-10-09T11:34:47+00:00|2025-10-09T11:35:08+00:00|2025-10-09T11:35:22+00:00|2025-10-09T11:35:42+00:00|2025-10-09T11:35:56+00:00|2025-10-09T11:36:12+00:00|2025-10-09T11:36:25+00:00,,$session.params.escalate,,,,,,ABANDONED,false,0,0,0,0,0,0,0,0,0,0,0,0,0,0,0,0,0,0,0,0,0,0,0,0,0,0,0,0,ABANDONED,false,R0
103Nkm9VktnQnCtFDamFbhjBg,2025-10-09 11:49:23.841902 UTC,2025-10-09 11:53:59.064574 UTC,18,2025-10-09T11:49:23+00:00|2025-10-09T11:49:29+00:00|2025-10-09T11:49:39+00:00|2025-10-09T11:49:52+00:00|2025-10-09T11:50:12+00:00|2025-10-09T11:50:34+00:00|2025-10-09T11:51:09+00:00|2025-10-09T11:51:29+00:00|2025-10-09T11:51:42+00:00|2025-10-09T11:52:05+00:00|2025-10-09T11:52:18+00:00|2025-10-09T11:52:22+00:00|2025-10-09T11:52:38+00:00|2025-10-09T11:52:51+00:00|2025-10-09T11:53:04+00:00|2025-10-09T11:53:15+00:00|2025-10-09T11:53:39+00:00|2025-10-09T11:53:59+00:00,,,,,,,,ABANDONED,false,0,0,0,0,0,0,0,0,0,0,0,0,0,0,0,0,0,0,0,0,0,0,0,0,0,0,0,0,ABANDONED,false,R0
119-IysrbidTvuOxiBQvzeVdw,2025-10-09 11:55:47.110577 UTC,2025-10-09 11:58:35.448309 UTC,12,2025-10-09T11:55:47+00:00|2025-10-09T11:55:52+00:00|2025-10-09T11:56:03+00:00|2025-10-09T11:56:26+00:00|2025-10-09T11:56:46+00:00|2025-10-09T11:57:13+00:00|2025-10-09T11:57:33+00:00|2025-10-09T11:57:42+00:00|2025-10-09T11:58:05+00:00|2025-10-09T11:58:18+00:00|2025-10-09T11:58:30+00:00|2025-10-09T11:58:35+00:00,,$session.params.escalate,,,,,,ABANDONED,false,0,0,0,0,0,0,0,0,0,0,0,0,0,0,0,0,0,0,0,0,0,0,0,0,0,0,0,0,ABANDONED,false,R0
348d9472-2ea4-43d6-9406-760f6f3046e8,2025-10-09 12:22:26.32196 UTC,2025-10-09 12:23:49.490555 UTC,6,2025-10-09T12:22:26+00:00|2025-10-09T12:23:12+00:00|2025-10-09T12:23:18+00:00|2025-10-09T12:23:24+00:00|2025-10-09T12:23:37+00:00|2025-10-09T12:23:49+00:00,America/Los_Angeles,,,,,,,ABANDONED,false,0,0,0,0,0,0,0,0,0,0,0,0,0,0,0,0,0,0,0,0,0,0,0,0,0,0,0,0,ABANDONED,false,R0
4ac92ac6-514d-473b-850f-cd9c3deecebc,2025-10-09 12:24:31.862048 UTC,2025-10-09 12:27:21.180009 UTC,8,2025-10-09T12:24:31+00:00|2025-10-09T12:24:43+00:00|2025-10-09T12:25:06+00:00|2025-10-09T12:25:13+00:00|2025-10-09T12:25:26+00:00|2025-10-09T12:25:46+00:00|2025-10-09T12:26:38+00:00|2025-10-09T12:27:21+00:00,America/Los_Angeles,,,,,,,ABANDONED,false,0,0,0,0,0,0,0,0,0,0,0,0,0,0,0,0,0,0,0,0,0,0,0,0,0,0,0,0,ABANDONED,false,R0
6df49dac-3d41-4d5d-8661-f8a39ea59123,2025-10-09 12:27:29.884016 UTC,2025-10-09 12:32:56.47592 UTC,23,2025-10-09T12:27:29+00:00|2025-10-09T12:27:49+00:00|2025-10-09T12:27:55+00:00|2025-10-09T12:27:58+00:00|2025-10-09T12:28:12+00:00|2025-10-09T12:28:23+00:00|2025-10-09T12:28:52+00:00|2025-10-09T12:29:09+00:00|2025-10-09T12:29:35+00:00|2025-10-09T12:29:55+00:00|2025-10-09T12:30:08+00:00|2025-10-09T12:30:33+00:00|2025-10-09T12:30:48+00:00|2025-10-09T12:30:57+00:00|2025-10-09T12:31:12+00:00|2025-10-09T12:31:34+00:00|2025-10-09T12:31:41+00:00|2025-10-09T12:31:53+00:00|2025-10-09T12:32:03+00:00|2025-10-09T12:32:16+00:00|2025-10-09T12:32:38+00:00|2025-10-09T12:32:48+00:00|2025-10-09T12:32:56+00:00,America/Los_Angeles,,,,,,,ABANDONED,false,0,0,0,0,0,0,0,0,0,0,0,0,0,0,0,0,0,0,0,0,0,0,0,0,0,0,0,0,ABANDONED,false,R0
6a92ed64-615b-4c72-8b33-396166968a17,2025-10-09 13:35:07.942672 UTC,2025-10-09 13:35:52.66473 UTC,6,2025-10-09T13:35:07+00:00|2025-10-09T13:35:14+00:00|2025-10-09T13:35:22+00:00|2025-10-09T13:35:26+00:00|2025-10-09T13:35:41+00:00|2025-10-09T13:35:52+00:00,America/Los_Angeles,,,,,,,ABANDONED,false,0,0,0,0,0,0,0,0,0,0,0,0,0,0,0,0,0,0,0,0,0,0,0,0,0,0,0,0,ABANDONED,false,R0
f0bfd556-9a1c-48d2-8acb-ae8b065aa96b,2025-10-09 13:36:30.741313 UTC,2025-10-09 13:42:21.984901 UTC,17,2025-10-09T13:36:30+00:00|2025-10-09T13:36:33+00:00|2025-10-09T13:36:34+00:00|2025-10-09T13:36:35+00:00|2025-10-09T13:36:37+00:00|2025-10-09T13:36:39+00:00|2025-10-09T13:37:03+00:00|2025-10-09T13:37:17+00:00|2025-10-09T13:37:23+00:00|2025-10-09T13:37:32+00:00|2025-10-09T13:37:41+00:00|2025-10-09T13:37:53+00:00|2025-10-09T13:37:59+00:00|2025-10-09T13:38:15+00:00|2025-10-09T13:41:26+00:00|2025-10-09T13:41:33+00:00|2025-10-09T13:42:21+00:00,America/Los_Angeles,$session.params.escalate,,,,,,ABANDONED,false,0,0,0,0,0,0,0,0,0,0,0,0,0,0,0,0,0,0,0,0,0,0,0,0,0,0,0,0,ABANDONED,false,R0
3f42b373-0844-450c-afec-1579408c70d2,2025-10-09 13:43:22.536062 UTC,2025-10-09 13:43:42.705582 UTC,13,2025-10-09T13:43:22+00:00|2025-10-09T13:43:24+00:00|2025-10-09T13:43:25+00:00|2025-10-09T13:43:26+00:00|2025-10-09T13:43:28+00:00|2025-10-09T13:43:30+00:00|2025-10-09T13:43:32+00:00|2025-10-09T13:43:33+00:00|2025-10-09T13:43:34+00:00|2025-10-09T13:43:36+00:00|2025-10-09T13:43:37+00:00|2025-10-09T13:43:39+00:00|2025-10-09T13:43:42+00:00,America/Los_Angeles,$session.params.escalate,,,,,,ABANDONED,false,0,0,0,0,0,0,0,0,0,0,0,0,0,0,0,0,0,0,0,0,0,0,0,0,0,0,0,0,ABANDONED,false,R0
ea924bcd-e778-4834-a775-5a0372184709,2025-10-09 13:48:13.746538 UTC,2025-10-09 13:48:30.789747 UTC,13,2025-10-09T13:48:13+00:00|2025-10-09T13:48:15+00:00|2025-10-09T13:48:16+00:00|2025-10-09T13:48:17+00:00|2025-10-09T13:48:19+00:00|2025-10-09T13:48:21+00:00|2025-10-09T13:48:23+00:00|2025-10-09T13:48:23+00:00|2025-10-09T13:48:26+00:00|2025-10-09T13:48:28+00:00|2025-10-09T13:48:29+00:00|2025-10-09T13:48:30+00:00|2025-10-09T13:48:30+00:00,America/Los_Angeles,true,,,,,,ABANDONED,false,0,0,0,0,0,0,0,0,0,0,0,0,0,0,0,0,0,0,0,0,0,0,0,0,0,0,0,0,ABANDONED,false,R0
8ec721bd-787c-4779-bfdb-aca32fdfcdf1,2025-10-09 13:49:02.268674 UTC,2025-10-09 13:50:56.66149 UTC,14,2025-10-09T13:49:02+00:00|2025-10-09T13:49:04+00:00|2025-10-09T13:49:05+00:00|2025-10-09T13:49:06+00:00|2025-10-09T13:49:07+00:00|2025-10-09T13:49:10+00:00|2025-10-09T13:49:11+00:00|2025-10-09T13:49:12+00:00|2025-10-09T13:49:14+00:00|2025-10-09T13:49:17+00:00|2025-10-09T13:49:17+00:00|2025-10-09T13:49:20+00:00|2025-10-09T13:49:23+00:00|2025-10-09T13:50:56+00:00,America/Los_Angeles,,,,,,,ABANDONED,false,0,0,0,0,0,0,0,0,0,0,0,0,0,0,0,0,0,0,0,0,0,0,0,0,0,0,0,0,ABANDONED,false,R0
e2bfab5a-e199-413b-9fc9-3679692e3f38,2025-10-09 13:51:03.325115 UTC,2025-10-09 15:19:28.785453 UTC,22,2025-10-09T13:51:03+00:00|2025-10-09T13:51:05+00:00|2025-10-09T13:51:06+00:00|2025-10-09T13:51:07+00:00|2025-10-09T13:51:09+00:00|2025-10-09T13:51:11+00:00|2025-10-09T13:51:13+00:00|2025-10-09T13:51:14+00:00|2025-10-09T13:51:15+00:00|2025-10-09T13:51:17+00:00|2025-10-09T13:51:18+00:00|2025-10-09T13:51:20+00:00|2025-10-09T13:51:23+00:00|2025-10-09T13:51:24+00:00|2025-10-09T15:17:27+00:00|2025-10-09T15:17:37+00:00|2025-10-09T15:17:42+00:00|2025-10-09T15:18:58+00:00|2025-10-09T15:19:07+00:00|2025-10-09T15:19:12+00:00|2025-10-09T15:19:25+00:00|2025-10-09T15:19:28+00:00,America/Los_Angeles,$session.params.escalate,,,,,,ABANDONED,false,0,0,0,0,0,0,0,0,0,0,0,0,0,0,0,0,0,0,0,0,0,0,0,0,0,0,0,0,ABANDONED,false,R0
ebc29d68-3566-4763-bdb7-ded76e7f0505,2025-10-09 15:48:41.403387 UTC,2025-10-09 15:48:53.536261 UTC,8,2025-10-09T15:48:41+00:00|2025-10-09T15:48:44+00:00|2025-10-09T15:48:45+00:00|2025-10-09T15:48:46+00:00|2025-10-09T15:48:48+00:00|2025-10-09T15:48:50+00:00|2025-10-09T15:48:52+00:00|2025-10-09T15:48:53+00:00,America/Los_Angeles,,,,,,,ABANDONED,false,0,0,0,0,0,0,0,0,0,0,0,0,0,0,0,0,0,0,0,0,0,0,0,0,0,0,0,0,ABANDONED,false,R0
d61058fb-f422-4a22-b413-04c2a2b77584,2025-10-09 18:16:54.927107 UTC,2025-10-09 18:18:37.279474 UTC,6,2025-10-09T18:16:54+00:00|2025-10-09T18:17:22+00:00|2025-10-09T18:17:51+00:00|2025-10-09T18:17:58+00:00|2025-10-09T18:18:20+00:00|2025-10-09T18:18:37+00:00,America/Los_Angeles,,,,,,,ABANDONED,false,0,0,0,0,0,0,0,0,0,0,0,0,0,0,0,0,0,0,0,0,0,0,0,0,0,0,0,0,ABANDONED,false,R0
fc3e9d64-ffaf-41bf-a399-9abb8b58619c,2025-10-09 18:18:43.886562 UTC,2025-10-09 18:18:52.303785 UTC,6,2025-10-09T18:18:43+00:00|2025-10-09T18:18:46+00:00|2025-10-09T18:18:47+00:00|2025-10-09T18:18:48+00:00|2025-10-09T18:18:50+00:00|2025-10-09T18:18:52+00:00,America/Los_Angeles,,,,,,,ABANDONED,false,0,0,0,0,0,0,0,0,0,0,0,0,0,0,0,0,0,0,0,0,0,0,0,0,0,0,0,0,ABANDONED,false,R0
1956576e-618a-4502-ac74-dd0684a405b0,2025-10-09 18:19:06.788815 UTC,2025-10-09 18:19:14.550428 UTC,6,2025-10-09T18:19:06+00:00|2025-10-09T18:19:08+00:00|2025-10-09T18:19:09+00:00|2025-10-09T18:19:10+00:00|2025-10-09T18:19:12+00:00|2025-10-09T18:19:14+00:00,America/Los_Angeles,,,,,,,ABANDONED,false,0,0,0,0,0,0,0,0,0,0,0,0,0,0,0,0,0,0,0,0,0,0,0,0,0,0,0,0,ABANDONED,false,R0
eecf2892-9e4c-414e-b494-6791f6141521,2025-10-09 18:19:19.066426 UTC,2025-10-09 18:19:35.875797 UTC,7,2025-10-09T18:19:19+00:00|2025-10-09T18:19:20+00:00|2025-10-09T18:19:21+00:00|2025-10-09T18:19:22+00:00|2025-10-09T18:19:24+00:00|2025-10-09T18:19:26+00:00|2025-10-09T18:19:35+00:00,America/Los_Angeles,,,,,,,ABANDONED,false,0,0,0,0,0,0,0,0,0,0,0,0,0,0,0,0,0,0,0,0,0,0,0,0,0,0,0,0,ABANDONED,false,R0
44a8a897-565d-4b09-b2fb-aeb842d8d0d7,2025-10-09 18:19:42.579745 UTC,2025-10-09 18:19:54.62031 UTC,7,2025-10-09T18:19:42+00:00|2025-10-09T18:19:44+00:00|2025-10-09T18:19:46+00:00|2025-10-09T18:19:47+00:00|2025-10-09T18:19:49+00:00|2025-10-09T18:19:52+00:00|2025-10-09T18:19:54+00:00,America/Los_Angeles,,,,,,,ABANDONED,false,0,0,0,0,0,0,0,0,0,0,0,0,0,0,0,0,0,0,0,0,0,0,0,0,0,0,0,0,ABANDONED,false,R0
9e7c8fa6-6a03-4d1f-85a3-32407ad8745c,2025-10-09 18:20:00.107279 UTC,2025-10-09 18:20:32.526978 UTC,8,2025-10-09T18:20:00+00:00|2025-10-09T18:20:02+00:00|2025-10-09T18:20:03+00:00|2025-10-09T18:20:03+00:00|2025-10-09T18:20:06+00:00|2025-10-09T18:20:08+00:00|2025-10-09T18:20:10+00:00|2025-10-09T18:20:32+00:00,America/Los_Angeles,$session.params.escalate,,,,,,ABANDONED,false,0,0,0,0,0,0,0,0,0,0,0,0,0,0,0,0,0,0,0,0,0,0,0,0,0,0,0,0,ABANDONED,false,R0
6492cede-58c2-4dae-9080-3bc6ace8553d,2025-10-09 18:20:42.820472 UTC,2025-10-09 18:20:53.930553 UTC,8,2025-10-09T18:20:42+00:00|2025-10-09T18:20:44+00:00|2025-10-09T18:20:45+00:00|2025-10-09T18:20:46+00:00|2025-10-09T18:20:48+00:00|2025-10-09T18:20:50+00:00|2025-10-09T18:20:52+00:00|2025-10-09T18:20:53+00:00,America/Los_Angeles,false,,,,,,ABANDONED,false,0,0,0,0,0,0,0,0,0,0,0,0,0,0,0,0,0,0,0,0,0,0,0,0,0,0,0,0,ABANDONED,false,R0
26eaf4dd-9157-4dc9-aca6-4fa53be5ed75,2025-10-09 18:21:12.210976 UTC,2025-10-09 18:21:24.137384 UTC,8,2025-10-09T18:21:12+00:00|2025-10-09T18:21:14+00:00|2025-10-09T18:21:15+00:00|2025-10-09T18:21:15+00:00|2025-10-09T18:21:18+00:00|2025-10-09T18:21:20+00:00|2025-10-09T18:21:22+00:00|2025-10-09T18:21:24+00:00,America/Los_Angeles,$session.params.escalate,,,,,,ABANDONED,false,0,0,0,0,0,0,0,0,0,0,0,0,0,0,0,0,0,0,0,0,0,0,0,0,0,0,0,0,ABANDONED,false,R0
fb70f0f7-a92b-4530-9b46-eaa8a5682b73,2025-10-09 18:21:40.853798 UTC,2025-10-09 18:21:53.102306 UTC,8,2025-10-09T18:21:40+00:00|2025-10-09T18:21:42+00:00|2025-10-09T18:21:43+00:00|2025-10-09T18:21:44+00:00|2025-10-09T18:21:46+00:00|2025-10-09T18:21:48+00:00|2025-10-09T18:21:51+00:00|2025-10-09T18:21:53+00:00,America/Los_Angeles,true,,,,,,ABANDONED,false,0,0,0,0,0,0,0,0,0,0,0,0,0,0,0,0,0,0,0,0,0,0,0,0,0,0,0,0,ABANDONED,false,R0
437bd857-53d9-47b5-9a58-a327f7122e6e,2025-10-09 18:22:29.126241 UTC,2025-10-09 18:22:41.264082 UTC,8,2025-10-09T18:22:29+00:00|2025-10-09T18:22:31+00:00|2025-10-09T18:22:32+00:00|2025-10-09T18:22:33+00:00|2025-10-09T18:22:34+00:00|2025-10-09T18:22:36+00:00|2025-10-09T18:22:39+00:00|2025-10-09T18:22:41+00:00,America/Los_Angeles,$session.params.escalate,,,,,,ABANDONED,false,0,0,0,0,0,0,0,0,0,0,0,0,0,0,0,0,0,0,0,0,0,0,0,0,0,0,0,0,ABANDONED,false,R0
b68976f9-c8e2-4719-bae5-3ce6d17a7c3a,2025-10-09 18:27:23.736577 UTC,2025-10-09 18:40:06.848061 UTC,15,2025-10-09T18:27:23+00:00|2025-10-09T18:27:26+00:00|2025-10-09T18:27:27+00:00|2025-10-09T18:27:28+00:00|2025-10-09T18:27:29+00:00|2025-10-09T18:27:31+00:00|2025-10-09T18:27:33+00:00|2025-10-09T18:27:36+00:00|2025-10-09T18:38:37+00:00|2025-10-09T18:39:15+00:00|2025-10-09T18:39:25+00:00|2025-10-09T18:39:31+00:00|2025-10-09T18:39:43+00:00|2025-10-09T18:39:56+00:00|2025-10-09T18:40:06+00:00,America/Los_Angeles,$session.params.escalate,,,,,,ABANDONED,false,0,0,0,0,0,0,0,0,0,0,0,0,0,0,0,0,0,0,0,0,0,0,0,0,0,0,0,0,ABANDONED,false,R0
d5b4f949-a7ab-483e-90d6-2105d1f5a4e4,2025-10-09 18:58:47.420899 UTC,2025-10-09 18:58:59.311825 UTC,10,2025-10-09T18:58:47+00:00|2025-10-09T18:58:48+00:00|2025-10-09T18:58:50+00:00|2025-10-09T18:58:52+00:00|2025-10-09T18:58:54+00:00|2025-10-09T18:58:55+00:00|2025-10-09T18:58:56+00:00|2025-10-09T18:58:57+00:00|2025-10-09T18:58:58+00:00|2025-10-09T18:58:59+00:00,America/Los_Angeles,REDACTED,,,,,,,,0,0,0,0,0,0,0,0,0,0,0,0,0,0,0,0,0,0,0,0,0,0,0,0,0,0,0,0,,REDACTED,
9dfdf362-3cab-49d0-980a-92c17001118c,2025-10-09 18:59:00.549092 UTC,2025-10-09 18:59:15.160229 UTC,10,2025-10-09T18:59:00+00:00|2025-10-09T18:59:01+00:00|2025-10-09T18:59:03+00:00|2025-10-09T18:59:05+00:00|2025-10-09T18:59:07+00:00|2025-10-09T18:59:08+00:00|2025-10-09T18:59:10+00:00|2025-10-09T18:59:11+00:00|2025-10-09T18:59:13+00:00|2025-10-09T18:59:15+00:00,America/Los_Angeles,,,,,,,,,0,0,0,0,0,0,0,0,0,0,0,0,0,0,0,0,0,0,0,0,0,0,0,0,0,0,0,0,,,
5d3a4f25-3be6-4df3-9a80-9b8b0bd2dd14,2025-10-09 18:59:17.329405 UTC,2025-10-09 18:59:20.97394 UTC,3,2025-10-09T18:59:17+00:00|2025-10-09T18:59:19+00:00|2025-10-09T18:59:20+00:00,America/Los_Angeles,,,,,,,ABANDONED,false,0,0,0,0,0,0,0,0,0,0,0,0,0,0,0,0,0,0,0,0,0,0,0,0,0,0,0,0,ABANDONED,false,R0
8e64d5e7-2a25-4781-abab-df4676e91507,2025-10-09 18:59:21.966372 UTC,2025-10-09 18:59:22.845052 UTC,2,2025-10-09T18:59:21+00:00|2025-10-09T18:59:22+00:00,America/Los_Angeles,,,,,,,,,0,0,0,0,0,0,0,0,0,0,0,0,0,0,0,0,0,0,0,0,0,0,0,0,0,0,0,0,,,
5be96915-2bc5-466f-b833-25aeaffbc3a8,2025-10-09 18:59:34.370243 UTC,2025-10-09 19:00:31.909232 UTC,6,2025-10-09T18:59:34+00:00|2025-10-09T18:59:41+00:00|2025-10-09T19:00:00+00:00|2025-10-09T19:00:03+00:00|2025-10-09T19:00:20+00:00|2025-10-09T19:00:31+00:00,America/Los_Angeles,,,,,,,ABANDONED,false,0,0,0,0,0,0,0,0,0,0,0,0,0,0,0,0,0,0,0,0,0,0,0,0,0,0,0,0,ABANDONED,false,R0
e3bad9e6-6853-4e15-80a2-743d0d1ed437,2025-10-09 19:00:44.105088 UTC,2025-10-09 19:01:09.96623 UTC,7,2025-10-09T19:00:44+00:00|2025-10-09T19:00:45+00:00|2025-10-09T19:00:47+00:00|2025-10-09T19:00:47+00:00|2025-10-09T19:00:49+00:00|2025-10-09T19:00:51+00:00|2025-10-09T19:01:09+00:00,America/Los_Angeles,,,,,,,ABANDONED,false,0,0,0,0,0,0,0,0,0,0,0,0,0,0,0,0,0,0,0,0,0,0,0,0,0,0,0,0,ABANDONED,false,R0
b3e70680-5ae7-4563-8304-6ecdc5e37f56,2025-10-09 19:02:05.59473 UTC,2025-10-09 19:02:42.586264 UTC,6,2025-10-09T19:02:05+00:00|2025-10-09T19:02:10+00:00|2025-10-09T19:02:22+00:00|2025-10-09T19:02:25+00:00|2025-10-09T19:02:36+00:00|2025-10-09T19:02:42+00:00,America/Los_Angeles,,,,,,,ABANDONED,false,0,0,0,0,0,0,0,0,0,0,0,0,0,0,0,0,0,0,0,0,0,0,0,0,0,0,0,0,ABANDONED,false,R0
78c6fb66-60ba-4b5d-b47b-0662813fae9a,2025-10-09 19:04:36.916552 UTC,2025-10-09 19:04:44.74242 UTC,6,2025-10-09T19:04:36+00:00|2025-10-09T19:04:38+00:00|2025-10-09T19:04:40+00:00|2025-10-09T19:04:40+00:00|2025-10-09T19:04:42+00:00|2025-10-09T19:04:44+00:00,America/Los_Angeles,,,,,,,ABANDONED,false,0,0,0,0,0,0,0,0,0,0,0,0,0,0,0,0,0,0,0,0,0,0,0,0,0,0,0,0,ABANDONED,false,R0
f55662c5-fcbb-41e3-a15e-7496b3c45262,2025-10-09 19:04:49.795461 UTC,2025-10-09 19:04:57.784944 UTC,6,2025-10-09T19:04:49+00:00|2025-10-09T19:04:51+00:00|2025-10-09T19:04:53+00:00|2025-10-09T19:04:53+00:00|2025-10-09T19:04:55+00:00|2025-10-09T19:04:57+00:00,America/Los_Angeles,,,,,,,ABANDONED,false,0,0,0,0,0,0,0,0,0,0,0,0,0,0,0,0,0,0,0,0,0,0,0,0,0,0,0,0,ABANDONED,false,R0
491b1338-1e42-4ae6-b0be-bfbd5f6f7192,2025-10-09 19:07:59.603635 UTC,2025-10-09 19:10:13.959853 UTC,11,2025-10-09T19:07:59+00:00|2025-10-09T19:08:01+00:00|2025-10-09T19:08:02+00:00|2025-10-09T19:08:03+00:00|2025-10-09T19:08:05+00:00|2025-10-09T19:08:07+00:00|2025-10-09T19:08:27+00:00|2025-10-09T19:08:38+00:00|2025-10-09T19:09:11+00:00|2025-10-09T19:09:40+00:00|2025-10-09T19:10:13+00:00,America/Los_Angeles,$session.params.escalate,,,,,,ABANDONED,false,0,0,0,0,0,0,0,0,0,0,0,0,0,0,0,0,0,0,0,0,0,0,0,0,0,0,0,0,ABANDONED,false,R0
c05c0fee-4bc6-4a15-a034-4d0ec2cb7b81,2025-10-09 19:11:03.746739 UTC,2025-10-09 19:11:19.868601 UTC,11,2025-10-09T19:11:03+00:00|2025-10-09T19:11:05+00:00|2025-10-09T19:11:06+00:00|2025-10-09T19:11:07+00:00|2025-10-09T19:11:09+00:00|2025-10-09T19:11:12+00:00|2025-10-09T19:11:13+00:00|2025-10-09T19:11:14+00:00|2025-10-09T19:11:16+00:00|2025-10-09T19:11:18+00:00|2025-10-09T19:11:19+00:00,America/Los_Angeles,$session.params.escalate,,,,,,ABANDONED,false,0,0,0,0,0,0,0,0,0,0,0,0,0,0,0,0,0,0,0,0,0,0,0,0,0,0,0,0,ABANDONED,false,R0
42a4c898-d551-4539-9b37-84398aa2ba6d,2025-10-09 19:11:35.651332 UTC,2025-10-09 19:11:50.861675 UTC,11,2025-10-09T19:11:35+00:00|2025-10-09T19:11:37+00:00|2025-10-09T19:11:38+00:00|2025-10-09T19:11:39+00:00|2025-10-09T19:11:41+00:00|2025-10-09T19:11:43+00:00|2025-10-09T19:11:45+00:00|2025-10-09T19:11:45+00:00|2025-10-09T19:11:47+00:00|2025-10-09T19:11:50+00:00|2025-10-09T19:11:50+00:00,America/Los_Angeles,$session.params.escalate,,,,,,ABANDONED,false,0,0,0,0,0,0,0,0,0,0,0,0,0,0,0,0,0,0,0,0,0,0,0,0,0,0,0,0,ABANDONED,false,R0
79be906d-20a0-4ec1-8d23-38fad9c021be,2025-10-09 19:18:13.069045 UTC,2025-10-09 19:18:26.751393 UTC,11,2025-10-09T19:18:13+00:00|2025-10-09T19:18:14+00:00|2025-10-09T19:18:16+00:00|2025-10-09T19:18:18+00:00|2025-10-09T19:18:20+00:00|2025-10-09T19:18:22+00:00|2025-10-09T19:18:22+00:00|2025-10-09T19:18:24+00:00|2025-10-09T19:18:24+00:00|2025-10-09T19:18:26+00:00|2025-10-09T19:18:26+00:00,America/Los_Angeles,REDACTED,,,,,,,,0,0,0,0,0,0,0,0,0,0,0,0,0,0,0,0,0,0,0,0,0,0,0,0,0,0,0,0,,REDACTED,
97b99e87-5879-43a9-8465-dc1abaebe7cb,2025-10-09 19:18:36.904618 UTC,2025-10-09 19:20:37.993216 UTC,10,2025-10-09T19:18:36+00:00|2025-10-09T19:18:41+00:00|2025-10-09T19:18:54+00:00|2025-10-09T19:18:58+00:00|2025-10-09T19:19:13+00:00|2025-10-09T19:19:19+00:00|2025-10-09T19:19:24+00:00|2025-10-09T19:19:32+00:00|2025-10-09T19:20:27+00:00|2025-10-09T19:20:37+00:00,America/Los_Angeles,$session.params.escalate,,,,,,ABANDONED,false,0,0,0,0,0,0,0,0,0,0,0,0,0,0,0,0,0,0,0,0,0,0,0,0,0,0,0,0,ABANDONED,false,R0
aad745bf-6dac-4628-9242-44cd68d97a94,2025-10-09 19:22:08.52808 UTC,2025-10-09 19:22:23.166645 UTC,10,2025-10-09T19:22:08+00:00|2025-10-09T19:22:10+00:00|2025-10-09T19:22:11+00:00|2025-10-09T19:22:12+00:00|2025-10-09T19:22:14+00:00|2025-10-09T19:22:15+00:00|2025-10-09T19:22:18+00:00|2025-10-09T19:22:18+00:00|2025-10-09T19:22:21+00:00|2025-10-09T19:22:23+00:00,America/Los_Angeles,$session.params.escalate,,,,,,ABANDONED,false,0,0,0,0,0,0,0,0,0,0,0,0,0,0,0,0,0,0,0,0,0,0,0,0,0,0,0,0,ABANDONED,false,R0
a7a3a5ec-74df-4fa3-b9ec-ec7db3ad8b99,2025-10-09 19:24:21.224245 UTC,2025-10-09 19:24:37.313315 UTC,10,2025-10-09T19:24:21+00:00|2025-10-09T19:24:23+00:00|2025-10-09T19:24:24+00:00|2025-10-09T19:24:25+00:00|2025-10-09T19:24:27+00:00|2025-10-09T19:24:29+00:00|2025-10-09T19:24:32+00:00|2025-10-09T19:24:32+00:00|2025-10-09T19:24:35+00:00|2025-10-09T19:24:37+00:00,America/Los_Angeles,$session.params.escalate,,,,,,ABANDONED,false,0,0,0,0,0,0,0,0,0,0,0,0,0,0,0,0,0,0,0,0,0,0,0,0,0,0,0,0,ABANDONED,false,R0
000a25f3-96e0-4b05-83ae-068df9c0603c,2025-10-09 19:24:51.638974 UTC,2025-10-09 19:25:06.264677 UTC,10,2025-10-09T19:24:51+00:00|2025-10-09T19:24:53+00:00|2025-10-09T19:24:54+00:00|2025-10-09T19:24:55+00:00|2025-10-09T19:24:56+00:00|2025-10-09T19:24:58+00:00|2025-10-09T19:25:00+00:00|2025-10-09T19:25:01+00:00|2025-10-09T19:25:03+00:00|2025-10-09T19:25:06+00:00,America/Los_Angeles,$session.params.escalate,,,,,,ABANDONED,false,0,0,0,0,0,0,0,0,0,0,0,0,0,0,0,0,0,0,0,0,0,0,0,0,0,0,0,0,ABANDONED,false,R0
c85153ef-8b18-4a04-bc1a-d9d24f1ba5a2,2025-10-09 19:25:44.618946 UTC,2025-10-09 19:25:55.005527 UTC,8,2025-10-09T19:25:44+00:00|2025-10-09T19:25:46+00:00|2025-10-09T19:25:48+00:00|2025-10-09T19:25:48+00:00|2025-10-09T19:25:50+00:00|2025-10-09T19:25:52+00:00|2025-10-09T19:25:54+00:00|2025-10-09T19:25:55+00:00,America/Los_Angeles,true,,,,,,ABANDONED,false,0,0,0,0,0,0,0,0,0,0,0,0,0,0,0,0,0,0,0,0,0,0,0,0,0,0,0,0,ABANDONED,false,R0
5a09dd37-b21e-488b-8203-b9c2c680cfcc,2025-10-09 19:26:41.220531 UTC,2025-10-09 19:27:51.712532 UTC,11,2025-10-09T19:26:41+00:00|2025-10-09T19:26:46+00:00|2025-10-09T19:26:58+00:00|2025-10-09T19:27:01+00:00|2025-10-09T19:27:10+00:00|2025-10-09T19:27:16+00:00|2025-10-09T19:27:22+00:00|2025-10-09T19:27:29+00:00|2025-10-09T19:27:35+00:00|2025-10-09T19:27:43+00:00|2025-10-09T19:27:51+00:00,America/Los_Angeles,$session.params.escalate,,,,,,ABANDONED,false,0,0,0,0,0,0,0,0,0,0,0,0,0,0,0,0,0,0,0,0,0,0,0,0,0,0,0,0,ABANDONED,false,R0
01737ba9-474d-461d-9721-af6c5817b9e3,2025-10-09 19:36:19.303238 UTC,2025-10-09 19:36:32.811586 UTC,11,2025-10-09T19:36:19+00:00|2025-10-09T19:36:20+00:00|2025-10-09T19:36:22+00:00|2025-10-09T19:36:24+00:00|2025-10-09T19:36:26+00:00|2025-10-09T19:36:27+00:00|2025-10-09T19:36:28+00:00|2025-10-09T19:36:29+00:00|2025-10-09T19:36:30+00:00|2025-10-09T19:36:31+00:00|2025-10-09T19:36:32+00:00,America/Los_Angeles,REDACTED,,,,,,,,0,0,0,0,0,0,0,0,0,0,0,0,0,0,0,0,0,0,0,0,0,0,0,0,0,0,0,0,,REDACTED,
284e6f0c-326d-4d20-b7e2-45167475d77d,2025-10-09 19:36:41.450837 UTC,2025-10-09 19:38:29.208898 UTC,11,2025-10-09T19:36:41+00:00|2025-10-09T19:36:47+00:00|2025-10-09T19:37:19+00:00|2025-10-09T19:37:23+00:00|2025-10-09T19:37:39+00:00|2025-10-09T19:37:55+00:00|2025-10-09T19:38:08+00:00|2025-10-09T19:38:14+00:00|2025-10-09T19:38:19+00:00|2025-10-09T19:38:23+00:00|2025-10-09T19:38:29+00:00,America/Los_Angeles,,,,,,,ABANDONED,false,0,0,0,0,0,0,0,0,0,0,0,0,0,0,0,0,0,0,0,0,0,0,0,0,0,0,0,0,ABANDONED,false,R0
8aceaf47-5704-41de-b11e-6dc78ed37cfb,2025-10-09 19:39:23.221607 UTC,2025-10-09 19:40:08.474059 UTC,13,2025-10-09T19:39:23+00:00|2025-10-09T19:39:25+00:00|2025-10-09T19:39:26+00:00|2025-10-09T19:39:27+00:00|2025-10-09T19:39:28+00:00|2025-10-09T19:39:30+00:00|2025-10-09T19:39:32+00:00|2025-10-09T19:39:33+00:00|2025-10-09T19:39:34+00:00|2025-10-09T19:39:36+00:00|2025-10-09T19:39:38+00:00|2025-10-09T19:39:53+00:00|2025-10-09T19:40:08+00:00,America/Los_Angeles,,,,,,,ABANDONED,false,0,0,0,0,0,0,0,0,0,0,0,0,0,0,0,0,0,0,0,0,0,0,0,0,0,0,0,0,ABANDONED,false,R0
1c96e1ac-b82a-47e6-976d-c0f22c6c7f34,2025-10-09 19:42:25.417277 UTC,2025-10-09 19:43:03.225075 UTC,13,2025-10-09T19:42:25+00:00|2025-10-09T19:42:27+00:00|2025-10-09T19:42:28+00:00|2025-10-09T19:42:29+00:00|2025-10-09T19:42:31+00:00|2025-10-09T19:42:33+00:00|2025-10-09T19:42:34+00:00|2025-10-09T19:42:36+00:00|2025-10-09T19:42:37+00:00|2025-10-09T19:42:39+00:00|2025-10-09T19:42:40+00:00|2025-10-09T19:42:42+00:00|2025-10-09T19:43:03+00:00,America/Los_Angeles,,,,,,,ABANDONED,false,0,0,0,0,0,0,0,0,0,0,0,0,0,0,0,0,0,0,0,0,0,0,0,0,0,0,0,0,ABANDONED,false,R0
e78804c9-fb51-42d6-b871-3c488d1e2191,2025-10-09 19:44:21.20633 UTC,2025-10-09 19:44:43.287184 UTC,13,2025-10-09T19:44:21+00:00|2025-10-09T19:44:23+00:00|2025-10-09T19:44:24+00:00|2025-10-09T19:44:25+00:00|2025-10-09T19:44:27+00:00|2025-10-09T19:44:29+00:00|2025-10-09T19:44:30+00:00|2025-10-09T19:44:32+00:00|2025-10-09T19:44:33+00:00|2025-10-09T19:44:35+00:00|2025-10-09T19:44:37+00:00|2025-10-09T19:44:42+00:00|2025-10-09T19:44:43+00:00,America/Los_Angeles,$session.params.escalate,,,,,,ABANDONED,false,0,0,0,0,0,0,0,0,0,0,0,0,0,0,0,0,0,0,0,0,0,0,0,0,0,0,0,0,ABANDONED,false,R0
484a87c5-2863-4343-8f25-f6120fe404b8,2025-10-09 19:45:23.46754 UTC,2025-10-09 19:45:36.719483 UTC,10,2025-10-09T19:45:23+00:00|2025-10-09T19:45:25+00:00|2025-10-09T19:45:26+00:00|2025-10-09T19:45:27+00:00|2025-10-09T19:45:29+00:00|2025-10-09T19:45:31+00:00|2025-10-09T19:45:32+00:00|2025-10-09T19:45:34+00:00|2025-10-09T19:45:35+00:00|2025-10-09T19:45:36+00:00,America/Los_Angeles,,,,,,,ABANDONED,false,0,0,0,0,0,0,0,0,0,0,0,0,0,0,0,0,0,0,0,0,0,0,0,0,0,0,0,0,ABANDONED,false,R0
ddf9965c-49be-4b48-b7ee-10078dfc0327,2025-10-09 19:46:53.999812 UTC,2025-10-09 19:47:08.093228 UTC,10,2025-10-09T19:46:53+00:00|2025-10-09T19:46:55+00:00|2025-10-09T19:46:57+00:00|2025-10-09T19:46:58+00:00|2025-10-09T19:46:59+00:00|2025-10-09T19:47:02+00:00|2025-10-09T19:47:03+00:00|2025-10-09T19:47:05+00:00|2025-10-09T19:47:07+00:00|2025-10-09T19:47:08+00:00,America/Los_Angeles,$session.params.escalate,,,,,,ABANDONED,false,0,0,0,0,0,0,0,0,0,0,0,0,0,0,0,0,0,0,0,0,0,0,0,0,0,0,0,0,ABANDONED,false,R0
238ad7db-3919-485f-9e00-a46c43a1151f,2025-10-09 19:48:21.052146 UTC,2025-10-09 19:48:33.920495 UTC,10,2025-10-09T19:48:21+00:00|2025-10-09T19:48:22+00:00|2025-10-09T19:48:23+00:00|2025-10-09T19:48:24+00:00|2025-10-09T19:48:26+00:00|2025-10-09T19:48:28+00:00|2025-10-09T19:48:29+00:00|2025-10-09T19:48:31+00:00|2025-10-09T19:48:33+00:00|2025-10-09T19:48:33+00:00,America/Los_Angeles,$session.params.escalate,,,,,,ABANDONED,false,0,0,0,0,0,0,0,0,0,0,0,0,0,0,0,0,0,0,0,0,0,0,0,0,0,0,0,0,ABANDONED,false,R0
8f84bb73-1454-4bb5-ad42-3efdc3674362,2025-10-09 20:11:53.586751 UTC,2025-10-09 20:14:09.322598 UTC,11,2025-10-09T20:11:53+00:00|2025-10-09T20:11:59+00:00|2025-10-09T20:12:10+00:00|2025-10-09T20:12:14+00:00|2025-10-09T20:12:27+00:00|2025-10-09T20:12:37+00:00|2025-10-09T20:12:48+00:00|2025-10-09T20:13:00+00:00|2025-10-09T20:13:11+00:00|2025-10-09T20:13:22+00:00|2025-10-09T20:14:09+00:00,America/Los_Angeles,,,,,,,ABANDONED,false,0,0,0,0,0,0,0,0,0,0,0,0,0,0,0,0,0,0,0,0,0,0,0,0,0,0,0,0,ABANDONED,false,R0
065aKxq9NsERjKns3zDP02PKA,2025-10-09 20:16:00.3161 UTC,2025-10-09 20:18:44.086409 UTC,12,2025-10-09T20:16:00+00:00|2025-10-09T20:16:05+00:00|2025-10-09T20:16:17+00:00|2025-10-09T20:16:35+00:00|2025-10-09T20:16:57+00:00|2025-10-09T20:17:22+00:00|2025-10-09T20:17:33+00:00|2025-10-09T20:17:43+00:00|2025-10-09T20:18:05+00:00|2025-10-09T20:18:18+00:00|2025-10-09T20:18:31+00:00|2025-10-09T20:18:44+00:00,,$session.params.escalate,,,,,,ABANDONED,false,0,0,0,0,0,0,0,0,0,0,0,0,0,0,0,0,0,0,0,0,0,0,0,0,0,0,0,0,ABANDONED,false,R0
065zyqxdkodRieBW2h0yz4PmA,2025-10-09 20:20:24.311219 UTC,2025-10-09 20:20:58.850858 UTC,4,2025-10-09T20:20:24+00:00|2025-10-09T20:20:29+00:00|2025-10-09T20:20:41+00:00|2025-10-09T20:20:58+00:00,,,,,,,,ABANDONED,false,0,0,0,0,0,0,0,0,0,0,0,0,0,0,0,0,0,0,0,0,0,0,0,0,0,0,0,0,ABANDONED,false,R0
1195rEiebGLRwihbFy081hkAw,2025-10-09 20:27:34.976853 UTC,2025-10-09 20:29:18.189912 UTC,9,2025-10-09T20:27:34+00:00|2025-10-09T20:27:40+00:00|2025-10-09T20:27:52+00:00|2025-10-09T20:27:56+00:00|2025-10-09T20:28:16+00:00|2025-10-09T20:28:30+00:00|2025-10-09T20:28:54+00:00|2025-10-09T20:29:07+00:00|2025-10-09T20:29:18+00:00,,,,,,,,ABANDONED,false,0,0,0,0,0,0,0,0,0,0,0,0,0,0,0,0,0,0,0,0,0,0,0,0,0,0,0,0,ABANDONED,false,R0
081LCL9MO35SgGjDR_CwCeacQ,2025-10-09 20:31:11.768128 UTC,2025-10-09 20:34:24.328307 UTC,15,2025-10-09T20:31:11+00:00|2025-10-09T20:31:16+00:00|2025-10-09T20:31:26+00:00|2025-10-09T20:31:48+00:00|2025-10-09T20:32:01+00:00|2025-10-09T20:32:14+00:00|2025-10-09T20:32:28+00:00|2025-10-09T20:32:38+00:00|2025-10-09T20:32:57+00:00|2025-10-09T20:33:10+00:00|2025-10-09T20:33:32+00:00|2025-10-09T20:33:45+00:00|2025-10-09T20:34:01+00:00|2025-10-09T20:34:07+00:00|2025-10-09T20:34:24+00:00,,,,,,,,ABANDONED,false,0,0,0,0,0,0,0,0,0,0,0,0,0,0,0,0,0,0,0,0,0,0,0,0,0,0,0,0,ABANDONED,false,R0
983b8c09-ff74-43e2-ac40-218634d734a1,2025-10-09 20:44:02.6672 UTC,2025-10-09 20:47:06.21395 UTC,11,2025-10-09T20:44:02+00:00|2025-10-09T20:44:13+00:00|2025-10-09T20:44:34+00:00|2025-10-09T20:44:42+00:00|2025-10-09T20:45:00+00:00|2025-10-09T20:45:15+00:00|2025-10-09T20:46:02+00:00|2025-10-09T20:46:18+00:00|2025-10-09T20:46:32+00:00|2025-10-09T20:46:43+00:00|2025-10-09T20:47:06+00:00,America/Los_Angeles,,,,,,,ABANDONED,false,0,0,0,0,0,0,0,0,0,0,0,0,0,0,0,0,0,0,0,0,0,0,0,0,0,0,0,0,ABANDONED,false,R0
e8295c11-64ce-461a-a95a-70965213f586,2025-10-09 20:50:31.940732 UTC,2025-10-09 20:53:34.855567 UTC,17,2025-10-09T20:50:31+00:00|2025-10-09T20:50:34+00:00|2025-10-09T20:50:35+00:00|2025-10-09T20:50:36+00:00|2025-10-09T20:50:38+00:00|2025-10-09T20:50:40+00:00|2025-10-09T20:50:41+00:00|2025-10-09T20:50:43+00:00|2025-10-09T20:50:44+00:00|2025-10-09T20:50:46+00:00|2025-10-09T20:52:03+00:00|2025-10-09T20:52:07+00:00|2025-10-09T20:52:43+00:00|2025-10-09T20:53:02+00:00|2025-10-09T20:53:22+00:00|2025-10-09T20:53:29+00:00|2025-10-09T20:53:34+00:00,America/Los_Angeles,$session.params.escalate,,,,,,ABANDONED,false,0,0,0,0,0,0,0,0,0,0,0,0,0,0,0,0,0,0,0,0,0,0,0,0,0,0,0,0,ABANDONED,false,R0
081Iisxqw8oSWWYYcazUsmvoQ,2025-10-09 21:33:45.01968 UTC,2025-10-09 21:35:12.85066 UTC,7,2025-10-09T21:33:45+00:00|2025-10-09T21:33:50+00:00|2025-10-09T21:34:03+00:00|2025-10-09T21:34:19+00:00|2025-10-09T21:34:38+00:00|2025-10-09T21:34:51+00:00|2025-10-09T21:35:12+00:00,,true,,,,,,ABANDONED,false,0,0,0,0,0,0,0,0,0,0,0,0,0,0,0,0,0,0,0,0,0,0,0,0,0,0,0,0,ABANDONED,false,R0
103R8gHgMVdQYO38f6AMkhuFg,2025-10-09 21:46:15.151161 UTC,2025-10-09 21:48:15.470753 UTC,9,2025-10-09T21:46:15+00:00|2025-10-09T21:46:20+00:00|2025-10-09T21:46:33+00:00|2025-10-09T21:46:47+00:00|2025-10-09T21:47:03+00:00|2025-10-09T21:47:22+00:00|2025-10-09T21:47:47+00:00|2025-10-09T21:47:54+00:00|2025-10-09T21:48:15+00:00,,true,,,,,,ABANDONED,false,0,0,0,0,0,0,0,0,0,0,0,0,0,0,0,0,0,0,0,0,0,0,0,0,0,0,0,0,ABANDONED,false,R0
081OaSkooJtRQiKWwyi8uxl-Q,2025-10-09 21:54:18.834288 UTC,2025-10-09 21:56:00.736234 UTC,7,2025-10-09T21:54:18+00:00|2025-10-09T21:54:25+00:00|2025-10-09T21:54:37+00:00|2025-10-09T21:54:57+00:00|2025-10-09T21:55:19+00:00|2025-10-09T21:55:37+00:00|2025-10-09T21:56:00+00:00,,true,,,,,,ABANDONED,false,0,0,0,0,0,0,0,0,0,0,0,0,0,0,0,0,0,0,0,0,0,0,0,0,0,0,0,0,ABANDONED,false,R0
081VGvuETRfQKeYnF3xSteE0Q,2025-10-09 22:03:53.706805 UTC,2025-10-09 22:05:36.697825 UTC,8,2025-10-09T22:03:53+00:00|2025-10-09T22:03:59+00:00|2025-10-09T22:04:11+00:00|2025-10-09T22:04:30+00:00|2025-10-09T22:04:44+00:00|2025-10-09T22:05:04+00:00|2025-10-09T22:05:17+00:00|2025-10-09T22:05:36+00:00,,true,,,,,,ABANDONED,false,0,0,0,0,0,0,0,0,0,0,0,0,0,0,0,0,0,0,0,0,0,0,0,0,0,0,0,0,ABANDONED,false,R0
21ad5339-aee3-4c00-b1c5-956a9abcd2f2,2025-10-10 08:40:10.229164 UTC,2025-10-10 08:43:26.375892 UTC,11,2025-10-10T08:40:10+00:00|2025-10-10T08:40:22+00:00|2025-10-10T08:40:34+00:00|2025-10-10T08:40:57+00:00|2025-10-10T08:41:10+00:00|2025-10-10T08:41:24+00:00|2025-10-10T08:41:32+00:00|2025-10-10T08:42:20+00:00|2025-10-10T08:42:44+00:00|2025-10-10T08:42:55+00:00|2025-10-10T08:43:26+00:00,America/Los_Angeles,$session.params.escalate,,,,,,ABANDONED,false,0,0,0,0,0,0,0,0,0,0,0,0,0,0,0,0,0,0,0,0,0,0,0,0,0,0,0,0,ABANDONED,false,R0
94764257-e34c-4bc8-ad11-af698e2d519b,2025-10-10 08:56:30.902934 UTC,2025-10-10 08:56:49.106235 UTC,11,2025-10-10T08:56:30+00:00|2025-10-10T08:56:32+00:00|2025-10-10T08:56:34+00:00|2025-10-10T08:56:35+00:00|2025-10-10T08:56:37+00:00|2025-10-10T08:56:39+00:00|2025-10-10T08:56:40+00:00|2025-10-10T08:56:42+00:00|2025-10-10T08:56:43+00:00|2025-10-10T08:56:46+00:00|2025-10-10T08:56:49+00:00,America/Los_Angeles,$session.params.escalate,,,,,,ABANDONED,false,0,0,0,0,0,0,0,0,0,0,0,0,0,0,0,0,0,0,0,0,0,0,0,0,0,0,0,0,ABANDONED,false,R0
3a28fbe3-6cc0-4f09-ae79-23186d2f0e95,2025-10-10 09:08:04.573184 UTC,2025-10-10 09:08:32.256735 UTC,6,2025-10-10T09:08:04+00:00|2025-10-10T09:08:12+00:00|2025-10-10T09:08:17+00:00|2025-10-10T09:08:21+00:00|2025-10-10T09:08:28+00:00|2025-10-10T09:08:32+00:00,America/Los_Angeles,,,,,,,ABANDONED,false,0,0,0,0,0,0,0,0,0,0,0,0,0,0,0,0,0,0,0,0,0,0,0,0,0,0,0,0,ABANDONED,false,R0
119m0arsTT1SK6nGq_6YR6Diw,2025-10-10 09:52:44.289525 UTC,2025-10-10 09:55:49.224317 UTC,13,2025-10-10T09:52:44+00:00|2025-10-10T09:52:50+00:00|2025-10-10T09:53:01+00:00|2025-10-10T09:53:25+00:00|2025-10-10T09:53:41+00:00|2025-10-10T09:54:04+00:00|2025-10-10T09:54:18+00:00|2025-10-10T09:54:44+00:00|2025-10-10T09:55:04+00:00|2025-10-10T09:55:15+00:00|2025-10-10T09:55:26+00:00|2025-10-10T09:55:34+00:00|2025-10-10T09:55:49+00:00,,$session.params.escalate,,,,,,ABANDONED,false,0,0,0,0,0,0,0,0,0,0,0,0,0,0,0,0,0,0,0,0,0,0,0,0,0,0,0,0,ABANDONED,false,R0
103lkvc64EURwSt1Jp1MMDsCg,2025-10-10 09:56:55.051507 UTC,2025-10-10 10:01:21.022242 UTC,16,2025-10-10T09:56:55+00:00|2025-10-10T09:57:00+00:00|2025-10-10T09:57:13+00:00|2025-10-10T09:57:39+00:00|2025-10-10T09:57:48+00:00|2025-10-10T09:58:10+00:00|2025-10-10T09:58:22+00:00|2025-10-10T09:58:43+00:00|2025-10-10T09:59:09+00:00|2025-10-10T09:59:28+00:00|2025-10-10T09:59:49+00:00|2025-10-10T10:00:06+00:00|2025-10-10T10:00:24+00:00|2025-10-10T10:00:54+00:00|2025-10-10T10:01:05+00:00|2025-10-10T10:01:21+00:00,,$session.params.escalate,,,,,,ABANDONED,false,0,0,0,0,0,0,0,0,0,0,0,0,0,0,0,0,0,0,0,0,0,0,0,0,0,0,0,0,ABANDONED,false,R0
119pLtqluGtR1WqUrejUX6XZw,2025-10-10 10:02:33.664407 UTC,2025-10-10 10:05:40.422939 UTC,12,2025-10-10T10:02:33+00:00|2025-10-10T10:02:39+00:00|2025-10-10T10:02:50+00:00|2025-10-10T10:03:16+00:00|2025-10-10T10:03:38+00:00|2025-10-10T10:04:01+00:00|2025-10-10T10:04:19+00:00|2025-10-10T10:04:23+00:00|2025-10-10T10:04:40+00:00|2025-10-10T10:04:57+00:00|2025-10-10T10:05:17+00:00|2025-10-10T10:05:40+00:00,,$session.params.escalate,,,,,,ABANDONED,false,0,0,0,0,0,0,0,0,0,0,0,0,0,0,0,0,0,0,0,0,0,0,0,0,0,0,0,0,ABANDONED,false,R0
103wSpLL8LcRQageHcQkOB_Vg,2025-10-10 13:42:46.439718 UTC,2025-10-10 13:46:26.262738 UTC,13,2025-10-10T13:42:46+00:00|2025-10-10T13:42:52+00:00|2025-10-10T13:43:03+00:00|2025-10-10T13:43:29+00:00|2025-10-10T13:43:50+00:00|2025-10-10T13:44:14+00:00|2025-10-10T13:44:36+00:00|2025-10-10T13:45:01+00:00|2025-10-10T13:45:18+00:00|2025-10-10T13:45:30+00:00|2025-10-10T13:45:53+00:00|2025-10-10T13:46:03+00:00|2025-10-10T13:46:26+00:00,,$session.params.escalate,,,,,,ABANDONED,false,0,0,0,0,0,0,0,0,0,0,0,0,0,0,0,0,0,0,0,0,0,0,0,0,0,0,0,0,ABANDONED,false,R0
065YapJI50mQdW78aCjhIuj7A,2025-10-10 13:47:45.043565 UTC,2025-10-10 13:49:53.044514 UTC,8,2025-10-10T13:47:45+00:00|2025-10-10T13:47:51+00:00|2025-10-10T13:48:02+00:00|2025-10-10T13:48:29+00:00|2025-10-10T13:48:51+00:00|2025-10-10T13:49:28+00:00|2025-10-10T13:49:42+00:00|2025-10-10T13:49:53+00:00,,true,,,,,,ABANDONED,false,0,0,0,0,0,0,0,0,0,0,0,0,0,0,0,0,0,0,0,0,0,0,0,0,0,0,0,0,ABANDONED,false,R0
9c039f3e-fe07-47d5-a47d-5309ccf9f71f,2025-10-10 14:31:49.242789 UTC,2025-10-10 14:31:59.425477 UTC,2,2025-10-10T14:31:49+00:00|2025-10-10T14:31:59+00:00,America/Los_Angeles,,,,,,,ABANDONED,false,0,0,0,0,0,0,0,0,0,0,0,0,0,0,0,0,0,0,0,0,0,0,0,0,0,0,0,0,ABANDONED,false,R0
119HTXdKLA7TjWZlpbAYkkHTw,2025-10-10 16:27:09.317176 UTC,2025-10-10 16:29:41.84924 UTC,10,2025-10-10T16:27:09+00:00|2025-10-10T16:27:15+00:00|2025-10-10T16:27:26+00:00|2025-10-10T16:27:49+00:00|2025-10-10T16:28:10+00:00|2025-10-10T16:28:39+00:00|2025-10-10T16:28:52+00:00|2025-10-10T16:29:10+00:00|2025-10-10T16:29:22+00:00|2025-10-10T16:29:41+00:00,,$session.params.escalate,,,,,,ABANDONED,false,0,0,0,0,0,0,0,0,0,0,0,0,0,0,0,0,0,0,0,0,0,0,0,0,0,0,0,0,ABANDONED,false,R0
119sSOoKQdPRFyxxrJ3tuGbmw,2025-10-10 16:32:54.868558 UTC,2025-10-10 16:37:09.260893 UTC,15,2025-10-10T16:32:54+00:00|2025-10-10T16:33:00+00:00|2025-10-10T16:33:11+00:00|2025-10-10T16:33:35+00:00|2025-10-10T16:33:57+00:00|2025-10-10T16:34:21+00:00|2025-10-10T16:34:44+00:00|2025-10-10T16:35:11+00:00|2025-10-10T16:35:25+00:00|2025-10-10T16:35:45+00:00|2025-10-10T16:36:03+00:00|2025-10-10T16:36:15+00:00|2025-10-10T16:36:32+00:00|2025-10-10T16:36:58+00:00|2025-10-10T16:37:09+00:00,,$session.params.escalate,,,,,,ABANDONED,false,0,0,0,0,0,0,0,0,0,0,0,0,0,0,0,0,0,0,0,0,0,0,0,0,0,0,0,0,ABANDONED,false,R0
7ef03720-4a7b-49fa-892f-5a005dbbe795,2025-10-10 19:27:45.167607 UTC,2025-10-10 19:27:56.402264 UTC,2,2025-10-10T19:27:45+00:00|2025-10-10T19:27:56+00:00,America/Los_Angeles,,,,,,,ABANDONED,false,0,0,0,0,0,0,0,0,0,0,0,0,0,0,0,0,0,0,0,0,0,0,0,0,0,0,0,0,ABANDONED,false,R0
57451446-edfe-4377-b0f7-4e66f96762ff,2025-10-10 19:28:10.275683 UTC,2025-10-10 19:28:40.261146 UTC,6,2025-10-10T19:28:10+00:00|2025-10-10T19:28:15+00:00|2025-10-10T19:28:20+00:00|2025-10-10T19:28:25+00:00|2025-10-10T19:28:35+00:00|2025-10-10T19:28:40+00:00,America/Los_Angeles,,,,,,,ABANDONED,false,0,0,0,0,0,0,0,0,0,0,0,0,0,0,0,0,0,0,0,0,0,0,0,0,0,0,0,0,ABANDONED,false,R0
140a3dc4-c157-4cda-a63c-f4ee823819d4,2025-10-10 19:29:07.628677 UTC,2025-10-10 19:29:49.814718 UTC,6,2025-10-10T19:29:07+00:00|2025-10-10T19:29:12+00:00|2025-10-10T19:29:26+00:00|2025-10-10T19:29:30+00:00|2025-10-10T19:29:46+00:00|2025-10-10T19:29:49+00:00,America/Los_Angeles,,,,,,,ABANDONED,false,0,0,0,0,0,0,0,0,0,0,0,0,0,0,0,0,0,0,0,0,0,0,0,0,0,0,0,0,ABANDONED,false,R0
35e2877c-9e6f-4ad5-8c14-a0c606abb816,2025-10-10 19:33:02.925805 UTC,2025-10-10 19:33:50.20303 UTC,8,2025-10-10T19:33:02+00:00|2025-10-10T19:33:06+00:00|2025-10-10T19:33:11+00:00|2025-10-10T19:33:14+00:00|2025-10-10T19:33:30+00:00|2025-10-10T19:33:41+00:00|2025-10-10T19:33:46+00:00|2025-10-10T19:33:50+00:00,America/Los_Angeles,true,,,,,,ABANDONED,false,0,0,0,0,0,0,0,0,0,0,0,0,0,0,0,0,0,0,0,0,0,0,0,0,0,0,0,0,ABANDONED,false,R0
081oKj4SeyPTtKjPYxo02yr9Q,2025-10-13 09:10:26.997711 UTC,2025-10-13 09:13:15.898117 UTC,12,2025-10-13T09:10:26+00:00|2025-10-13T09:10:32+00:00|2025-10-13T09:10:44+00:00|2025-10-13T09:11:08+00:00|2025-10-13T09:11:29+00:00|2025-10-13T09:11:49+00:00|2025-10-13T09:12:06+00:00|2025-10-13T09:12:29+00:00|2025-10-13T09:12:37+00:00|2025-10-13T09:12:50+00:00|2025-10-13T09:13:02+00:00|2025-10-13T09:13:15+00:00,,$session.params.escalate,,,,,,ABANDONED,false,0,0,0,0,0,0,0,0,0,0,0,0,0,0,0,0,0,0,0,0,0,0,0,0,0,0,0,0,ABANDONED,false,R0
0816sAZZFUkSsaMUy76F5AvSQ,2025-10-13 10:59:46.900205 UTC,2025-10-13 11:02:29.721124 UTC,10,2025-10-13T10:59:46+00:00|2025-10-13T10:59:52+00:00|2025-10-13T11:00:05+00:00|2025-10-13T11:00:27+00:00|2025-10-13T11:00:50+00:00|2025-10-13T11:01:17+00:00|2025-10-13T11:01:36+00:00|2025-10-13T11:02:01+00:00|2025-10-13T11:02:16+00:00|2025-10-13T11:02:29+00:00,,,,,,,,ABANDONED,false,0,0,0,0,0,0,0,0,0,0,0,0,0,0,0,0,0,0,0,0,0,0,0,0,0,0,0,0,ABANDONED,false,R0
119RiO8fs75TjSh8vrWRdpoww,2025-10-13 11:11:12.291678 UTC,2025-10-13 11:13:09.450044 UTC,7,2025-10-13T11:11:12+00:00|2025-10-13T11:11:18+00:00|2025-10-13T11:11:32+00:00|2025-10-13T11:12:02+00:00|2025-10-13T11:12:19+00:00|2025-10-13T11:12:27+00:00|2025-10-13T11:13:09+00:00,,,,,,,,ABANDONED,false,0,0,0,0,0,0,0,0,0,0,0,0,0,0,0,0,0,0,0,0,0,0,0,0,0,0,0,0,ABANDONED,false,R0
081F75CBINwRyuWA8RR98KLKQ,2025-10-13 11:16:01.022902 UTC,2025-10-13 11:21:54.45515 UTC,23,2025-10-13T11:16:01+00:00|2025-10-13T11:16:07+00:00|2025-10-13T11:16:20+00:00|2025-10-13T11:16:41+00:00|2025-10-13T11:17:03+00:00|2025-10-13T11:17:28+00:00|2025-10-13T11:17:45+00:00|2025-10-13T11:18:22+00:00|2025-10-13T11:18:38+00:00|2025-10-13T11:18:57+00:00|2025-10-13T11:19:12+00:00|2025-10-13T11:19:25+00:00|2025-10-13T11:19:35+00:00|2025-10-13T11:19:46+00:00|2025-10-13T11:19:56+00:00|2025-10-13T11:20:07+00:00|2025-10-13T11:20:23+00:00|2025-10-13T11:20:48+00:00|2025-10-13T11:21:03+00:00|2025-10-13T11:21:17+00:00|2025-10-13T11:21:31+00:00|2025-10-13T11:21:43+00:00|2025-10-13T11:21:54+00:00,,true,false,,,false,,ABANDONED,false,0,0,0,0,0,0,0,0,0,0,0,0,0,0,0,0,0,0,0,0,0,0,0,0,0,0,0,0,ABANDONED,false,R0
065Bp7K1aWSS0ChpL_uNKih_A,2025-10-13 11:26:29.297813 UTC,2025-10-13 11:28:25.079842 UTC,9,2025-10-13T11:26:29+00:00|2025-10-13T11:26:34+00:00|2025-10-13T11:26:47+00:00|2025-10-13T11:27:07+00:00|2025-10-13T11:27:28+00:00|2025-10-13T11:27:52+00:00|2025-10-13T11:27:58+00:00|2025-10-13T11:28:09+00:00|2025-10-13T11:28:25+00:00,,,,,,,,ABANDONED,false,0,0,0,0,0,0,0,0,0,0,0,0,0,0,0,0,0,0,0,0,0,0,0,0,0,0,0,0,ABANDONED,false,R0
103qDdPo0vdSVqUGeDiIBIITg,2025-10-13 11:29:11.540704 UTC,2025-10-13 11:31:29.011356 UTC,9,2025-10-13T11:29:11+00:00|2025-10-13T11:29:17+00:00|2025-10-13T11:29:27+00:00|2025-10-13T11:29:52+00:00|2025-10-13T11:30:07+00:00|2025-10-13T11:30:26+00:00|2025-10-13T11:30:56+00:00|2025-10-13T11:31:13+00:00|2025-10-13T11:31:29+00:00,,true,,,,,,ABANDONED,false,0,0,0,0,0,0,0,0,0,0,0,0,0,0,0,0,0,0,0,0,0,0,0,0,0,0,0,0,ABANDONED,false,R0
065Bh717xAoSdq2Ze9pmnfC5A,2025-10-13 11:42:00.484294 UTC,2025-10-13 11:44:36.964169 UTC,11,2025-10-13T11:42:00+00:00|2025-10-13T11:42:05+00:00|2025-10-13T11:42:19+00:00|2025-10-13T11:42:38+00:00|2025-10-13T11:42:59+00:00|2025-10-13T11:43:27+00:00|2025-10-13T11:43:37+00:00|2025-10-13T11:43:50+00:00|2025-10-13T11:44:13+00:00|2025-10-13T11:44:29+00:00|2025-10-13T11:44:36+00:00,,true,false,,,false,,ABANDONED,false,0,0,0,0,0,0,0,0,0,0,0,0,0,0,0,0,0,0,0,0,0,0,0,0,0,0,0,0,ABANDONED,false,R0
fcf8bf07-944f-4cb2-b49e-df5a713a8e1b,2025-10-13 12:34:08.665199 UTC,2025-10-13 12:34:59.778935 UTC,8,2025-10-13T12:34:08+00:00|2025-10-13T12:34:12+00:00|2025-10-13T12:34:36+00:00|2025-10-13T12:34:38+00:00|2025-10-13T12:34:46+00:00|2025-10-13T12:34:54+00:00|2025-10-13T12:34:56+00:00|2025-10-13T12:34:59+00:00,America/Los_Angeles,true,,,,,,ABANDONED,false,0,0,0,0,0,0,0,0,0,0,0,0,0,0,0,0,0,0,0,0,0,0,0,0,0,0,0,0,ABANDONED,false,R0
85d1241a-1a5f-4e37-ae01-3ffd6688af6d,2025-10-13 12:36:34.886558 UTC,2025-10-13 12:36:46.764039 UTC,8,2025-10-13T12:36:34+00:00|2025-10-13T12:36:37+00:00|2025-10-13T12:36:38+00:00|2025-10-13T12:36:39+00:00|2025-10-13T12:36:41+00:00|2025-10-13T12:36:44+00:00|2025-10-13T12:36:45+00:00|2025-10-13T12:36:46+00:00,America/Los_Angeles,true,,,,,,ABANDONED,false,0,0,0,0,0,0,0,0,0,0,0,0,0,0,0,0,0,0,0,0,0,0,0,0,0,0,0,0,ABANDONED,false,R0
c7dbcbf9-f6cb-48f0-a43f-08cfdb65cb9e,2025-10-13 12:42:10.803209 UTC,2025-10-13 12:42:49.487775 UTC,8,2025-10-13T12:42:10+00:00|2025-10-13T12:42:14+00:00|2025-10-13T12:42:17+00:00|2025-10-13T12:42:23+00:00|2025-10-13T12:42:31+00:00|2025-10-13T12:42:38+00:00|2025-10-13T12:42:44+00:00|2025-10-13T12:42:49+00:00,America/Los_Angeles,,,,,,,ABANDONED,false,0,0,0,0,0,0,0,0,0,0,0,0,0,0,0,0,0,0,0,0,0,0,0,0,0,0,0,0,ABANDONED,false,R0
75374175-3f52-4006-b87c-f7d30b975e82,2025-10-13 12:49:28.749903 UTC,2025-10-13 12:49:40.259744 UTC,8,2025-10-13T12:49:28+00:00|2025-10-13T12:49:31+00:00|2025-10-13T12:49:32+00:00|2025-10-13T12:49:33+00:00|2025-10-13T12:49:35+00:00|2025-10-13T12:49:38+00:00|2025-10-13T12:49:39+00:00|2025-10-13T12:49:40+00:00,America/Los_Angeles,true,,,,,,ABANDONED,false,0,0,0,0,0,0,0,0,0,0,0,0,0,0,0,0,0,0,0,0,0,0,0,0,0,0,0,0,ABANDONED,false,R0
632f6e88-9344-4ec5-b766-4b7e70e7af13,2025-10-13 12:50:46.129253 UTC,2025-10-13 13:01:45.978235 UTC,13,2025-10-13T12:50:46+00:00|2025-10-13T12:50:50+00:00|2025-10-13T12:50:55+00:00|2025-10-13T12:50:57+00:00|2025-10-13T12:51:06+00:00|2025-10-13T12:51:09+00:00|2025-10-13T12:51:20+00:00|2025-10-13T12:51:43+00:00|2025-10-13T12:51:58+00:00|2025-10-13T12:52:10+00:00|2025-10-13T12:52:12+00:00|2025-10-13T12:52:14+00:00|2025-10-13T13:01:45+00:00,America/Los_Angeles,true,,,,,,ABANDONED,false,0,0,0,0,0,0,0,0,0,0,0,0,0,0,0,0,0,0,0,0,0,0,0,0,0,0,0,0,ABANDONED,false,R0
0002ac53-4145-4af8-8f8f-568dc9747da5,2025-10-13 13:03:43.390939 UTC,2025-10-13 13:03:57.72089 UTC,10,2025-10-13T13:03:43+00:00|2025-10-13T13:03:45+00:00|2025-10-13T13:03:46+00:00|2025-10-13T13:03:47+00:00|2025-10-13T13:03:49+00:00|2025-10-13T13:03:52+00:00|2025-10-13T13:03:52+00:00|2025-10-13T13:03:54+00:00|2025-10-13T13:03:56+00:00|2025-10-13T13:03:57+00:00,America/Los_Angeles,$session.params.escalate,,,,,,ABANDONED,false,0,0,0,0,0,0,0,0,0,0,0,0,0,0,0,0,0,0,0,0,0,0,0,0,0,0,0,0,ABANDONED,false,R0
11976rlhv94TrGvahTWw-Wynw,2025-10-13 13:20:06.618223 UTC,2025-10-13 13:20:28.218844 UTC,3,2025-10-13T13:20:06+00:00|2025-10-13T13:20:16+00:00|2025-10-13T13:20:28+00:00,,,,,,,,ABANDONED,false,0,0,0,0,0,0,0,0,0,0,0,0,0,0,0,0,0,0,0,0,0,0,0,0,0,0,0,0,ABANDONED,false,R0
6fab905e-cf97-4639-aa0f-30fe0c84cf13,2025-10-13 13:32:37.224402 UTC,2025-10-13 13:38:30.989125 UTC,11,2025-10-13T13:32:37+00:00|2025-10-13T13:32:44+00:00|2025-10-13T13:32:57+00:00|2025-10-13T13:33:02+00:00|2025-10-13T13:33:17+00:00|2025-10-13T13:33:30+00:00|2025-10-13T13:37:43+00:00|2025-10-13T13:37:58+00:00|2025-10-13T13:38:05+00:00|2025-10-13T13:38:13+00:00|2025-10-13T13:38:30+00:00,America/Los_Angeles,,,,,,,ABANDONED,false,0,0,0,0,0,0,0,0,0,0,0,0,0,0,0,0,0,0,0,0,0,0,0,0,0,0,0,0,ABANDONED,false,R0
103WgCjPVKDR6Chs-dK13pCBg,2025-10-13 13:55:43.316787 UTC,2025-10-13 13:57:28.574043 UTC,7,2025-10-13T13:55:43+00:00|2025-10-13T13:55:52+00:00|2025-10-13T13:56:02+00:00|2025-10-13T13:56:24+00:00|2025-10-13T13:56:44+00:00|2025-10-13T13:57:06+00:00|2025-10-13T13:57:28+00:00,,$session.params.escalate,,,,,,ABANDONED,false,0,0,0,0,0,0,0,0,0,0,0,0,0,0,0,0,0,0,0,0,0,0,0,0,0,0,0,0,ABANDONED,false,R0
081nbaDDpu5SjWT5ep2do-ONQ,2025-10-13 14:11:09.53611 UTC,2025-10-13 14:12:55.088768 UTC,7,2025-10-13T14:11:09+00:00|2025-10-13T14:11:15+00:00|2025-10-13T14:11:26+00:00|2025-10-13T14:11:49+00:00|2025-10-13T14:12:09+00:00|2025-10-13T14:12:33+00:00|2025-10-13T14:12:55+00:00,,$session.params.escalate,,,,,,ABANDONED,false,0,0,0,0,0,0,0,0,0,0,0,0,0,0,0,0,0,0,0,0,0,0,0,0,0,0,0,0,ABANDONED,false,R0
103zFeDETP6T46tiu7ymiZT0g,2025-10-13 14:14:21.200818 UTC,2025-10-13 14:17:47.838449 UTC,13,2025-10-13T14:14:21+00:00|2025-10-13T14:14:26+00:00|2025-10-13T14:14:38+00:00|2025-10-13T14:15:04+00:00|2025-10-13T14:15:24+00:00|2025-10-13T14:15:45+00:00|2025-10-13T14:16:05+00:00|2025-10-13T14:16:21+00:00|2025-10-13T14:16:33+00:00|2025-10-13T14:16:59+00:00|2025-10-13T14:17:13+00:00|2025-10-13T14:17:31+00:00|2025-10-13T14:17:47+00:00,,,,,,,,ABANDONED,false,0,0,0,0,0,0,0,0,0,0,0,0,0,0,0,0,0,0,0,0,0,0,0,0,0,0,0,0,ABANDONED,false,R0
641527b8-7813-42be-90dd-5991f36eb3ff,2025-10-13 14:24:09.705558 UTC,2025-10-13 14:25:17.463343 UTC,7,2025-10-13T14:24:09+00:00|2025-10-13T14:24:17+00:00|2025-10-13T14:24:43+00:00|2025-10-13T14:24:47+00:00|2025-10-13T14:25:01+00:00|2025-10-13T14:25:13+00:00|2025-10-13T14:25:17+00:00,America/Los_Angeles,$session.params.escalate,,,,,,ABANDONED,false,0,0,0,0,0,0,0,0,0,0,0,0,0,0,0,0,0,0,0,0,0,0,0,0,0,0,0,0,ABANDONED,false,R0
085c4e1c-1fed-431a-84dd-9ec0c848e358,2025-10-13 14:25:42.912459 UTC,2025-10-13 14:25:51.927613 UTC,7,2025-10-13T14:25:42+00:00|2025-10-13T14:25:44+00:00|2025-10-13T14:25:45+00:00|2025-10-13T14:25:46+00:00|2025-10-13T14:25:48+00:00|2025-10-13T14:25:51+00:00|2025-10-13T14:25:51+00:00,America/Los_Angeles,$session.params.escalate,,,,,,ABANDONED,false,0,0,0,0,0,0,0,0,0,0,0,0,0,0,0,0,0,0,0,0,0,0,0,0,0,0,0,0,ABANDONED,false,R0
c29c5349-5662-4b12-b064-1fbb6041aa7d,2025-10-13 14:26:37.149418 UTC,2025-10-13 14:26:46.735965 UTC,7,2025-10-13T14:26:37+00:00|2025-10-13T14:26:39+00:00|2025-10-13T14:26:39+00:00|2025-10-13T14:26:40+00:00|2025-10-13T14:26:43+00:00|2025-10-13T14:26:45+00:00|2025-10-13T14:26:46+00:00,America/Los_Angeles,true,,,,,,ABANDONED,false,0,0,0,0,0,0,0,0,0,0,0,0,0,0,0,0,0,0,0,0,0,0,0,0,0,0,0,0,ABANDONED,false,R0
1c09799a-a637-490a-bdca-13a8f85d66d4,2025-10-13 15:26:37.165246 UTC,2025-10-13 15:27:11.402134 UTC,8,2025-10-13T15:26:37+00:00|2025-10-13T15:26:40+00:00|2025-10-13T15:26:51+00:00|2025-10-13T15:26:53+00:00|2025-10-13T15:26:59+00:00|2025-10-13T15:27:03+00:00|2025-10-13T15:27:07+00:00|2025-10-13T15:27:11+00:00,America/Los_Angeles,,,,,,,ABANDONED,false,0,0,0,0,0,0,0,0,0,0,0,0,0,0,0,0,0,0,0,0,0,0,0,0,0,0,0,0,ABANDONED,false,R0
58b9479e-48aa-4fd7-bcd0-23907ea7d98c,2025-10-13 15:27:34.341044 UTC,2025-10-13 15:27:44.49534 UTC,8,2025-10-13T15:27:34+00:00|2025-10-13T15:27:36+00:00|2025-10-13T15:27:37+00:00|2025-10-13T15:27:38+00:00|2025-10-13T15:27:40+00:00|2025-10-13T15:27:43+00:00|2025-10-13T15:27:43+00:00|2025-10-13T15:27:44+00:00,America/Los_Angeles,,,,,,,ABANDONED,false,0,0,0,0,0,0,0,0,0,0,0,0,0,0,0,0,0,0,0,0,0,0,0,0,0,0,0,0,ABANDONED,false,R0
7e52d92f-deb4-4ca4-909b-81991744a45d,2025-10-13 15:30:41.339931 UTC,2025-10-13 15:31:09.977798 UTC,9,2025-10-13T15:30:41+00:00|2025-10-13T15:30:43+00:00|2025-10-13T15:30:45+00:00|2025-10-13T15:30:46+00:00|2025-10-13T15:30:48+00:00|2025-10-13T15:30:51+00:00|2025-10-13T15:30:51+00:00|2025-10-13T15:30:52+00:00|2025-10-13T15:31:09+00:00,America/Los_Angeles,,,,,,,ABANDONED,false,0,0,0,0,0,0,0,0,0,0,0,0,0,0,0,0,0,0,0,0,0,0,0,0,0,0,0,0,ABANDONED,false,R0
065KYviAhG-RgW2B40m_mfTWA,2025-10-13 17:32:56.806427 UTC,2025-10-13 17:34:59.973714 UTC,8,2025-10-13T17:32:56+00:00|2025-10-13T17:33:02+00:00|2025-10-13T17:33:13+00:00|2025-10-13T17:33:36+00:00|2025-10-13T17:33:58+00:00|2025-10-13T17:34:35+00:00|2025-10-13T17:34:42+00:00|2025-10-13T17:34:59+00:00,,,,,,,,ABANDONED,false,0,0,0,0,0,0,0,0,0,0,0,0,0,0,0,0,0,0,0,0,0,0,0,0,0,0,0,0,ABANDONED,false,R0
871982d0-b411-43ca-a320-e5958438adc8,2025-10-13 17:36:51.240826 UTC,2025-10-13 17:40:20.459243 UTC,9,2025-10-13T17:36:51+00:00|2025-10-13T17:37:03+00:00|2025-10-13T17:37:14+00:00|2025-10-13T17:37:20+00:00|2025-10-13T17:39:01+00:00|2025-10-13T17:39:51+00:00|2025-10-13T17:39:55+00:00|2025-10-13T17:40:13+00:00|2025-10-13T17:40:20+00:00,America/Los_Angeles,,,,,,,ABANDONED,false,0,0,0,0,0,0,0,0,0,0,0,0,0,0,0,0,0,0,0,0,0,0,0,0,0,0,0,0,ABANDONED,false,R0
41c8b6b4-9e90-45c3-994a-b055f280b51c,2025-10-13 17:41:52.270254 UTC,2025-10-13 17:46:07.1925 UTC,10,2025-10-13T17:41:52+00:00|2025-10-13T17:41:55+00:00|2025-10-13T17:41:58+00:00|2025-10-13T17:42:01+00:00|2025-10-13T17:42:42+00:00|2025-10-13T17:42:51+00:00|2025-10-13T17:44:22+00:00|2025-10-13T17:44:28+00:00|2025-10-13T17:46:02+00:00|2025-10-13T17:46:07+00:00,America/Los_Angeles,,,,,,,ABANDONED,false,0,0,0,0,0,0,0,0,0,0,0,0,0,0,0,0,0,0,0,0,0,0,0,0,0,0,0,0,ABANDONED,false,R0
979ac2a9-93b8-4077-a044-6709f4b10f2f,2025-10-13 17:53:03.716109 UTC,2025-10-13 17:53:54.293792 UTC,6,2025-10-13T17:53:03+00:00|2025-10-13T17:53:10+00:00|2025-10-13T17:53:13+00:00|2025-10-13T17:53:20+00:00|2025-10-13T17:53:28+00:00|2025-10-13T17:53:54+00:00,America/Los_Angeles,,,,,,,ABANDONED,false,0,0,0,0,0,0,0,0,0,0,0,0,0,0,0,0,0,0,0,0,0,0,0,0,0,0,0,0,ABANDONED,false,R0
709f8503-339b-439e-b432-3cdd8c69f6ae,2025-10-13 17:57:25.708491 UTC,2025-10-13 17:58:00.673584 UTC,6,2025-10-13T17:57:25+00:00|2025-10-13T17:57:30+00:00|2025-10-13T17:57:41+00:00|2025-10-13T17:57:45+00:00|2025-10-13T17:57:54+00:00|2025-10-13T17:58:00+00:00,America/Los_Angeles,,,,,,,ABANDONED,false,0,0,0,0,0,0,0,0,0,0,0,0,0,0,0,0,0,0,0,0,0,0,0,0,0,0,0,0,ABANDONED,false,R0
0fe2e1d0-605c-49f2-9d4e-ff763eb42d59,2025-10-13 18:34:22.010226 UTC,2025-10-13 18:34:35.958255 UTC,3,2025-10-13T18:34:22+00:00|2025-10-13T18:34:24+00:00|2025-10-13T18:34:35+00:00,America/Los_Angeles,,,,,,,ABANDONED,false,0,0,0,0,0,0,0,0,0,0,0,0,0,0,0,0,0,0,0,0,0,0,0,0,0,0,0,0,ABANDONED,false,R0
64b14c46-1dbd-4ba5-9bca-fc3d0889141f,2025-10-13 18:34:47.389887 UTC,2025-10-13 18:34:53.706395 UTC,3,2025-10-13T18:34:47+00:00|2025-10-13T18:34:51+00:00|2025-10-13T18:34:53+00:00,America/Los_Angeles,,,,,,,ABANDONED,false,0,0,0,0,0,0,0,0,0,0,0,0,0,0,0,0,0,0,0,0,0,0,0,0,0,0,0,0,ABANDONED,false,R0
b0de0c5b-6f65-4753-b7f8-90c950657da4,2025-10-13 18:35:18.805832 UTC,2025-10-13 18:35:22.184007 UTC,3,2025-10-13T18:35:18+00:00|2025-10-13T18:35:20+00:00|2025-10-13T18:35:22+00:00,America/Los_Angeles,,,,,,,ABANDONED,false,0,0,0,0,0,0,0,0,0,0,0,0,0,0,0,0,0,0,0,0,0,0,0,0,0,0,0,0,ABANDONED,false,R0
abc9b00a-5534-4b4a-be60-374706c7d64c,2025-10-13 18:35:46.017668 UTC,2025-10-13 18:36:02.248594 UTC,5,2025-10-13T18:35:46+00:00|2025-10-13T18:35:47+00:00|2025-10-13T18:35:49+00:00|2025-10-13T18:36:00+00:00|2025-10-13T18:36:02+00:00,America/Los_Angeles,$session.params.escalate,,,,,,ABANDONED,false,0,0,0,0,0,0,0,0,0,0,0,0,0,0,0,0,0,0,0,0,0,0,0,0,0,0,0,0,ABANDONED,false,R0
ae74d343-2f40-4fbf-b81c-78cf1a529fb3,2025-10-13 18:36:40.526177 UTC,2025-10-13 18:36:45.251735 UTC,5,2025-10-13T18:36:40+00:00|2025-10-13T18:36:42+00:00|2025-10-13T18:36:43+00:00|2025-10-13T18:36:44+00:00|2025-10-13T18:36:45+00:00,America/Los_Angeles,true,,,,,,ABANDONED,false,0,0,0,0,0,0,0,0,0,0,0,0,0,0,0,0,0,0,0,0,0,0,0,0,0,0,0,0,ABANDONED,false,R0
556b680e-007f-4627-a2f0-49f2bdd6c27b,2025-10-13 18:38:41.05059 UTC,2025-10-13 18:38:54.745115 UTC,5,2025-10-13T18:38:41+00:00|2025-10-13T18:38:43+00:00|2025-10-13T18:38:49+00:00|2025-10-13T18:38:52+00:00|2025-10-13T18:38:54+00:00,America/Los_Angeles,$session.params.escalate,,,,,,ABANDONED,false,0,0,0,0,0,0,0,0,0,0,0,0,0,0,0,0,0,0,0,0,0,0,0,0,0,0,0,0,ABANDONED,false,R0
e2acea49-2b47-4ffd-ab45-b7cf7388b1e8,2025-10-13 18:39:12.961624 UTC,2025-10-13 18:39:26.708192 UTC,5,2025-10-13T18:39:12+00:00|2025-10-13T18:39:15+00:00|2025-10-13T18:39:21+00:00|2025-10-13T18:39:25+00:00|2025-10-13T18:39:26+00:00,America/Los_Angeles,true,,,,,,ABANDONED,false,0,0,0,0,0,0,0,0,0,0,0,0,0,0,0,0,0,0,0,0,0,0,0,0,0,0,0,0,ABANDONED,false,R0
54742c1a-b038-4e93-8b35-f828219160f0,2025-10-13 18:44:46.028884 UTC,2025-10-13 18:45:02.016365 UTC,4,2025-10-13T18:44:46+00:00|2025-10-13T18:44:48+00:00|2025-10-13T18:44:58+00:00|2025-10-13T18:45:02+00:00,America/Los_Angeles,,,,,,,ABANDONED,false,0,0,0,0,0,0,0,0,0,0,0,0,0,0,0,0,0,0,0,0,0,0,0,0,0,0,0,0,ABANDONED,false,R0
d9f8625e-3f28-432b-9b58-696150fdc79b,2025-10-13 18:45:37.49921 UTC,2025-10-13 18:46:00.292452 UTC,6,2025-10-13T18:45:37+00:00|2025-10-13T18:45:39+00:00|2025-10-13T18:45:41+00:00|2025-10-13T18:45:42+00:00|2025-10-13T18:45:55+00:00|2025-10-13T18:46:00+00:00,America/Los_Angeles,$session.params.escalate,,,,,,ABANDONED,false,0,0,0,0,0,0,0,0,0,0,0,0,0,0,0,0,0,0,0,0,0,0,0,0,0,0,0,0,ABANDONED,false,R0
ac843696-7b45-4364-a40c-3cf523ab1f52,2025-10-13 18:46:39.803499 UTC,2025-10-13 18:46:54.038561 UTC,5,2025-10-13T18:46:39+00:00|2025-10-13T18:46:42+00:00|2025-10-13T18:46:48+00:00|2025-10-13T18:46:50+00:00|2025-10-13T18:46:54+00:00,America/Los_Angeles,,,,,,,ABANDONED,false,0,0,0,0,0,0,0,0,0,0,0,0,0,0,0,0,0,0,0,0,0,0,0,0,0,0,0,0,ABANDONED,false,R0
4f8230a2-097d-46da-b2f8-082fc7ce6e99,2025-10-13 18:47:26.452722 UTC,2025-10-13 18:47:31.576094 UTC,5,2025-10-13T18:47:26+00:00|2025-10-13T18:47:28+00:00|2025-10-13T18:47:30+00:00|2025-10-13T18:47:30+00:00|2025-10-13T18:47:31+00:00,America/Los_Angeles,true,,,,,,ABANDONED,false,0,0,0,0,0,0,0,0,0,0,0,0,0,0,0,0,0,0,0,0,0,0,0,0,0,0,0,0,ABANDONED,false,R0
56fe9cbe-72ed-4397-b5d0-90042f823e9b,2025-10-13 18:54:35.828467 UTC,2025-10-13 18:54:39.606977 UTC,2,2025-10-13T18:54:35+00:00|2025-10-13T18:54:39+00:00,America/Los_Angeles,,,,,,,ABANDONED,false,0,0,0,0,0,0,0,0,0,0,0,0,0,0,0,0,0,0,0,0,0,0,0,0,0,0,0,0,ABANDONED,false,R0
20e287f7-e66f-47d0-b6bd-ab5dc459735e,2025-10-13 19:25:36.620466 UTC,2025-10-13 19:26:01.354336 UTC,7,2025-10-13T19:25:36+00:00|2025-10-13T19:25:41+00:00|2025-10-13T19:25:51+00:00|2025-10-13T19:25:55+00:00|2025-10-13T19:25:59+00:00|2025-10-13T19:26:00+00:00|2025-10-13T19:26:01+00:00,America/Los_Angeles,true,,,,,,ABANDONED,false,0,0,0,0,0,0,0,0,0,0,0,0,0,0,0,0,0,0,0,0,0,0,0,0,0,0,0,0,ABANDONED,false,R0
5e54554c-b403-4ec9-89ea-ddf2982fd427,2025-10-13 19:26:12.970974 UTC,2025-10-13 19:26:31.042176 UTC,7,2025-10-13T19:26:12+00:00|2025-10-13T19:26:14+00:00|2025-10-13T19:26:16+00:00|2025-10-13T19:26:17+00:00|2025-10-13T19:26:24+00:00|2025-10-13T19:26:27+00:00|2025-10-13T19:26:31+00:00,America/Los_Angeles,true,,,,,,ABANDONED,false,0,0,0,0,0,0,0,0,0,0,0,0,0,0,0,0,0,0,0,0,0,0,0,0,0,0,0,0,ABANDONED,false,R0
f178e4be-0c61-4869-907c-aaef5cfa3206,2025-10-13 19:26:47.162212 UTC,2025-10-13 19:27:17.766731 UTC,7,2025-10-13T19:26:47+00:00|2025-10-13T19:26:48+00:00|2025-10-13T19:26:50+00:00|2025-10-13T19:26:51+00:00|2025-10-13T19:26:52+00:00|2025-10-13T19:27:03+00:00|2025-10-13T19:27:17+00:00,America/Los_Angeles,true,,,,,,ABANDONED,false,0,0,0,0,0,0,0,0,0,0,0,0,0,0,0,0,0,0,0,0,0,0,0,0,0,0,0,0,ABANDONED,false,R0
16c2a16f-c745-4d4b-940a-9dcd1ffe2397,2025-10-13 19:51:33.255098 UTC,2025-10-13 20:25:08.970284 UTC,42,2025-10-13T19:51:33+00:00|2025-10-13T19:51:39+00:00|2025-10-13T19:52:14+00:00|2025-10-13T19:52:24+00:00|2025-10-13T19:52:30+00:00|2025-10-13T19:52:39+00:00|2025-10-13T19:53:03+00:00|2025-10-13T19:53:53+00:00|2025-10-13T19:54:01+00:00|2025-10-13T19:54:05+00:00|2025-10-13T19:54:11+00:00|2025-10-13T19:58:52+00:00|2025-10-13T19:58:57+00:00|2025-10-13T19:59:46+00:00|2025-10-13T20:00:00+00:00|2025-10-13T20:00:08+00:00|2025-10-13T20:04:35+00:00|2025-10-13T20:04:40+00:00|2025-10-13T20:05:40+00:00|2025-10-13T20:06:02+00:00|2025-10-13T20:06:05+00:00|2025-10-13T20:06:18+00:00|2025-10-13T20:06:54+00:00|2025-10-13T20:09:07+00:00|2025-10-13T20:09:33+00:00|2025-10-13T20:09:44+00:00|2025-10-13T20:09:52+00:00|2025-10-13T20:09:58+00:00|2025-10-13T20:11:55+00:00|2025-10-13T20:11:59+00:00|2025-10-13T20:12:58+00:00|2025-10-13T20:14:47+00:00|2025-10-13T20:15:03+00:00|2025-10-13T20:23:02+00:00|2025-10-13T20:23:09+00:00|2025-10-13T20:23:22+00:00|2025-10-13T20:23:35+00:00|2025-10-13T20:23:39+00:00|2025-10-13T20:23:44+00:00|2025-10-13T20:23:52+00:00|2025-10-13T20:24:11+00:00|2025-10-13T20:25:08+00:00,America/Los_Angeles,$session.params.escalate,,,,,,ABANDONED,false,0,0,0,0,0,0,0,0,0,0,0,0,0,0,0,0,0,0,0,0,0,0,0,0,0,0,0,0,ABANDONED,false,R0
a1cbe4ed-fe83-4ac2-9733-e9f7e487c107,2025-10-13 20:25:18.038359 UTC,2025-10-13 20:27:37.16221 UTC,14,2025-10-13T20:25:18+00:00|2025-10-13T20:25:20+00:00|2025-10-13T20:25:21+00:00|2025-10-13T20:25:22+00:00|2025-10-13T20:25:24+00:00|2025-10-13T20:25:36+00:00|2025-10-13T20:25:59+00:00|2025-10-13T20:26:33+00:00|2025-10-13T20:26:47+00:00|2025-10-13T20:26:54+00:00|2025-10-13T20:27:06+00:00|2025-10-13T20:27:17+00:00|2025-10-13T20:27:25+00:00|2025-10-13T20:27:37+00:00,America/Los_Angeles,$session.params.escalate,,,,,,ABANDONED,false,0,0,0,0,0,0,0,0,0,0,0,0,0,0,0,0,0,0,0,0,0,0,0,0,0,0,0,0,ABANDONED,false,R3
d9dfcf2c-c129-4072-930a-dfd1daa8c1e5,2025-10-13 20:28:29.154321 UTC,2025-10-13 20:58:46.664577 UTC,23,2025-10-13T20:28:29+00:00|2025-10-13T20:28:31+00:00|2025-10-13T20:28:32+00:00|2025-10-13T20:28:32+00:00|2025-10-13T20:28:34+00:00|2025-10-13T20:28:37+00:00|2025-10-13T20:28:37+00:00|2025-10-13T20:28:40+00:00|2025-10-13T20:28:41+00:00|2025-10-13T20:28:43+00:00|2025-10-13T20:28:44+00:00|2025-10-13T20:28:46+00:00|2025-10-13T20:28:49+00:00|2025-10-13T20:28:49+00:00|2025-10-13T20:58:05+00:00|2025-10-13T20:58:09+00:00|2025-10-13T20:58:16+00:00|2025-10-13T20:58:19+00:00|2025-10-13T20:58:24+00:00|2025-10-13T20:58:29+00:00|2025-10-13T20:58:34+00:00|2025-10-13T20:58:39+00:00|2025-10-13T20:58:46+00:00,America/Los_Angeles,$session.params.escalate,,,,,,ABANDONED,false,0,0,0,0,0,0,0,0,0,0,0,0,0,0,0,0,0,0,0,0,0,0,0,0,0,0,0,0,ABANDONED,false,R3
ad3a2406-c8ce-41ae-9a5a-d1a5b356f0c0,2025-10-13 20:30:03.586678 UTC,2025-10-13 20:31:15.214657 UTC,14,2025-10-13T20:30:03+00:00|2025-10-13T20:30:09+00:00|2025-10-13T20:30:12+00:00|2025-10-13T20:30:14+00:00|2025-10-13T20:30:27+00:00|2025-10-13T20:30:31+00:00|2025-10-13T20:30:33+00:00|2025-10-13T20:30:38+00:00|2025-10-13T20:30:42+00:00|2025-10-13T20:30:46+00:00|2025-10-13T20:30:50+00:00|2025-10-13T20:31:04+00:00|2025-10-13T20:31:10+00:00|2025-10-13T20:31:15+00:00,America/Los_Angeles,$session.params.escalate,,,,,,ABANDONED,false,0,0,0,0,0,0,0,0,0,0,0,0,0,0,0,0,0,0,0,0,0,0,0,0,0,0,0,0,ABANDONED,false,R3
142d4d9a-c9d1-47c6-b47a-5fd5afd52b82,2025-10-13 20:32:59.066512 UTC,2025-10-13 20:33:19.981357 UTC,14,2025-10-13T20:32:59+00:00|2025-10-13T20:33:00+00:00|2025-10-13T20:33:02+00:00|2025-10-13T20:33:03+00:00|2025-10-13T20:33:05+00:00|2025-10-13T20:33:08+00:00|2025-10-13T20:33:08+00:00|2025-10-13T20:33:09+00:00|2025-10-13T20:33:12+00:00|2025-10-13T20:33:13+00:00|2025-10-13T20:33:15+00:00|2025-10-13T20:33:16+00:00|2025-10-13T20:33:19+00:00|2025-10-13T20:33:19+00:00,America/Los_Angeles,$session.params.escalate,,,,,,ABANDONED,false,0,0,0,0,0,0,0,0,0,0,0,0,0,0,0,0,0,0,0,0,0,0,0,0,0,0,0,0,ABANDONED,false,R3
3539c5f1-c8f6-49a5-9ba8-5da20fbb83a6,2025-10-13 20:35:01.096153 UTC,2025-10-13 20:35:22.240793 UTC,14,2025-10-13T20:35:01+00:00|2025-10-13T20:35:03+00:00|2025-10-13T20:35:04+00:00|2025-10-13T20:35:05+00:00|2025-10-13T20:35:07+00:00|2025-10-13T20:35:10+00:00|2025-10-13T20:35:10+00:00|2025-10-13T20:35:11+00:00|2025-10-13T20:35:14+00:00|2025-10-13T20:35:14+00:00|2025-10-13T20:35:17+00:00|2025-10-13T20:35:18+00:00|2025-10-13T20:35:21+00:00|2025-10-13T20:35:22+00:00,America/Los_Angeles,$session.params.escalate,,,,,,ABANDONED,false,0,0,0,0,0,0,0,0,0,0,0,0,0,0,0,0,0,0,0,0,0,0,0,0,0,0,0,0,ABANDONED,false,R3
e1c21efa-e413-4d98-962c-7c2ec8ba5a3f,2025-10-13 20:36:29.949915 UTC,2025-10-13 20:36:50.865077 UTC,14,2025-10-13T20:36:29+00:00|2025-10-13T20:36:31+00:00|2025-10-13T20:36:33+00:00|2025-10-13T20:36:34+00:00|2025-10-13T20:36:36+00:00|2025-10-13T20:36:38+00:00|2025-10-13T20:36:39+00:00|2025-10-13T20:36:40+00:00|2025-10-13T20:36:43+00:00|2025-10-13T20:36:43+00:00|2025-10-13T20:36:46+00:00|2025-10-13T20:36:47+00:00|2025-10-13T20:36:50+00:00|2025-10-13T20:36:50+00:00,America/Los_Angeles,$session.params.escalate,,,,,,ABANDONED,false,0,0,0,0,0,0,0,0,0,0,0,0,0,0,0,0,0,0,0,0,0,0,0,0,0,0,0,0,ABANDONED,false,R3
786a0223-b900-427f-9a94-8a4db4c6f97b,2025-10-13 20:38:08.910566 UTC,2025-10-13 20:38:29.453559 UTC,14,2025-10-13T20:38:08+00:00|2025-10-13T20:38:10+00:00|2025-10-13T20:38:12+00:00|2025-10-13T20:38:12+00:00|2025-10-13T20:38:15+00:00|2025-10-13T20:38:17+00:00|2025-10-13T20:38:18+00:00|2025-10-13T20:38:19+00:00|2025-10-13T20:38:21+00:00|2025-10-13T20:38:22+00:00|2025-10-13T20:38:24+00:00|2025-10-13T20:38:25+00:00|2025-10-13T20:38:28+00:00|2025-10-13T20:38:29+00:00,America/Los_Angeles,$session.params.escalate,,,,,,ABANDONED,false,0,0,0,0,0,0,0,0,0,0,0,0,0,0,0,0,0,0,0,0,0,0,0,0,0,0,0,0,ABANDONED,false,R3
14ec01c1-0bdb-4613-bf8e-9cf0521a4f33,2025-10-13 20:39:50.77905 UTC,2025-10-13 20:40:19.016126 UTC,14,2025-10-13T20:39:50+00:00|2025-10-13T20:39:53+00:00|2025-10-13T20:39:55+00:00|2025-10-13T20:39:56+00:00|2025-10-13T20:40:00+00:00|2025-10-13T20:40:02+00:00|2025-10-13T20:40:03+00:00|2025-10-13T20:40:04+00:00|2025-10-13T20:40:07+00:00|2025-10-13T20:40:08+00:00|2025-10-13T20:40:11+00:00|2025-10-13T20:40:13+00:00|2025-10-13T20:40:16+00:00|2025-10-13T20:40:19+00:00,America/Los_Angeles,$session.params.escalate,,,,,,ABANDONED,false,0,0,0,0,0,0,0,0,0,0,0,0,0,0,0,0,0,0,0,0,0,0,0,0,0,0,0,0,ABANDONED,false,R3
951a1950-66a1-4a6a-ba8b-97a279039f76,2025-10-13 20:42:21.398164 UTC,2025-10-13 20:43:10.243796 UTC,13,2025-10-13T20:42:21+00:00|2025-10-13T20:42:24+00:00|2025-10-13T20:42:28+00:00|2025-10-13T20:42:32+00:00|2025-10-13T20:42:40+00:00|2025-10-13T20:42:45+00:00|2025-10-13T20:42:47+00:00|2025-10-13T20:42:52+00:00|2025-10-13T20:42:54+00:00|2025-10-13T20:42:59+00:00|2025-10-13T20:43:03+00:00|2025-10-13T20:43:08+00:00|2025-10-13T20:43:10+00:00,America/Los_Angeles,$session.params.escalate,,,,,,ABANDONED,false,0,0,0,0,0,0,0,0,0,0,0,0,0,0,0,0,0,0,0,0,0,0,0,0,0,0,0,0,ABANDONED,false,R3
07e73f54-36cb-4f32-9fbb-a51bf23d33e3,2025-10-13 20:43:39.993589 UTC,2025-10-13 20:44:05.921664 UTC,13,2025-10-13T20:43:39+00:00|2025-10-13T20:43:44+00:00|2025-10-13T20:43:46+00:00|2025-10-13T20:43:47+00:00|2025-10-13T20:43:49+00:00|2025-10-13T20:43:51+00:00|2025-10-13T20:43:52+00:00|2025-10-13T20:43:55+00:00|2025-10-13T20:43:56+00:00|2025-10-13T20:43:59+00:00|2025-10-13T20:43:59+00:00|2025-10-13T20:44:04+00:00|2025-10-13T20:44:05+00:00,America/Los_Angeles,true,,,,,,ABANDONED,false,0,0,0,0,0,0,0,0,0,0,0,0,0,0,0,0,0,0,0,0,0,0,0,0,0,0,0,0,ABANDONED,false,R3
82b7e91e-6a61-4456-a362-282560111143,2025-10-13 20:44:19.83966 UTC,2025-10-13 20:45:29.340276 UTC,12,2025-10-13T20:44:19+00:00|2025-10-13T20:44:23+00:00|2025-10-13T20:44:27+00:00|2025-10-13T20:44:29+00:00|2025-10-13T20:44:33+00:00|2025-10-13T20:44:37+00:00|2025-10-13T20:44:39+00:00|2025-10-13T20:44:42+00:00|2025-10-13T20:44:55+00:00|2025-10-13T20:45:07+00:00|2025-10-13T20:45:24+00:00|2025-10-13T20:45:29+00:00,America/Los_Angeles,true,,,,,,ABANDONED,false,0,0,0,0,0,0,0,0,0,0,0,0,0,0,0,0,0,0,0,0,0,0,0,0,0,0,0,0,ABANDONED,false,R3
ff25fcef-a2b3-4eda-a3b9-16c091800c1f,2025-10-13 20:45:56.334863 UTC,2025-10-13 20:46:38.625605 UTC,11,2025-10-13T20:45:56+00:00|2025-10-13T20:46:00+00:00|2025-10-13T20:46:06+00:00|2025-10-13T20:46:10+00:00|2025-10-13T20:46:14+00:00|2025-10-13T20:46:18+00:00|2025-10-13T20:46:21+00:00|2025-10-13T20:46:25+00:00|2025-10-13T20:46:30+00:00|2025-10-13T20:46:34+00:00|2025-10-13T20:46:38+00:00,America/Los_Angeles,true,,,,,,ABANDONED,false,0,0,0,0,0,0,0,0,0,0,0,0,0,0,0,0,0,0,0,0,0,0,0,0,0,0,0,0,ABANDONED,false,R3
144bbf4c-6e70-4e38-9535-b5f5c19eecfc,2025-10-13 21:04:26.921352 UTC,2025-10-13 21:05:12.928595 UTC,12,2025-10-13T21:04:26+00:00|2025-10-13T21:04:29+00:00|2025-10-13T21:04:31+00:00|2025-10-13T21:04:32+00:00|2025-10-13T21:04:34+00:00|2025-10-13T21:04:36+00:00|2025-10-13T21:04:38+00:00|2025-10-13T21:04:40+00:00|2025-10-13T21:04:42+00:00|2025-10-13T21:04:53+00:00|2025-10-13T21:05:03+00:00|2025-10-13T21:05:12+00:00,America/Los_Angeles,true,,,,,,ABANDONED,false,0,0,0,0,0,0,0,0,0,0,0,0,0,0,0,0,0,0,0,0,0,0,0,0,0,0,0,0,ABANDONED,false,R3
d4913ba3-e183-4e88-85c7-e60134289f1e,2025-10-13 21:09:34.9322 UTC,2025-10-13 21:10:18.604325 UTC,14,2025-10-13T21:09:34+00:00|2025-10-13T21:09:37+00:00|2025-10-13T21:09:39+00:00|2025-10-13T21:09:40+00:00|2025-10-13T21:09:42+00:00|2025-10-13T21:09:45+00:00|2025-10-13T21:09:46+00:00|2025-10-13T21:09:48+00:00|2025-10-13T21:09:49+00:00|2025-10-13T21:09:52+00:00|2025-10-13T21:09:53+00:00|2025-10-13T21:09:54+00:00|2025-10-13T21:10:12+00:00|2025-10-13T21:10:18+00:00,America/Los_Angeles,$session.params.escalate,,,,,,ABANDONED,false,0,0,0,0,0,0,0,0,0,0,0,0,0,0,0,0,0,0,0,0,0,0,0,0,0,0,0,0,ABANDONED,false,R3
03f1a0d8-7b11-450c-958c-9e61001f836f,2025-10-13 21:26:02.795324 UTC,2025-10-13 21:30:53.417108 UTC,22,2025-10-13T21:26:02+00:00|2025-10-13T21:26:11+00:00|2025-10-13T21:26:27+00:00|2025-10-13T21:26:31+00:00|2025-10-13T21:26:39+00:00|2025-10-13T21:26:55+00:00|2025-10-13T21:27:17+00:00|2025-10-13T21:27:32+00:00|2025-10-13T21:27:47+00:00|2025-10-13T21:27:56+00:00|2025-10-13T21:28:03+00:00|2025-10-13T21:28:21+00:00|2025-10-13T21:28:30+00:00|2025-10-13T21:28:45+00:00|2025-10-13T21:29:08+00:00|2025-10-13T21:29:22+00:00|2025-10-13T21:29:43+00:00|2025-10-13T21:30:09+00:00|2025-10-13T21:30:34+00:00|2025-10-13T21:30:43+00:00|2025-10-13T21:30:48+00:00|2025-10-13T21:30:53+00:00,America/Los_Angeles,,,,,,,ABANDONED,false,0,0,0,0,0,0,0,0,0,0,0,0,0,0,0,0,0,0,0,0,0,0,0,0,0,0,0,0,ABANDONED,false,R3
e697767b-32e4-4227-a259-8f17a5dbcdb6,2025-10-13 21:31:43.488732 UTC,2025-10-13 21:32:24.695166 UTC,22,2025-10-13T21:31:43+00:00|2025-10-13T21:31:46+00:00|2025-10-13T21:31:47+00:00|2025-10-13T21:31:48+00:00|2025-10-13T21:31:50+00:00|2025-10-13T21:31:52+00:00|2025-10-13T21:31:54+00:00|2025-10-13T21:31:56+00:00|2025-10-13T21:31:58+00:00|2025-10-13T21:31:58+00:00|2025-10-13T21:32:00+00:00|2025-10-13T21:32:01+00:00|2025-10-13T21:32:03+00:00|2025-10-13T21:32:05+00:00|2025-10-13T21:32:06+00:00|2025-10-13T21:32:07+00:00|2025-10-13T21:32:09+00:00|2025-10-13T21:32:11+00:00|2025-10-13T21:32:12+00:00|2025-10-13T21:32:14+00:00|2025-10-13T21:32:15+00:00|2025-10-13T21:32:24+00:00,America/Los_Angeles,$session.params.escalate,,,,,,ABANDONED,false,0,0,0,0,0,0,0,0,0,0,0,0,0,0,0,0,0,0,0,0,0,0,0,0,0,0,0,0,ABANDONED,false,R3
2756c2ab-ea21-47d3-9d49-75ea5c7154ad,2025-10-13 21:39:50.816034 UTC,2025-10-13 21:40:27.167209 UTC,22,2025-10-13T21:39:50+00:00|2025-10-13T21:39:53+00:00|2025-10-13T21:39:54+00:00|2025-10-13T21:39:55+00:00|2025-10-13T21:39:57+00:00|2025-10-13T21:39:59+00:00|2025-10-13T21:40:01+00:00|2025-10-13T21:40:03+00:00|2025-10-13T21:40:05+00:00|2025-10-13T21:40:06+00:00|2025-10-13T21:40:09+00:00|2025-10-13T21:40:10+00:00|2025-10-13T21:40:11+00:00|2025-10-13T21:40:13+00:00|2025-10-13T21:40:15+00:00|2025-10-13T21:40:16+00:00|2025-10-13T21:40:18+00:00|2025-10-13T21:40:19+00:00|2025-10-13T21:40:21+00:00|2025-10-13T21:40:23+00:00|2025-10-13T21:40:24+00:00|2025-10-13T21:40:27+00:00,America/Los_Angeles,$session.params.escalate,,,,,,ABANDONED,false,0,0,0,0,0,0,0,0,0,0,0,0,0,0,0,0,0,0,0,0,0,0,0,0,0,0,0,0,ABANDONED,false,R3
de9eaf96-2249-439f-8f02-92006761826f,2025-10-13 21:41:46.744822 UTC,2025-10-13 21:46:24.537313 UTC,21,2025-10-13T21:41:46+00:00|2025-10-13T21:41:50+00:00|2025-10-13T21:42:06+00:00|2025-10-13T21:42:13+00:00|2025-10-13T21:42:23+00:00|2025-10-13T21:42:28+00:00|2025-10-13T21:42:39+00:00|2025-10-13T21:42:43+00:00|2025-10-13T21:43:36+00:00|2025-10-13T21:43:50+00:00|2025-10-13T21:44:02+00:00|2025-10-13T21:44:08+00:00|2025-10-13T21:44:16+00:00|2025-10-13T21:44:21+00:00|2025-10-13T21:44:25+00:00|2025-10-13T21:44:29+00:00|2025-10-13T21:44:33+00:00|2025-10-13T21:44:38+00:00|2025-10-13T21:44:50+00:00|2025-10-13T21:46:19+00:00|2025-10-13T21:46:24+00:00,America/Los_Angeles,true,,,,,,ABANDONED,false,0,0,0,0,0,0,0,0,0,0,0,0,0,0,0,0,0,0,0,0,0,0,0,0,0,0,0,0,ABANDONED,false,R3
6b0c0f29-53c9-48b4-8521-cf9d2bc9859f,2025-10-13 21:47:09.033062 UTC,2025-10-13 21:47:42.405555 UTC,18,2025-10-13T21:47:09+00:00|2025-10-13T21:47:11+00:00|2025-10-13T21:47:12+00:00|2025-10-13T21:47:13+00:00|2025-10-13T21:47:16+00:00|2025-10-13T21:47:18+00:00|2025-10-13T21:47:20+00:00|2025-10-13T21:47:23+00:00|2025-10-13T21:47:24+00:00|2025-10-13T21:47:27+00:00|2025-10-13T21:47:27+00:00|2025-10-13T21:47:31+00:00|2025-10-13T21:47:32+00:00|2025-10-13T21:47:34+00:00|2025-10-13T21:47:35+00:00|2025-10-13T21:47:38+00:00|2025-10-13T21:47:39+00:00|2025-10-13T21:47:42+00:00,America/Los_Angeles,true,,,,,,ABANDONED,false,0,0,0,0,0,0,0,0,0,0,0,0,0,0,0,0,0,0,0,0,0,0,0,0,0,0,0,0,ABANDONED,false,R3
7f77ae37-2e38-46db-a478-7c457c85429b,2025-10-13 21:49:43.942394 UTC,2025-10-13 21:50:13.094461 UTC,18,2025-10-13T21:49:43+00:00|2025-10-13T21:49:45+00:00|2025-10-13T21:49:47+00:00|2025-10-13T21:49:48+00:00|2025-10-13T21:49:50+00:00|2025-10-13T21:49:52+00:00|2025-10-13T21:49:53+00:00|2025-10-13T21:49:55+00:00|2025-10-13T21:49:56+00:00|2025-10-13T21:49:59+00:00|2025-10-13T21:50:00+00:00|2025-10-13T21:50:02+00:00|2025-10-13T21:50:03+00:00|2025-10-13T21:50:06+00:00|2025-10-13T21:50:07+00:00|2025-10-13T21:50:09+00:00|2025-10-13T21:50:10+00:00|2025-10-13T21:50:13+00:00,America/Los_Angeles,true,,,,,,ABANDONED,false,0,0,0,0,0,0,0,0,0,0,0,0,0,0,0,0,0,0,0,0,0,0,0,0,0,0,0,0,ABANDONED,false,R3
417dc7ba-9eed-4392-8916-e53be10e03d8,2025-10-13 21:50:43.029402 UTC,2025-10-13 21:51:13.908347 UTC,18,2025-10-13T21:50:43+00:00|2025-10-13T21:50:45+00:00|2025-10-13T21:50:46+00:00|2025-10-13T21:50:47+00:00|2025-10-13T21:50:50+00:00|2025-10-13T21:50:52+00:00|2025-10-13T21:50:53+00:00|2025-10-13T21:50:56+00:00|2025-10-13T21:50:56+00:00|2025-10-13T21:50:59+00:00|2025-10-13T21:51:00+00:00|2025-10-13T21:51:03+00:00|2025-10-13T21:51:04+00:00|2025-10-13T21:51:06+00:00|2025-10-13T21:51:07+00:00|2025-10-13T21:51:10+00:00|2025-10-13T21:51:11+00:00|2025-10-13T21:51:13+00:00,America/Los_Angeles,true,,,,,,ABANDONED,false,0,0,0,0,0,0,0,0,0,0,0,0,0,0,0,0,0,0,0,0,0,0,0,0,0,0,0,0,ABANDONED,false,R3
1042a8e3-9ae6-4a08-86c2-90b4186a0537,2025-10-13 21:52:02.618211 UTC,2025-10-13 21:52:32.634669 UTC,18,2025-10-13T21:52:02+00:00|2025-10-13T21:52:04+00:00|2025-10-13T21:52:05+00:00|2025-10-13T21:52:06+00:00|2025-10-13T21:52:08+00:00|2025-10-13T21:52:11+00:00|2025-10-13T21:52:12+00:00|2025-10-13T21:52:14+00:00|2025-10-13T21:52:15+00:00|2025-10-13T21:52:18+00:00|2025-10-13T21:52:19+00:00|2025-10-13T21:52:22+00:00|2025-10-13T21:52:22+00:00|2025-10-13T21:52:25+00:00|2025-10-13T21:52:26+00:00|2025-10-13T21:52:29+00:00|2025-10-13T21:52:30+00:00|2025-10-13T21:52:32+00:00,America/Los_Angeles,true,,,,,,ABANDONED,false,0,0,0,0,0,0,0,0,0,0,0,0,0,0,0,0,0,0,0,0,0,0,0,0,0,0,0,0,ABANDONED,false,R3
9f7ae755-addc-481c-a656-724cbff6813b,2025-10-13 21:54:10.383306 UTC,2025-10-13 21:54:42.880543 UTC,18,2025-10-13T21:54:10+00:00|2025-10-13T21:54:12+00:00|2025-10-13T21:54:14+00:00|2025-10-13T21:54:15+00:00|2025-10-13T21:54:17+00:00|2025-10-13T21:54:20+00:00|2025-10-13T21:54:21+00:00|2025-10-13T21:54:24+00:00|2025-10-13T21:54:24+00:00|2025-10-13T21:54:27+00:00|2025-10-13T21:54:28+00:00|2025-10-13T21:54:31+00:00|2025-10-13T21:54:32+00:00|2025-10-13T21:54:35+00:00|2025-10-13T21:54:36+00:00|2025-10-13T21:54:39+00:00|2025-10-13T21:54:40+00:00|2025-10-13T21:54:42+00:00,America/Los_Angeles,true,,,,,,ABANDONED,false,0,0,0,0,0,0,0,0,0,0,0,0,0,0,0,0,0,0,0,0,0,0,0,0,0,0,0,0,ABANDONED,false,R3
37cd6595-acce-46e6-9f76-5bb148686ef3,2025-10-13 21:56:40.200969 UTC,2025-10-13 21:58:51.508899 UTC,18,2025-10-13T21:56:40+00:00|2025-10-13T21:56:45+00:00|2025-10-13T21:56:59+00:00|2025-10-13T21:57:02+00:00|2025-10-13T21:57:08+00:00|2025-10-13T21:57:13+00:00|2025-10-13T21:57:19+00:00|2025-10-13T21:57:24+00:00|2025-10-13T21:57:29+00:00|2025-10-13T21:57:37+00:00|2025-10-13T21:57:50+00:00|2025-10-13T21:58:00+00:00|2025-10-13T21:58:05+00:00|2025-10-13T21:58:12+00:00|2025-10-13T21:58:17+00:00|2025-10-13T21:58:22+00:00|2025-10-13T21:58:29+00:00|2025-10-13T21:58:51+00:00,America/Los_Angeles,true,,,,,,ABANDONED,false,0,0,0,0,0,0,0,0,0,0,0,0,0,0,0,0,0,0,0,0,0,0,0,0,0,0,0,0,ABANDONED,false,R3
081CILOVdvwS-m1bJlqIOfmHQ,2025-10-13 22:00:23.013322 UTC,2025-10-13 22:00:58.815601 UTC,5,2025-10-13T22:00:23+00:00|2025-10-13T22:00:29+00:00|2025-10-13T22:00:42+00:00|2025-10-13T22:00:52+00:00|2025-10-13T22:00:58+00:00,,true,,,,,,ESCALATED,false,0,0,0,0,0,0,0,0,0,0,0,0,0,0,0,0,0,0,0,0,0,0,0,0,0,0,0,0,ESCALATED,false,R2
7c4fc124-60b7-4cc5-982a-8af36eafe8b3,2025-10-13 22:00:33.359409 UTC,2025-10-13 22:01:02.555271 UTC,18,2025-10-13T22:00:33+00:00|2025-10-13T22:00:35+00:00|2025-10-13T22:00:36+00:00|2025-10-13T22:00:37+00:00|2025-10-13T22:00:39+00:00|2025-10-13T22:00:42+00:00|2025-10-13T22:00:43+00:00|2025-10-13T22:00:45+00:00|2025-10-13T22:00:46+00:00|2025-10-13T22:00:48+00:00|2025-10-13T22:00:50+00:00|2025-10-13T22:00:53+00:00|2025-10-13T22:00:53+00:00|2025-10-13T22:00:56+00:00|2025-10-13T22:00:57+00:00|2025-10-13T22:00:59+00:00|2025-10-13T22:01:00+00:00|2025-10-13T22:01:02+00:00,America/Los_Angeles,true,,,,,,ABANDONED,false,0,0,0,0,0,0,0,0,0,0,0,0,0,0,0,0,0,0,0,0,0,0,0,0,0,0,0,0,ABANDONED,false,R3
7af58402-ce41-40ec-b905-bd58de2b337c,2025-10-13 22:06:54.106349 UTC,2025-10-13 22:07:22.607753 UTC,18,2025-10-13T22:06:54+00:00|2025-10-13T22:06:56+00:00|2025-10-13T22:06:57+00:00|2025-10-13T22:06:58+00:00|2025-10-13T22:07:00+00:00|2025-10-13T22:07:03+00:00|2025-10-13T22:07:03+00:00|2025-10-13T22:07:06+00:00|2025-10-13T22:07:06+00:00|2025-10-13T22:07:09+00:00|2025-10-13T22:07:10+00:00|2025-10-13T22:07:13+00:00|2025-10-13T22:07:13+00:00|2025-10-13T22:07:16+00:00|2025-10-13T22:07:17+00:00|2025-10-13T22:07:19+00:00|2025-10-13T22:07:20+00:00|2025-10-13T22:07:22+00:00,America/Los_Angeles,,,,,,,ABANDONED,false,0,0,0,0,0,0,0,0,0,0,0,0,0,0,0,0,0,0,0,0,0,0,0,0,0,0,0,0,ABANDONED,false,R3
47201f49-6881-4200-bf39-944b3f37fa49,2025-10-13 22:08:21.799338 UTC,2025-10-13 22:10:03.887042 UTC,19,2025-10-13T22:08:21+00:00|2025-10-13T22:08:23+00:00|2025-10-13T22:08:25+00:00|2025-10-13T22:08:25+00:00|2025-10-13T22:08:28+00:00|2025-10-13T22:08:30+00:00|2025-10-13T22:08:31+00:00|2025-10-13T22:08:33+00:00|2025-10-13T22:08:34+00:00|2025-10-13T22:08:37+00:00|2025-10-13T22:08:37+00:00|2025-10-13T22:08:40+00:00|2025-10-13T22:08:41+00:00|2025-10-13T22:08:44+00:00|2025-10-13T22:08:44+00:00|2025-10-13T22:08:47+00:00|2025-10-13T22:08:48+00:00|2025-10-13T22:08:50+00:00|2025-10-13T22:10:03+00:00,America/Los_Angeles,true,,,,,,ABANDONED,false,0,0,0,0,0,0,0,0,0,0,0,0,0,0,0,0,0,0,0,0,0,0,0,0,0,0,0,0,ABANDONED,false,R3
053b5f2f-49ff-43a8-a145-74b0b169283c,2025-10-13 22:10:18.658552 UTC,2025-10-13 22:10:53.020338 UTC,19,2025-10-13T22:10:18+00:00|2025-10-13T22:10:20+00:00|2025-10-13T22:10:22+00:00|2025-10-13T22:10:23+00:00|2025-10-13T22:10:25+00:00|2025-10-13T22:10:28+00:00|2025-10-13T22:10:28+00:00|2025-10-13T22:10:31+00:00|2025-10-13T22:10:32+00:00|2025-10-13T22:10:35+00:00|2025-10-13T22:10:36+00:00|2025-10-13T22:10:39+00:00|2025-10-13T22:10:40+00:00|2025-10-13T22:10:43+00:00|2025-10-13T22:10:44+00:00|2025-10-13T22:10:47+00:00|2025-10-13T22:10:48+00:00|2025-10-13T22:10:51+00:00|2025-10-13T22:10:53+00:00,America/Los_Angeles,,,,,,,ABANDONED,false,0,0,0,0,0,0,0,0,0,0,0,0,0,0,0,0,0,0,0,0,0,0,0,0,0,0,0,0,ABANDONED,false,R3
a619495a-efd2-4771-9eb3-c7e7f0c3059a,2025-10-13 22:14:08.465624 UTC,2025-10-13 22:17:15.565376 UTC,9,2025-10-13T22:14:08+00:00|2025-10-13T22:14:21+00:00|2025-10-13T22:14:31+00:00|2025-10-13T22:14:36+00:00|2025-10-13T22:14:46+00:00|2025-10-13T22:14:52+00:00|2025-10-13T22:14:54+00:00|2025-10-13T22:16:22+00:00|2025-10-13T22:17:15+00:00,America/Los_Angeles,$session.params.escalate,,,,,,ABANDONED,false,0,0,0,0,0,0,0,0,0,0,0,0,0,0,0,0,0,0,0,0,0,0,0,0,0,0,0,0,ABANDONED,true,R3
119FbY1OchQTn-06lMNwrXWUw,2025-10-13 22:16:24.472393 UTC,2025-10-13 22:17:01.800555 UTC,5,2025-10-13T22:16:24+00:00|2025-10-13T22:16:30+00:00|2025-10-13T22:16:40+00:00|2025-10-13T22:16:55+00:00|2025-10-13T22:17:01+00:00,,true,,,,,,ESCALATED,false,0,0,0,0,0,0,0,0,0,0,0,0,0,0,0,0,0,0,0,0,0,0,0,0,0,0,0,0,ESCALATED,false,R2
faa5f431-85b9-4b7a-9c70-cdc894e7558c,2025-10-14 16:49:47.11702 UTC,2025-10-14 16:49:54.156539 UTC,2,2025-10-14T16:49:47+00:00|2025-10-14T16:49:54+00:00,America/Los_Angeles,,,,,,,ABANDONED,false,0,0,0,0,0,0,0,0,0,0,0,0,0,0,0,0,0,0,0,0,0,0,0,0,0,0,0,0,ABANDONED,false,R2
cce5e81a-4c07-461f-baf4-342cb3130192,2025-10-15 09:47:40.365727 UTC,2025-10-15 09:47:44.669849 UTC,2,2025-10-15T09:47:40+00:00|2025-10-15T09:47:44+00:00,America/Los_Angeles,,,,,,,ABANDONED,false,0,0,0,0,0,0,0,0,0,0,0,0,0,0,0,0,0,0,0,0,0,0,0,0,0,0,0,0,ABANDONED,false,R1
081zq8kb3X-TymVdMkLw_CIyQ,2025-10-15 15:47:15.978794 UTC,2025-10-15 15:47:21.749155 UTC,2,2025-10-15T15:47:15+00:00|2025-10-15T15:47:21+00:00,,,,,,,,ABANDONED,false,0,0,0,0,0,0,0,0,0,0,0,0,0,0,0,0,0,0,0,0,0,0,0,0,0,0,0,0,ABANDONED,false,R1
081DTbVppu7QBqCK--XzkEFlQ,2025-10-15 15:55:25.000768 UTC,2025-10-15 15:58:39.728774 UTC,12,2025-10-15T15:55:25+00:00|2025-10-15T15:55:31+00:00|2025-10-15T15:55:43+00:00|2025-10-15T15:56:01+00:00|2025-10-15T15:56:23+00:00|2025-10-15T15:56:46+00:00|2025-10-15T15:57:06+00:00|2025-10-15T15:57:27+00:00|2025-10-15T15:57:35+00:00|2025-10-15T15:57:52+00:00|2025-10-15T15:58:15+00:00|2025-10-15T15:58:39+00:00,,true,,,,,,ABANDONED,false,0,0,0,0,0,0,0,0,0,0,0,0,0,0,0,0,0,0,0,0,0,0,0,0,0,0,0,0,ABANDONED,false,R3
081Tz_JiNzVQoiYOz0UnKXKaQ,2025-10-15 16:00:08.838134 UTC,2025-10-15 16:02:24.290175 UTC,9,2025-10-15T16:00:08+00:00|2025-10-15T16:00:14+00:00|2025-10-15T16:00:26+00:00|2025-10-15T16:00:44+00:00|2025-10-15T16:01:06+00:00|2025-10-15T16:01:29+00:00|2025-10-15T16:01:47+00:00|2025-10-15T16:02:05+00:00|2025-10-15T16:02:24+00:00,,true,,,,,,ABANDONED,false,0,0,0,0,0,0,0,0,0,0,0,0,0,0,0,0,0,0,0,0,0,0,0,0,0,0,0,0,ABANDONED,false,R3
103J2cErMoTSIWTPy9Sstcw4g,2025-10-16 09:00:05.385951 UTC,2025-10-16 09:01:55.764783 UTC,7,2025-10-16T09:00:05+00:00|2025-10-16T09:00:11+00:00|2025-10-16T09:00:22+00:00|2025-10-16T09:00:52+00:00|2025-10-16T09:01:14+00:00|2025-10-16T09:01:39+00:00|2025-10-16T09:01:55+00:00,,,,,,,,ABANDONED,false,0,0,0,0,0,0,0,0,0,0,0,0,0,0,0,0,0,0,0,0,0,0,0,0,0,0,0,0,ABANDONED,false,R3
081k31pCasRT-uEho1g8y_ftQ,2025-10-16 09:02:42.864931 UTC,2025-10-16 09:13:01.152192 UTC,39,2025-10-16T09:02:42+00:00|2025-10-16T09:02:49+00:00|2025-10-16T09:02:59+00:00|2025-10-16T09:03:29+00:00|2025-10-16T09:03:47+00:00|2025-10-16T09:04:12+00:00|2025-10-16T09:04:34+00:00|2025-10-16T09:04:56+00:00|2025-10-16T09:05:13+00:00|2025-10-16T09:05:28+00:00|2025-10-16T09:05:42+00:00|2025-10-16T09:05:50+00:00|2025-10-16T09:06:06+00:00|2025-10-16T09:06:25+00:00|2025-10-16T09:06:37+00:00|2025-10-16T09:06:52+00:00|2025-10-16T09:07:12+00:00|2025-10-16T09:07:30+00:00|2025-10-16T09:07:40+00:00|2025-10-16T09:07:50+00:00|2025-10-16T09:08:02+00:00|2025-10-16T09:08:24+00:00|2025-10-16T09:08:37+00:00|2025-10-16T09:08:51+00:00|2025-10-16T09:08:59+00:00|2025-10-16T09:09:08+00:00|2025-10-16T09:09:24+00:00|2025-10-16T09:09:45+00:00|2025-10-16T09:10:04+00:00|2025-10-16T09:10:30+00:00|2025-10-16T09:10:38+00:00|2025-10-16T09:10:54+00:00|2025-10-16T09:11:13+00:00|2025-10-16T09:11:31+00:00|2025-10-16T09:11:50+00:00|2025-10-16T09:12:09+00:00|2025-10-16T09:12:37+00:00|2025-10-16T09:12:54+00:00|2025-10-16T09:13:01+00:00,,true,,,,,,ABANDONED,false,0,0,0,0,0,0,0,0,0,0,0,0,0,0,0,0,0,0,0,0,0,0,0,0,0,0,0,0,ABANDONED,false,R3
576e8262-9433-470c-9887-e9ac06e1b20e,2025-10-16 09:25:34.286273 UTC,2025-10-16 09:29:00.931174 UTC,6,2025-10-16T09:25:34+00:00|2025-10-16T09:25:48+00:00|2025-10-16T09:26:05+00:00|2025-10-16T09:26:10+00:00|2025-10-16T09:26:43+00:00|2025-10-16T09:29:00+00:00,America/Los_Angeles,,,,,,,ABANDONED,false,0,0,0,0,0,0,0,0,0,0,0,0,0,0,0,0,0,0,0,0,0,0,0,0,0,0,0,0,ABANDONED,false,R1
103PrYecQbKTdiHWlwKoh0O7g,2025-10-16 10:09:44.55369 UTC,2025-10-16 10:11:05.822674 UTC,7,2025-10-16T10:09:44+00:00|2025-10-16T10:09:52+00:00|2025-10-16T10:10:02+00:00|2025-10-16T10:10:25+00:00|2025-10-16T10:10:39+00:00|2025-10-16T10:10:46+00:00|2025-10-16T10:11:05+00:00,,true,,,,,,ABANDONED,false,0,0,0,0,0,0,0,0,0,0,0,0,0,0,0,0,0,0,0,0,0,0,0,0,0,0,0,0,ABANDONED,false,R2
119RumyRAeZSz-gSe_66MSPEw,2025-10-16 10:14:49.799488 UTC,2025-10-16 10:14:49.799488 UTC,1,2025-10-16T10:14:49+00:00,,,,,,,,ABANDONED,false,0,0,0,0,0,0,0,0,0,0,0,0,0,0,0,0,0,0,0,0,0,0,0,0,0,0,0,0,ABANDONED,false,R1
103WODkavbgRbmrGTdIjMl2Ag,2025-10-16 10:47:13.843789 UTC,2025-10-16 10:52:09.307017 UTC,19,2025-10-16T10:47:13+00:00|2025-10-16T10:47:20+00:00|2025-10-16T10:47:30+00:00|2025-10-16T10:47:54+00:00|2025-10-16T10:48:13+00:00|2025-10-16T10:48:34+00:00|2025-10-16T10:48:55+00:00|2025-10-16T10:49:26+00:00|2025-10-16T10:49:41+00:00|2025-10-16T10:49:59+00:00|2025-10-16T10:50:18+00:00|2025-10-16T10:50:30+00:00|2025-10-16T10:50:44+00:00|2025-10-16T10:50:51+00:00|2025-10-16T10:51:03+00:00|2025-10-16T10:51:20+00:00|2025-10-16T10:51:33+00:00|2025-10-16T10:51:51+00:00|2025-10-16T10:52:09+00:00,,true,,,,,,ABANDONED,false,0,0,0,0,0,0,0,0,0,0,0,0,0,0,0,0,0,0,0,0,0,0,0,0,0,0,0,0,ABANDONED,false,R3
103QmL8ZnDLQbuqzVpeLrKIFg,2025-10-16 10:59:31.567486 UTC,2025-10-16 11:03:05.834224 UTC,14,2025-10-16T10:59:31+00:00|2025-10-16T10:59:36+00:00|2025-10-16T10:59:51+00:00|2025-10-16T11:00:11+00:00|2025-10-16T11:00:33+00:00|2025-10-16T11:00:53+00:00|2025-10-16T11:01:11+00:00|2025-10-16T11:01:40+00:00|2025-10-16T11:01:55+00:00|2025-10-16T11:02:17+00:00|2025-10-16T11:02:32+00:00|2025-10-16T11:02:51+00:00|2025-10-16T11:02:58+00:00|2025-10-16T11:03:05+00:00,,false,false,,,false,,ABANDONED,false,0,0,0,0,0,0,0,0,0,0,0,0,0,0,0,0,0,0,0,0,0,0,0,0,0,0,0,0,ABANDONED,false,R3
065dn8tnsh5R86JG614TDRFFA,2025-10-16 11:02:58.989006 UTC,2025-10-16 11:03:55.111312 UTC,4,2025-10-16T11:02:58+00:00|2025-10-16T11:03:04+00:00|2025-10-16T11:03:15+00:00|2025-10-16T11:03:55+00:00,,,,,,,,ABANDONED,false,0,0,0,0,0,0,0,0,0,0,0,0,0,0,0,0,0,0,0,0,0,0,0,0,0,0,0,0,ABANDONED,false,R3
119WoOPpu2wQD6pAanwyy_kmw,2025-10-16 11:06:23.906377 UTC,2025-10-16 11:08:35.661364 UTC,8,2025-10-16T11:06:23+00:00|2025-10-16T11:06:29+00:00|2025-10-16T11:06:39+00:00|2025-10-16T11:07:05+00:00|2025-10-16T11:07:26+00:00|2025-10-16T11:07:53+00:00|2025-10-16T11:08:10+00:00|2025-10-16T11:08:35+00:00,,$session.params.escalate,,,,,,ABANDONED,false,0,0,0,0,0,0,0,0,0,0,0,0,0,0,0,0,0,0,0,0,0,0,0,0,0,0,0,0,ABANDONED,true,R3
1039vUT1UGrS_O_PULCRuWRfg,2025-10-16 11:09:46.393649 UTC,2025-10-16 11:11:14.301672 UTC,6,2025-10-16T11:09:46+00:00|2025-10-16T11:09:52+00:00|2025-10-16T11:10:03+00:00|2025-10-16T11:10:27+00:00|2025-10-16T11:10:49+00:00|2025-10-16T11:11:14+00:00,,false,false,,,false,,ABANDONED,false,0,0,0,0,0,0,0,0,0,0,0,0,0,0,0,0,0,0,0,0,0,0,0,0,0,0,0,0,ABANDONED,false,R2
119rZHdICG9TM-9HmPatZFmew,2025-10-16 11:12:50.805158 UTC,2025-10-16 11:14:21.372011 UTC,8,2025-10-16T11:12:50+00:00|2025-10-16T11:12:55+00:00|2025-10-16T11:13:06+00:00|2025-10-16T11:13:30+00:00|2025-10-16T11:13:50+00:00|2025-10-16T11:14:02+00:00|2025-10-16T11:14:15+00:00|2025-10-16T11:14:21+00:00,,$session.params.escalate,,,,,,ESCALATED,false,0,0,0,0,0,0,0,0,0,0,0,0,0,0,0,0,0,0,0,0,0,0,0,0,0,0,0,0,ESCALATED,false,R2
065W8Am3XCrRPiB_1JCTUzWTA,2025-10-16 11:15:33.050917 UTC,2025-10-16 11:16:56.78689 UTC,7,2025-10-16T11:15:33+00:00|2025-10-16T11:15:38+00:00|2025-10-16T11:15:49+00:00|2025-10-16T11:16:19+00:00|2025-10-16T11:16:33+00:00|2025-10-16T11:16:42+00:00|2025-10-16T11:16:56+00:00,,true,,,,,,ESCALATED,false,0,0,0,0,0,0,0,0,0,0,0,0,0,0,0,0,0,0,0,0,0,0,0,0,0,0,0,0,ESCALATED,false,R2
ad5f48d9-ff15-43af-a2bf-20b78f4ca90e,2025-10-16 12:14:50.32822 UTC,2025-10-16 12:22:18.872217 UTC,7,2025-10-16T12:14:50+00:00|2025-10-16T12:14:56+00:00|2025-10-16T12:15:42+00:00|2025-10-16T12:19:00+00:00|2025-10-16T12:19:27+00:00|2025-10-16T12:19:59+00:00|2025-10-16T12:22:18+00:00,America/Los_Angeles,,,,,,,ABANDONED,false,0,0,0,0,0,0,0,0,0,0,0,0,0,0,0,0,0,0,0,0,0,0,0,0,0,0,0,0,ABANDONED,false,R3
065G-RqFkgPTSqPKtwp-BwZ9A,2025-10-16 12:17:52.654349 UTC,2025-10-16 12:20:53.736363 UTC,10,2025-10-16T12:17:52+00:00|2025-10-16T12:17:58+00:00|2025-10-16T12:18:08+00:00|2025-10-16T12:18:27+00:00|2025-10-16T12:18:42+00:00|2025-10-16T12:19:07+00:00|2025-10-16T12:19:29+00:00|2025-10-16T12:19:55+00:00|2025-10-16T12:20:29+00:00|2025-10-16T12:20:53+00:00,,true,,,,,,ABANDONED,false,0,0,0,0,0,0,0,0,0,0,0,0,0,0,0,0,0,0,0,0,0,0,0,0,0,0,0,0,ABANDONED,false,R2
065hYbZBesGRcWjckHLD1JkCA,2025-10-16 12:21:39.853506 UTC,2025-10-16 12:22:59.798516 UTC,7,2025-10-16T12:21:39+00:00|2025-10-16T12:21:45+00:00|2025-10-16T12:21:57+00:00|2025-10-16T12:22:22+00:00|2025-10-16T12:22:34+00:00|2025-10-16T12:22:39+00:00|2025-10-16T12:22:59+00:00,,true,,,,,,ABANDONED,false,0,0,0,0,0,0,0,0,0,0,0,0,0,0,0,0,0,0,0,0,0,0,0,0,0,0,0,0,ABANDONED,false,R1
f8fc00cd-310a-4114-b580-f16f95219339,2025-10-16 12:22:28.363335 UTC,2025-10-16 12:23:34.578724 UTC,6,2025-10-16T12:22:28+00:00|2025-10-16T12:22:30+00:00|2025-10-16T12:22:31+00:00|2025-10-16T12:22:32+00:00|2025-10-16T12:22:33+00:00|2025-10-16T12:23:34+00:00,America/Los_Angeles,,,,,,,ABANDONED,false,0,0,0,0,0,0,0,0,0,0,0,0,0,0,0,0,0,0,0,0,0,0,0,0,0,0,0,0,ABANDONED,false,R1
10304fnS0ksTbOJg4QfhhtOTg,2025-10-16 12:23:56.369592 UTC,2025-10-16 12:24:50.086536 UTC,5,2025-10-16T12:23:56+00:00|2025-10-16T12:24:01+00:00|2025-10-16T12:24:12+00:00|2025-10-16T12:24:38+00:00|2025-10-16T12:24:50+00:00,,true,,,,,,ABANDONED,false,0,0,0,0,0,0,0,0,0,0,0,0,0,0,0,0,0,0,0,0,0,0,0,0,0,0,0,0,ABANDONED,false,R1
119su33CbS9RUOnD921pbzFEw,2025-10-16 12:25:37.84872 UTC,2025-10-16 12:27:09.864846 UTC,7,2025-10-16T12:25:37+00:00|2025-10-16T12:25:43+00:00|2025-10-16T12:25:53+00:00|2025-10-16T12:26:14+00:00|2025-10-16T12:26:38+00:00|2025-10-16T12:27:02+00:00|2025-10-16T12:27:09+00:00,,true,,,,,,ABANDONED,false,0,0,0,0,0,0,0,0,0,0,0,0,0,0,0,0,0,0,0,0,0,0,0,0,0,0,0,0,ABANDONED,false,R1
081QAk_EQqnTC6bb6d1b7u6xQ,2025-10-16 12:28:37.920397 UTC,2025-10-16 12:29:34.42547 UTC,5,2025-10-16T12:28:37+00:00|2025-10-16T12:28:43+00:00|2025-10-16T12:28:54+00:00|2025-10-16T12:29:17+00:00|2025-10-16T12:29:34+00:00,,true,,,,,,ABANDONED,false,0,0,0,0,0,0,0,0,0,0,0,0,0,0,0,0,0,0,0,0,0,0,0,0,0,0,0,0,ABANDONED,false,R1
bd901cd0-8015-4ea9-8439-461bdf528fa9,2025-10-16 12:33:21.042659 UTC,2025-10-16 12:35:54.031737 UTC,5,2025-10-16T12:33:21+00:00|2025-10-16T12:35:38+00:00|2025-10-16T12:35:44+00:00|2025-10-16T12:35:48+00:00|2025-10-16T12:35:54+00:00,America/Los_Angeles,,,,,,,ABANDONED,false,0,0,0,0,0,0,0,0,0,0,0,0,0,0,0,0,0,0,0,0,0,0,0,0,0,0,0,0,ABANDONED,false,R1
8838beec-2659-43da-8883-960f1111d1e5,2025-10-16 12:36:12.331787 UTC,2025-10-16 12:36:29.185252 UTC,6,2025-10-16T12:36:12+00:00|2025-10-16T12:36:14+00:00|2025-10-16T12:36:15+00:00|2025-10-16T12:36:17+00:00|2025-10-16T12:36:21+00:00|2025-10-16T12:36:29+00:00,America/Los_Angeles,,,,,,,ABANDONED,false,0,0,0,0,0,0,0,0,0,0,0,0,0,0,0,0,0,0,0,0,0,0,0,0,0,0,0,0,ABANDONED,false,R1
1030lcrINkISX23FcTQ48PJ2g,2025-10-16 12:38:20.952021 UTC,2025-10-16 12:38:26.601344 UTC,2,2025-10-16T12:38:20+00:00|2025-10-16T12:38:26+00:00,,,,,,,,ABANDONED,false,0,0,0,0,0,0,0,0,0,0,0,0,0,0,0,0,0,0,0,0,0,0,0,0,0,0,0,0,ABANDONED,false,R1
7f127554-09da-46c4-aa3e-c0ebcc7d36db,2025-10-16 12:38:58.489022 UTC,2025-10-16 12:39:07.780002 UTC,6,2025-10-16T12:38:58+00:00|2025-10-16T12:39:00+00:00|2025-10-16T12:39:01+00:00|2025-10-16T12:39:03+00:00|2025-10-16T12:39:05+00:00|2025-10-16T12:39:07+00:00,America/Los_Angeles,,,,,,,ABANDONED,false,0,0,0,0,0,0,0,0,0,0,0,0,0,0,0,0,0,0,0,0,0,0,0,0,0,0,0,0,ABANDONED,false,R1
9d866d86-dce8-4aae-944e-6e1474c7f8b4,2025-10-16 12:44:44.93611 UTC,2025-10-16 12:44:58.507724 UTC,6,2025-10-16T12:44:44+00:00|2025-10-16T12:44:47+00:00|2025-10-16T12:44:48+00:00|2025-10-16T12:44:49+00:00|2025-10-16T12:44:51+00:00|2025-10-16T12:44:58+00:00,America/Los_Angeles,,,,,,,ABANDONED,false,0,0,0,0,0,0,0,0,0,0,0,0,0,0,0,0,0,0,0,0,0,0,0,0,0,0,0,0,ABANDONED,false,R1
5039f2b7-ccda-4890-a26f-6f7eb960f790,2025-10-16 12:46:54.227367 UTC,2025-10-16 12:48:47.820929 UTC,9,2025-10-16T12:46:54+00:00|2025-10-16T12:46:56+00:00|2025-10-16T12:46:57+00:00|2025-10-16T12:46:58+00:00|2025-10-16T12:47:00+00:00|2025-10-16T12:47:03+00:00|2025-10-16T12:47:25+00:00|2025-10-16T12:47:33+00:00|2025-10-16T12:48:47+00:00,America/Los_Angeles,false,false,true,500VE00000RCE1FYAX,false,,ABANDONED,false,0,0,0,0,0,0,0,0,0,0,0,0,0,0,0,0,0,0,0,0,0,0,0,0,0,0,0,0,ABANDONED,false,R1
081lyfIIofuRnqmVzLemsdVKQ,2025-10-16 13:03:29.939579 UTC,2025-10-16 13:03:46.731465 UTC,3,2025-10-16T13:03:29+00:00|2025-10-16T13:03:35+00:00|2025-10-16T13:03:46+00:00,,,,,,,,ABANDONED,false,0,0,0,0,0,0,0,0,0,0,0,0,0,0,0,0,0,0,0,0,0,0,0,0,0,0,0,0,ABANDONED,false,R1
103TemsA5w-T4WjS6OsdeEEcg,2025-10-16 13:12:05.396353 UTC,2025-10-16 13:12:10.723129 UTC,2,2025-10-16T13:12:05+00:00|2025-10-16T13:12:10+00:00,,,,,,,,ABANDONED,false,0,0,0,0,0,0,0,0,0,0,0,0,0,0,0,0,0,0,0,0,0,0,0,0,0,0,0,0,ABANDONED,false,R1
081w5NX_-5OT8aMYLB2ioALkQ,2025-10-16 13:13:08.112762 UTC,2025-10-16 13:13:59.787495 UTC,5,2025-10-16T13:13:08+00:00|2025-10-16T13:13:14+00:00|2025-10-16T13:13:24+00:00|2025-10-16T13:13:39+00:00|2025-10-16T13:13:59+00:00,,true,,,,,,ABANDONED,false,0,0,0,0,0,0,0,0,0,0,0,0,0,0,0,0,0,0,0,0,0,0,0,0,0,0,0,0,ABANDONED,false,R1
065bQxT3F56TPySwjf7-P6mYA,2025-10-16 13:18:38.064485 UTC,2025-10-16 13:19:30.916405 UTC,5,2025-10-16T13:18:38+00:00|2025-10-16T13:18:43+00:00|2025-10-16T13:18:54+00:00|2025-10-16T13:19:08+00:00|2025-10-16T13:19:30+00:00,,true,,,,,,ABANDONED,false,0,0,0,0,0,0,0,0,0,0,0,0,0,0,0,0,0,0,0,0,0,0,0,0,0,0,0,0,ABANDONED,false,R1
065Jh2sSo9cRjeAIK6UurcPsA,2025-10-16 13:21:26.264225 UTC,2025-10-16 13:21:44.305049 UTC,3,2025-10-16T13:21:26+00:00|2025-10-16T13:21:32+00:00|2025-10-16T13:21:44+00:00,,,,,,,,ABANDONED,false,0,0,0,0,0,0,0,0,0,0,0,0,0,0,0,0,0,0,0,0,0,0,0,0,0,0,0,0,ABANDONED,false,R1
065IsJqsPa4SOeL62aOYFxbNA,2025-10-16 13:26:56.118254 UTC,2025-10-16 13:28:32.35168 UTC,7,2025-10-16T13:26:56+00:00|2025-10-16T13:27:01+00:00|2025-10-16T13:27:12+00:00|2025-10-16T13:27:34+00:00|2025-10-16T13:27:56+00:00|2025-10-16T13:28:09+00:00|2025-10-16T13:28:32+00:00,,true,,,,,,ABANDONED,false,0,0,0,0,0,0,0,0,0,0,0,0,0,0,0,0,0,0,0,0,0,0,0,0,0,0,0,0,ABANDONED,false,R1
120266f4-a343-41dd-9a41-590a5c49b4d2,2025-10-16 14:22:14.339129 UTC,2025-10-16 14:23:33.548022 UTC,10,2025-10-16T14:22:14+00:00|2025-10-16T14:22:23+00:00|2025-10-16T14:22:30+00:00|2025-10-16T14:22:33+00:00|2025-10-16T14:22:47+00:00|2025-10-16T14:22:57+00:00|2025-10-16T14:23:09+00:00|2025-10-16T14:23:14+00:00|2025-10-16T14:23:22+00:00|2025-10-16T14:23:33+00:00,America/Los_Angeles,false,false,,,false,,ABANDONED,false,0,0,0,0,0,0,0,0,0,0,0,0,0,0,0,0,0,0,0,0,0,0,0,0,0,0,0,0,ABANDONED,false,R1
0810KYS82u2TaGlIm5KUIKaSQ,2025-10-16 16:06:25.766495 UTC,2025-10-16 16:07:03.074075 UTC,5,2025-10-16T16:06:25+00:00|2025-10-16T16:06:31+00:00|2025-10-16T16:06:43+00:00|2025-10-16T16:06:57+00:00|2025-10-16T16:07:03+00:00,,true,,,,,,ABANDONED,false,0,0,0,0,0,0,0,0,0,0,0,0,0,0,0,0,0,0,0,0,0,0,0,0,0,0,0,0,ABANDONED,false,R1
119WnRI0428RYKEQXGjOp8ZJw,2025-10-16 16:10:50.361363 UTC,2025-10-16 16:11:11.96118 UTC,5,2025-10-16T16:10:50+00:00|2025-10-16T16:10:56+00:00|2025-10-16T16:11:00+00:00|2025-10-16T16:11:06+00:00|2025-10-16T16:11:11+00:00,,true,,,,,,ABANDONED,false,0,0,0,0,0,0,0,0,0,0,0,0,0,0,0,0,0,0,0,0,0,0,0,0,0,0,0,0,ABANDONED,false,R1
1fd3cb3c-c2a0-4a75-bf33-1ef95671103f,2025-10-16 16:34:23.701671 UTC,2025-10-16 16:34:43.741269 UTC,3,2025-10-16T16:34:23+00:00|2025-10-16T16:34:30+00:00|2025-10-16T16:34:43+00:00,America/Los_Angeles,,,,,,,ABANDONED,false,0,0,0,0,0,0,0,0,0,0,0,0,0,0,0,0,0,0,0,0,0,0,0,0,0,0,0,0,ABANDONED,false,R1
433e12e5-0b6d-4ce8-9196-cd3aa3a3270b,2025-10-16 19:45:15.276847 UTC,2025-10-16 19:47:31.680627 UTC,5,2025-10-16T19:45:15+00:00|2025-10-16T19:45:21+00:00|2025-10-16T19:47:16+00:00|2025-10-16T19:47:22+00:00|2025-10-16T19:47:31+00:00,America/Los_Angeles,,,,,,,ABANDONED,false,0,0,0,0,0,0,0,0,0,0,0,0,0,0,0,0,0,0,0,0,0,0,0,0,0,0,0,0,ABANDONED,false,R2
5e997a4a-acba-4b12-b989-702ce4fbfdd7,2025-10-17 09:30:41.439569 UTC,2025-10-17 09:33:47.737965 UTC,6,2025-10-17T09:30:41+00:00|2025-10-17T09:30:47+00:00|2025-10-17T09:33:27+00:00|2025-10-17T09:33:31+00:00|2025-10-17T09:33:38+00:00|2025-10-17T09:33:47+00:00,America/Los_Angeles,,,,,,,ABANDONED,false,0,0,0,0,0,0,0,0,0,0,0,0,0,0,0,0,0,0,0,0,0,0,0,0,0,0,0,0,ABANDONED,false,R1
fe605421-bc51-41c7-8c8a-370cb6ec3bac,2025-10-17 09:35:06.995758 UTC,2025-10-17 09:36:58.134582 UTC,9,2025-10-17T09:35:06+00:00|2025-10-17T09:35:08+00:00|2025-10-17T09:35:09+00:00|2025-10-17T09:35:10+00:00|2025-10-17T09:35:12+00:00|2025-10-17T09:35:15+00:00|2025-10-17T09:35:30+00:00|2025-10-17T09:36:10+00:00|2025-10-17T09:36:58+00:00,America/Los_Angeles,$session.params.escalate,,true,,,,ABANDONED,false,0,0,0,0,0,0,0,0,0,0,0,0,0,0,0,0,0,0,0,0,0,0,0,0,0,0,0,0,ABANDONED,false,R1
c0087709-d9a8-4ea2-a887-073e894660f6,2025-10-17 09:37:50.602021 UTC,2025-10-17 09:39:01.859393 UTC,9,2025-10-17T09:37:50+00:00|2025-10-17T09:37:56+00:00|2025-10-17T09:38:05+00:00|2025-10-17T09:38:11+00:00|2025-10-17T09:38:19+00:00|2025-10-17T09:38:28+00:00|2025-10-17T09:38:47+00:00|2025-10-17T09:38:56+00:00|2025-10-17T09:39:01+00:00,America/Los_Angeles,,,,,,,ABANDONED,false,0,0,0,0,0,0,0,0,0,0,0,0,0,0,0,0,0,0,0,0,0,0,0,0,0,0,0,0,ABANDONED,false,R2
6dfd1e81-7106-44c7-92f8-d0076570ad2c,2025-10-17 09:39:08.892134 UTC,2025-10-17 09:39:34.606051 UTC,9,2025-10-17T09:39:08+00:00|2025-10-17T09:39:10+00:00|2025-10-17T09:39:11+00:00|2025-10-17T09:39:12+00:00|2025-10-17T09:39:14+00:00|2025-10-17T09:39:16+00:00|2025-10-17T09:39:31+00:00|2025-10-17T09:39:33+00:00|2025-10-17T09:39:34+00:00,America/Los_Angeles,$session.params.escalate,,true,,,,ABANDONED,false,0,0,0,0,0,0,0,0,0,0,0,0,0,0,0,0,0,0,0,0,0,0,0,0,0,0,0,0,ABANDONED,false,R2
a3dc1e37-a197-4f79-9691-9269f4630162,2025-10-17 09:40:03.760072 UTC,2025-10-17 09:44:16.723166 UTC,9,2025-10-17T09:40:03+00:00|2025-10-17T09:42:01+00:00|2025-10-17T09:42:07+00:00|2025-10-17T09:43:26+00:00|2025-10-17T09:43:33+00:00|2025-10-17T09:43:46+00:00|2025-10-17T09:44:05+00:00|2025-10-17T09:44:12+00:00|2025-10-17T09:44:16+00:00,America/Los_Angeles,,,,,,,ABANDONED,false,0,0,0,0,0,0,0,0,0,0,0,0,0,0,0,0,0,0,0,0,0,0,0,0,0,0,0,0,ABANDONED,false,R1
6802441d-65f8-43bf-97e0-9e9d298292b2,2025-10-17 09:45:18.586039 UTC,2025-10-17 09:47:01.403504 UTC,11,2025-10-17T09:45:18+00:00|2025-10-17T09:45:20+00:00|2025-10-17T09:45:26+00:00|2025-10-17T09:45:28+00:00|2025-10-17T09:45:32+00:00|2025-10-17T09:45:40+00:00|2025-10-17T09:45:59+00:00|2025-10-17T09:46:10+00:00|2025-10-17T09:46:17+00:00|2025-10-17T09:46:43+00:00|2025-10-17T09:47:01+00:00,America/Los_Angeles,$session.params.escalate,,,,,,ABANDONED,false,0,0,0,0,0,0,0,0,0,0,0,0,0,0,0,0,0,0,0,0,0,0,0,0,0,0,0,0,ABANDONED,false,R1
43b68484-757e-4a79-b642-c487cc9feb78,2025-10-17 09:46:37.166903 UTC,2025-10-17 09:47:03.414578 UTC,9,2025-10-17T09:46:37+00:00|2025-10-17T09:46:38+00:00|2025-10-17T09:46:39+00:00|2025-10-17T09:46:40+00:00|2025-10-17T09:46:42+00:00|2025-10-17T09:46:45+00:00|2025-10-17T09:46:59+00:00|2025-10-17T09:47:01+00:00|2025-10-17T09:47:03+00:00,America/Los_Angeles,,,,,,,ABANDONED,false,0,0,0,0,0,0,0,0,0,0,0,0,0,0,0,0,0,0,0,0,0,0,0,0,0,0,0,0,ABANDONED,false,R1
10e74bbf-9bc2-4ebd-9b71-db7c455e8084,2025-10-17 09:48:19.622822 UTC,2025-10-17 09:49:32.947763 UTC,10,2025-10-17T09:48:19+00:00|2025-10-17T09:48:25+00:00|2025-10-17T09:48:31+00:00|2025-10-17T09:48:36+00:00|2025-10-17T09:48:44+00:00|2025-10-17T09:48:55+00:00|2025-10-17T09:49:13+00:00|2025-10-17T09:49:20+00:00|2025-10-17T09:49:24+00:00|2025-10-17T09:49:32+00:00,America/Los_Angeles,,,,,,,ABANDONED,false,0,0,0,0,0,0,0,0,0,0,0,0,0,0,0,0,0,0,0,0,0,0,0,0,0,0,0,0,ABANDONED,false,R1
c108b072-2cb5-4422-94fe-dc2d4bd6d842,2025-10-17 09:49:57.477874 UTC,2025-10-17 09:50:29.919064 UTC,10,2025-10-17T09:49:57+00:00|2025-10-17T09:49:59+00:00|2025-10-17T09:50:00+00:00|2025-10-17T09:50:01+00:00|2025-10-17T09:50:03+00:00|2025-10-17T09:50:06+00:00|2025-10-17T09:50:21+00:00|2025-10-17T09:50:24+00:00|2025-10-17T09:50:25+00:00|2025-10-17T09:50:29+00:00,America/Los_Angeles,,,,,,,ABANDONED,false,0,0,0,0,0,0,0,0,0,0,0,0,0,0,0,0,0,0,0,0,0,0,0,0,0,0,0,0,ABANDONED,false,R1
7c856356-060d-4c2c-bfd2-35c85516ad24,2025-10-17 09:50:36.653836 UTC,2025-10-17 09:51:11.025604 UTC,10,2025-10-17T09:50:36+00:00|2025-10-17T09:50:38+00:00|2025-10-17T09:50:39+00:00|2025-10-17T09:50:40+00:00|2025-10-17T09:50:42+00:00|2025-10-17T09:50:45+00:00|2025-10-17T09:50:53+00:00|2025-10-17T09:50:55+00:00|2025-10-17T09:50:57+00:00|2025-10-17T09:51:11+00:00,America/Los_Angeles,$session.params.escalate,,true,,,,ABANDONED,false,0,0,0,0,0,0,0,0,0,0,0,0,0,0,0,0,0,0,0,0,0,0,0,0,0,0,0,0,ABANDONED,false,R1
59b46bb9-a488-43cd-8282-1206506d41c8,2025-10-17 09:51:25.393741 UTC,2025-10-17 09:52:14.129448 UTC,6,2025-10-17T09:51:25+00:00|2025-10-17T09:51:28+00:00|2025-10-17T09:51:31+00:00|2025-10-17T09:51:33+00:00|2025-10-17T09:52:05+00:00|2025-10-17T09:52:14+00:00,America/Los_Angeles,,,,,,,ABANDONED,false,0,0,0,0,0,0,0,0,0,0,0,0,0,0,0,0,0,0,0,0,0,0,0,0,0,0,0,0,ABANDONED,false,R1
79797f94-554c-4687-a9bd-c9f285a85607,2025-10-17 09:52:55.717789 UTC,2025-10-17 09:53:05.117676 UTC,6,2025-10-17T09:52:55+00:00|2025-10-17T09:52:57+00:00|2025-10-17T09:52:59+00:00|2025-10-17T09:53:00+00:00|2025-10-17T09:53:02+00:00|2025-10-17T09:53:05+00:00,America/Los_Angeles,,,,,,,ABANDONED,false,0,0,0,0,0,0,0,0,0,0,0,0,0,0,0,0,0,0,0,0,0,0,0,0,0,0,0,0,ABANDONED,false,R1
eeb4fc4b-3756-4840-8e84-110de05e7dd9,2025-10-17 09:53:35.787758 UTC,2025-10-17 09:53:45.887622 UTC,6,2025-10-17T09:53:35+00:00|2025-10-17T09:53:37+00:00|2025-10-17T09:53:39+00:00|2025-10-17T09:53:40+00:00|2025-10-17T09:53:42+00:00|2025-10-17T09:53:45+00:00,America/Los_Angeles,,,,,,,ABANDONED,false,0,0,0,0,0,0,0,0,0,0,0,0,0,0,0,0,0,0,0,0,0,0,0,0,0,0,0,0,ABANDONED,false,R1
3a4b12fa-616b-4c56-8d61-830ae6f9503e,2025-10-17 09:54:58.740755 UTC,2025-10-17 09:55:45.5139 UTC,6,2025-10-17T09:54:58+00:00|2025-10-17T09:55:04+00:00|2025-10-17T09:55:10+00:00|2025-10-17T09:55:13+00:00|2025-10-17T09:55:24+00:00|2025-10-17T09:55:45+00:00,America/Los_Angeles,,,,,,,ABANDONED,false,0,0,0,0,0,0,0,0,0,0,0,0,0,0,0,0,0,0,0,0,0,0,0,0,0,0,0,0,ABANDONED,false,R1
1db88418-3c0c-4afc-ae8c-9b78414e5e91,2025-10-17 09:56:07.764393 UTC,2025-10-17 09:58:41.36791 UTC,8,2025-10-17T09:56:07+00:00|2025-10-17T09:56:13+00:00|2025-10-17T09:56:22+00:00|2025-10-17T09:56:25+00:00|2025-10-17T09:56:32+00:00|2025-10-17T09:56:41+00:00|2025-10-17T09:58:36+00:00|2025-10-17T09:58:41+00:00,America/Los_Angeles,true,,,,,,ABANDONED,false,0,0,0,0,0,0,0,0,0,0,0,0,0,0,0,0,0,0,0,0,0,0,0,0,0,0,0,0,ABANDONED,false,R1
9d524553-abfd-4ade-8e8a-e9c2a3633e92,2025-10-17 10:00:12.98215 UTC,2025-10-17 10:00:22.509433 UTC,6,2025-10-17T10:00:12+00:00|2025-10-17T10:00:14+00:00|2025-10-17T10:00:16+00:00|2025-10-17T10:00:17+00:00|2025-10-17T10:00:19+00:00|2025-10-17T10:00:22+00:00,America/Los_Angeles,,,,,,,ABANDONED,false,0,0,0,0,0,0,0,0,0,0,0,0,0,0,0,0,0,0,0,0,0,0,0,0,0,0,0,0,ABANDONED,false,R1
2b349871-cc1b-458a-ac03-28e78ceeb6e5,2025-10-17 10:00:42.67649 UTC,2025-10-17 10:01:13.430609 UTC,6,2025-10-17T10:00:42+00:00|2025-10-17T10:00:48+00:00|2025-10-17T10:00:54+00:00|2025-10-17T10:00:57+00:00|2025-10-17T10:01:04+00:00|2025-10-17T10:01:13+00:00,America/Los_Angeles,,,,,,,ABANDONED,false,0,0,0,0,0,0,0,0,0,0,0,0,0,0,0,0,0,0,0,0,0,0,0,0,0,0,0,0,ABANDONED,false,R1
dc015069-6a41-4d94-94cc-f23ecdb91f76,2025-10-17 10:01:27.008504 UTC,2025-10-17 10:01:39.802259 UTC,6,2025-10-17T10:01:27+00:00|2025-10-17T10:01:29+00:00|2025-10-17T10:01:31+00:00|2025-10-17T10:01:32+00:00|2025-10-17T10:01:34+00:00|2025-10-17T10:01:39+00:00,America/Los_Angeles,,,,,,,ABANDONED,false,0,0,0,0,0,0,0,0,0,0,0,0,0,0,0,0,0,0,0,0,0,0,0,0,0,0,0,0,ABANDONED,false,R1
ef0818e8-a671-494c-ac4f-40ffbd4466a2,2025-10-17 10:02:58.211924 UTC,2025-10-17 10:03:08.90329 UTC,6,2025-10-17T10:02:58+00:00|2025-10-17T10:02:59+00:00|2025-10-17T10:03:01+00:00|2025-10-17T10:03:02+00:00|2025-10-17T10:03:04+00:00|2025-10-17T10:03:08+00:00,America/Los_Angeles,,,,,,,ABANDONED,false,0,0,0,0,0,0,0,0,0,0,0,0,0,0,0,0,0,0,0,0,0,0,0,0,0,0,0,0,ABANDONED,false,R1
e87fa830-ebe9-4b20-9dd0-f607fbe0a7dd,2025-10-17 10:03:07.006854 UTC,2025-10-17 10:04:54.492859 UTC,10,2025-10-17T10:03:07+00:00|2025-10-17T10:03:12+00:00|2025-10-17T10:03:19+00:00|2025-10-17T10:03:26+00:00|2025-10-17T10:03:33+00:00|2025-10-17T10:03:51+00:00|2025-10-17T10:04:28+00:00|2025-10-17T10:04:33+00:00|2025-10-17T10:04:50+00:00|2025-10-17T10:04:54+00:00,America/Los_Angeles,true,,,,,,ABANDONED,false,0,0,0,0,0,0,0,0,0,0,0,0,0,0,0,0,0,0,0,0,0,0,0,0,0,0,0,0,ABANDONED,false,R1
2ff6f651-8ec9-481b-a357-268108cea708,2025-10-17 10:03:43.979694 UTC,2025-10-17 10:05:32.9312 UTC,12,2025-10-17T10:03:43+00:00|2025-10-17T10:03:46+00:00|2025-10-17T10:03:51+00:00|2025-10-17T10:03:53+00:00|2025-10-17T10:03:58+00:00|2025-10-17T10:04:07+00:00|2025-10-17T10:04:34+00:00|2025-10-17T10:04:42+00:00|2025-10-17T10:05:04+00:00|2025-10-17T10:05:09+00:00|2025-10-17T10:05:28+00:00|2025-10-17T10:05:32+00:00,America/Los_Angeles,,,,,,,ABANDONED,false,0,0,0,0,0,0,0,0,0,0,0,0,0,0,0,0,0,0,0,0,0,0,0,0,0,0,0,0,ABANDONED,false,R1
4cd47437-7aa6-46c0-8c93-82277438daa5,2025-10-17 10:06:07.002046 UTC,2025-10-17 10:06:34.565224 UTC,10,2025-10-17T10:06:07+00:00|2025-10-17T10:06:08+00:00|2025-10-17T10:06:10+00:00|2025-10-17T10:06:11+00:00|2025-10-17T10:06:13+00:00|2025-10-17T10:06:16+00:00|2025-10-17T10:06:29+00:00|2025-10-17T10:06:31+00:00|2025-10-17T10:06:32+00:00|2025-10-17T10:06:34+00:00,America/Los_Angeles,,,,,,,ABANDONED,false,0,0,0,0,0,0,0,0,0,0,0,0,0,0,0,0,0,0,0,0,0,0,0,0,0,0,0,0,ABANDONED,false,R1
3a36d1d6-fc5c-4158-9883-83dffc6b8c85,2025-10-17 10:06:49.58374 UTC,2025-10-17 10:10:22.438664 UTC,8,2025-10-17T10:06:49+00:00|2025-10-17T10:06:52+00:00|2025-10-17T10:07:00+00:00|2025-10-17T10:07:03+00:00|2025-10-17T10:07:06+00:00|2025-10-17T10:07:11+00:00|2025-10-17T10:07:19+00:00|2025-10-17T10:10:22+00:00,America/Los_Angeles,,,,,,,ABANDONED,false,0,0,0,0,0,0,0,0,0,0,0,0,0,0,0,0,0,0,0,0,0,0,0,0,0,0,0,0,ABANDONED,false,R1
bb7d67e5-38d2-4eb2-85fd-5f8726f65973,2025-10-17 10:06:55.345374 UTC,2025-10-17 10:07:29.316511 UTC,6,2025-10-17T10:06:55+00:00|2025-10-17T10:07:01+00:00|2025-10-17T10:07:11+00:00|2025-10-17T10:07:15+00:00|2025-10-17T10:07:22+00:00|2025-10-17T10:07:29+00:00,America/Los_Angeles,,,,,,,ABANDONED,false,0,0,0,0,0,0,0,0,0,0,0,0,0,0,0,0,0,0,0,0,0,0,0,0,0,0,0,0,ABANDONED,false,R1
ad7e0c36-7c8b-4d8d-bac8-a5568d3fb20a,2025-10-17 10:07:47.849937 UTC,2025-10-17 10:11:31.41248 UTC,8,2025-10-17T10:07:47+00:00|2025-10-17T10:07:49+00:00|2025-10-17T10:07:50+00:00|2025-10-17T10:07:51+00:00|2025-10-17T10:10:47+00:00|2025-10-17T10:10:56+00:00|2025-10-17T10:11:09+00:00|2025-10-17T10:11:31+00:00,America/Los_Angeles,,,,,,,ABANDONED,false,0,0,0,0,0,0,0,0,0,0,0,0,0,0,0,0,0,0,0,0,0,0,0,0,0,0,0,0,ABANDONED,true,R3
1ae50762-6e92-4bb7-be54-873d24568c65,2025-10-17 10:10:33.3715 UTC,2025-10-17 10:10:44.614985 UTC,8,2025-10-17T10:10:33+00:00|2025-10-17T10:10:34+00:00|2025-10-17T10:10:36+00:00|2025-10-17T10:10:37+00:00|2025-10-17T10:10:39+00:00|2025-10-17T10:10:41+00:00|2025-10-17T10:10:42+00:00|2025-10-17T10:10:44+00:00,America/Los_Angeles,$session.params.escalate,,,,,,ABANDONED,false,0,0,0,0,0,0,0,0,0,0,0,0,0,0,0,0,0,0,0,0,0,0,0,0,0,0,0,0,ABANDONED,false,R1
e4380fbb-db00-4ad1-b826-f54ea122d416,2025-10-17 10:11:40.443122 UTC,2025-10-17 10:11:51.821908 UTC,8,2025-10-17T10:11:40+00:00|2025-10-17T10:11:42+00:00|2025-10-17T10:11:43+00:00|2025-10-17T10:11:44+00:00|2025-10-17T10:11:46+00:00|2025-10-17T10:11:49+00:00|2025-10-17T10:11:49+00:00|2025-10-17T10:11:51+00:00,America/Los_Angeles,$session.params.escalate,,,,,,ABANDONED,false,0,0,0,0,0,0,0,0,0,0,0,0,0,0,0,0,0,0,0,0,0,0,0,0,0,0,0,0,ABANDONED,false,R1
4b6d477f-0edb-4c91-bb67-e4eea0a6155d,2025-10-17 10:12:09.244376 UTC,2025-10-17 10:12:18.508794 UTC,7,2025-10-17T10:12:09+00:00|2025-10-17T10:12:11+00:00|2025-10-17T10:12:12+00:00|2025-10-17T10:12:12+00:00|2025-10-17T10:12:14+00:00|2025-10-17T10:12:17+00:00|2025-10-17T10:12:18+00:00,America/Los_Angeles,$session.params.escalate,,,,,,ABANDONED,false,0,0,0,0,0,0,0,0,0,0,0,0,0,0,0,0,0,0,0,0,0,0,0,0,0,0,0,0,ABANDONED,false,R1
09d32fcf-c309-444d-8d48-ba87f17b6f7c,2025-10-17 10:12:44.33909 UTC,2025-10-17 10:13:52.700728 UTC,9,2025-10-17T10:12:44+00:00|2025-10-17T10:12:51+00:00|2025-10-17T10:13:01+00:00|2025-10-17T10:13:04+00:00|2025-10-17T10:13:11+00:00|2025-10-17T10:13:31+00:00|2025-10-17T10:13:41+00:00|2025-10-17T10:13:47+00:00|2025-10-17T10:13:52+00:00,America/Los_Angeles,,,,,,,ABANDONED,false,0,0,0,0,0,0,0,0,0,0,0,0,0,0,0,0,0,0,0,0,0,0,0,0,0,0,0,0,ABANDONED,false,R3
202a480b-4ccc-44f0-b480-4782563cb42e,2025-10-17 10:12:46.011946 UTC,2025-10-17 10:13:16.980174 UTC,7,2025-10-17T10:12:46+00:00|2025-10-17T10:12:55+00:00|2025-10-17T10:12:58+00:00|2025-10-17T10:13:08+00:00|2025-10-17T10:13:10+00:00|2025-10-17T10:13:13+00:00|2025-10-17T10:13:16+00:00,America/Los_Angeles,,,,,,,ABANDONED,false,0,0,0,0,0,0,0,0,0,0,0,0,0,0,0,0,0,0,0,0,0,0,0,0,0,0,0,0,ABANDONED,false,R1
0a2f8fae-cb61-456e-8a88-c033c2952845,2025-10-17 10:13:26.068027 UTC,2025-10-17 10:14:16.635663 UTC,8,2025-10-17T10:13:26+00:00|2025-10-17T10:13:27+00:00|2025-10-17T10:13:28+00:00|2025-10-17T10:13:29+00:00|2025-10-17T10:13:31+00:00|2025-10-17T10:13:33+00:00|2025-10-17T10:13:50+00:00|2025-10-17T10:14:16+00:00,America/Los_Angeles,,,,,,,ABANDONED,false,0,0,0,0,0,0,0,0,0,0,0,0,0,0,0,0,0,0,0,0,0,0,0,0,0,0,0,0,ABANDONED,false,R1
923dd453-e05c-4467-8298-a39c53419761,2025-10-17 10:14:32.234012 UTC,2025-10-17 10:16:18.528303 UTC,9,2025-10-17T10:14:32+00:00|2025-10-17T10:14:37+00:00|2025-10-17T10:14:45+00:00|2025-10-17T10:14:49+00:00|2025-10-17T10:15:21+00:00|2025-10-17T10:15:37+00:00|2025-10-17T10:15:57+00:00|2025-10-17T10:16:05+00:00|2025-10-17T10:16:18+00:00,America/Los_Angeles,,,,,,,ABANDONED,false,0,0,0,0,0,0,0,0,0,0,0,0,0,0,0,0,0,0,0,0,0,0,0,0,0,0,0,0,ABANDONED,false,R2
2eebbe8f-ed45-416b-b0b7-f25c2b3d1b27,2025-10-17 10:15:33.69206 UTC,2025-10-17 10:16:30.352215 UTC,9,2025-10-17T10:15:33+00:00|2025-10-17T10:15:35+00:00|2025-10-17T10:15:36+00:00|2025-10-17T10:15:37+00:00|2025-10-17T10:15:39+00:00|2025-10-17T10:15:42+00:00|2025-10-17T10:15:51+00:00|2025-10-17T10:16:14+00:00|2025-10-17T10:16:30+00:00,America/Los_Angeles,,,,,,,ABANDONED,false,0,0,0,0,0,0,0,0,0,0,0,0,0,0,0,0,0,0,0,0,0,0,0,0,0,0,0,0,ABANDONED,false,R1
92c2abfa-1505-40ba-81f7-1b778d6a3ef3,2025-10-17 10:18:20.694763 UTC,2025-10-17 10:18:49.126495 UTC,8,2025-10-17T10:18:20+00:00|2025-10-17T10:18:22+00:00|2025-10-17T10:18:23+00:00|2025-10-17T10:18:24+00:00|2025-10-17T10:18:26+00:00|2025-10-17T10:18:30+00:00|2025-10-17T10:18:45+00:00|2025-10-17T10:18:49+00:00,America/Los_Angeles,,,,,,,ABANDONED,false,0,0,0,0,0,0,0,0,0,0,0,0,0,0,0,0,0,0,0,0,0,0,0,0,0,0,0,0,ABANDONED,false,R1
801bc28c-8bc3-497d-90be-7edf764a347d,2025-10-17 10:18:46.798031 UTC,2025-10-17 10:19:31.598068 UTC,8,2025-10-17T10:18:46+00:00|2025-10-17T10:18:49+00:00|2025-10-17T10:18:53+00:00|2025-10-17T10:18:55+00:00|2025-10-17T10:18:59+00:00|2025-10-17T10:19:04+00:00|2025-10-17T10:19:23+00:00|2025-10-17T10:19:31+00:00,America/Los_Angeles,,,,,,,ABANDONED,false,0,0,0,0,0,0,0,0,0,0,0,0,0,0,0,0,0,0,0,0,0,0,0,0,0,0,0,0,ABANDONED,false,R1
1636ab69-c678-4f6a-913f-ab3a51b60742,2025-10-17 10:19:35.887 UTC,2025-10-17 10:20:57.600541 UTC,9,2025-10-17T10:19:35+00:00|2025-10-17T10:19:48+00:00|2025-10-17T10:19:57+00:00|2025-10-17T10:20:00+00:00|2025-10-17T10:20:08+00:00|2025-10-17T10:20:16+00:00|2025-10-17T10:20:26+00:00|2025-10-17T10:20:44+00:00|2025-10-17T10:20:57+00:00,America/Los_Angeles,true,,,,,,ABANDONED,false,0,0,0,0,0,0,0,0,0,0,0,0,0,0,0,0,0,0,0,0,0,0,0,0,0,0,0,0,ABANDONED,false,R2
089fec57-8f5b-47ee-842b-0c7f98ed214d,2025-10-17 10:20:09.573673 UTC,2025-10-17 10:20:58.075214 UTC,8,2025-10-17T10:20:09+00:00|2025-10-17T10:20:12+00:00|2025-10-17T10:20:16+00:00|2025-10-17T10:20:18+00:00|2025-10-17T10:20:21+00:00|2025-10-17T10:20:26+00:00|2025-10-17T10:20:53+00:00|2025-10-17T10:20:58+00:00,America/Los_Angeles,,,,,,,ABANDONED,false,0,0,0,0,0,0,0,0,0,0,0,0,0,0,0,0,0,0,0,0,0,0,0,0,0,0,0,0,ABANDONED,true,R3
a906b9c0-70c0-4db8-bf6a-18bdd9ad42f7,2025-10-17 10:22:05.212664 UTC,2025-10-17 10:23:19.262717 UTC,9,2025-10-17T10:22:05+00:00|2025-10-17T10:22:07+00:00|2025-10-17T10:22:08+00:00|2025-10-17T10:22:09+00:00|2025-10-17T10:22:11+00:00|2025-10-17T10:22:14+00:00|2025-10-17T10:22:27+00:00|2025-10-17T10:22:31+00:00|2025-10-17T10:23:19+00:00,America/Los_Angeles,,,,,,,ABANDONED,false,0,0,0,0,0,0,0,0,0,0,0,0,0,0,0,0,0,0,0,0,0,0,0,0,0,0,0,0,ABANDONED,false,R1
b754cbb1-fc5d-4a00-8412-f0ae91c77c99,2025-10-17 10:22:52.681149 UTC,2025-10-17 10:22:58.882818 UTC,2,2025-10-17T10:22:52+00:00|2025-10-17T10:22:58+00:00,America/Los_Angeles,,,,,,,ABANDONED,false,0,0,0,0,0,0,0,0,0,0,0,0,0,0,0,0,0,0,0,0,0,0,0,0,0,0,0,0,ABANDONED,false,R1
bd7accdd-7d3c-4775-a020-88916f641198,2025-10-17 10:23:26.427873 UTC,2025-10-17 10:26:34.022056 UTC,16,2025-10-17T10:23:26+00:00|2025-10-17T10:23:42+00:00|2025-10-17T10:23:49+00:00|2025-10-17T10:23:52+00:00|2025-10-17T10:24:03+00:00|2025-10-17T10:24:11+00:00|2025-10-17T10:24:29+00:00|2025-10-17T10:24:36+00:00|2025-10-17T10:24:46+00:00|2025-10-17T10:25:24+00:00|2025-10-17T10:25:33+00:00|2025-10-17T10:25:38+00:00|2025-10-17T10:25:59+00:00|2025-10-17T10:26:04+00:00|2025-10-17T10:26:29+00:00|2025-10-17T10:26:34+00:00,America/Los_Angeles,$session.params.escalate,,,,,,ABANDONED,false,0,0,0,0,0,0,0,0,0,0,0,0,0,0,0,0,0,0,0,0,0,0,0,0,0,0,0,0,ABANDONED,false,R1
a8994f73-e01e-4b66-8a5a-027056949208,2025-10-17 10:24:23.272892 UTC,2025-10-17 10:25:05.353464 UTC,8,2025-10-17T10:24:23+00:00|2025-10-17T10:24:26+00:00|2025-10-17T10:24:30+00:00|2025-10-17T10:24:32+00:00|2025-10-17T10:24:35+00:00|2025-10-17T10:24:39+00:00|2025-10-17T10:24:49+00:00|2025-10-17T10:25:05+00:00,America/Los_Angeles,,,,,,,ABANDONED,false,0,0,0,0,0,0,0,0,0,0,0,0,0,0,0,0,0,0,0,0,0,0,0,0,0,0,0,0,ABANDONED,false,R1
a9a19a91-2ea5-4e76-ad71-b67fc6f49075,2025-10-17 10:26:51.158469 UTC,2025-10-17 10:27:11.594174 UTC,8,2025-10-17T10:26:51+00:00|2025-10-17T10:26:53+00:00|2025-10-17T10:26:54+00:00|2025-10-17T10:26:55+00:00|2025-10-17T10:26:57+00:00|2025-10-17T10:27:00+00:00|2025-10-17T10:27:07+00:00|2025-10-17T10:27:11+00:00,America/Los_Angeles,,,,,,,ABANDONED,false,0,0,0,0,0,0,0,0,0,0,0,0,0,0,0,0,0,0,0,0,0,0,0,0,0,0,0,0,ABANDONED,false,R1
6446867f-3b1a-464e-b163-053436e685d9,2025-10-17 10:28:02.635378 UTC,2025-10-17 10:29:00.21738 UTC,9,2025-10-17T10:28:02+00:00|2025-10-17T10:28:05+00:00|2025-10-17T10:28:09+00:00|2025-10-17T10:28:11+00:00|2025-10-17T10:28:15+00:00|2025-10-17T10:28:19+00:00|2025-10-17T10:28:28+00:00|2025-10-17T10:28:37+00:00|2025-10-17T10:29:00+00:00,America/Los_Angeles,true,,,,,,ABANDONED,false,0,0,0,0,0,0,0,0,0,0,0,0,0,0,0,0,0,0,0,0,0,0,0,0,0,0,0,0,ABANDONED,false,R1
faba0085-b00a-4074-8932-61a48e16a284,2025-10-17 10:29:53.435576 UTC,2025-10-17 10:30:09.652632 UTC,7,2025-10-17T10:29:53+00:00|2025-10-17T10:29:55+00:00|2025-10-17T10:29:57+00:00|2025-10-17T10:29:57+00:00|2025-10-17T10:29:59+00:00|2025-10-17T10:30:02+00:00|2025-10-17T10:30:09+00:00,America/Los_Angeles,true,,,,,,ABANDONED,false,0,0,0,0,0,0,0,0,0,0,0,0,0,0,0,0,0,0,0,0,0,0,0,0,0,0,0,0,ABANDONED,false,R1
dc87a83a-e865-4084-b375-019f2814cbc7,2025-10-17 10:30:55.283178 UTC,2025-10-17 10:31:43.352673 UTC,9,2025-10-17T10:30:55+00:00|2025-10-17T10:30:58+00:00|2025-10-17T10:31:02+00:00|2025-10-17T10:31:03+00:00|2025-10-17T10:31:07+00:00|2025-10-17T10:31:17+00:00|2025-10-17T10:31:34+00:00|2025-10-17T10:31:39+00:00|2025-10-17T10:31:43+00:00,America/Los_Angeles,,,,,,,ABANDONED,false,0,0,0,0,0,0,0,0,0,0,0,0,0,0,0,0,0,0,0,0,0,0,0,0,0,0,0,0,ABANDONED,false,R1
fa96df9e-4078-4ca6-992f-6aaa8a0aa9a5,2025-10-17 10:32:40.990726 UTC,2025-10-17 10:36:55.690215 UTC,12,2025-10-17T10:32:40+00:00|2025-10-17T10:32:43+00:00|2025-10-17T10:32:44+00:00|2025-10-17T10:32:44+00:00|2025-10-17T10:32:47+00:00|2025-10-17T10:32:49+00:00|2025-10-17T10:33:04+00:00|2025-10-17T10:33:06+00:00|2025-10-17T10:33:08+00:00|2025-10-17T10:33:27+00:00|2025-10-17T10:36:30+00:00|2025-10-17T10:36:55+00:00,America/Los_Angeles,,,,,,,ABANDONED,false,0,0,0,0,0,0,0,0,0,0,0,0,0,0,0,0,0,0,0,0,0,0,0,0,0,0,0,0,ABANDONED,false,R1
d7025652-dd9b-45ec-bfa7-d81a253cb030,2025-10-17 10:40:03.131947 UTC,2025-10-17 10:40:34.854502 UTC,10,2025-10-17T10:40:03+00:00|2025-10-17T10:40:06+00:00|2025-10-17T10:40:07+00:00|2025-10-17T10:40:08+00:00|2025-10-17T10:40:10+00:00|2025-10-17T10:40:13+00:00|2025-10-17T10:40:26+00:00|2025-10-17T10:40:28+00:00|2025-10-17T10:40:30+00:00|2025-10-17T10:40:34+00:00,America/Los_Angeles,,,,,,,ABANDONED,false,0,0,0,0,0,0,0,0,0,0,0,0,0,0,0,0,0,0,0,0,0,0,0,0,0,0,0,0,ABANDONED,false,R1
61d8b29c-3d2b-4362-a764-60d87f4fa498,2025-10-17 10:44:25.723287 UTC,2025-10-17 10:44:58.075738 UTC,10,2025-10-17T10:44:25+00:00|2025-10-17T10:44:27+00:00|2025-10-17T10:44:29+00:00|2025-10-17T10:44:30+00:00|2025-10-17T10:44:32+00:00|2025-10-17T10:44:35+00:00|2025-10-17T10:44:49+00:00|2025-10-17T10:44:51+00:00|2025-10-17T10:44:52+00:00|2025-10-17T10:44:58+00:00,America/Los_Angeles,,,,,,,ABANDONED,false,0,0,0,0,0,0,0,0,0,0,0,0,0,0,0,0,0,0,0,0,0,0,0,0,0,0,0,0,ABANDONED,false,R1
103dLrrMxv4SkKK_EevPDUyag,2025-10-17 11:05:48.755469 UTC,2025-10-17 11:08:22.428671 UTC,8,2025-10-17T11:05:48+00:00|2025-10-17T11:05:54+00:00|2025-10-17T11:06:08+00:00|2025-10-17T11:06:25+00:00|2025-10-17T11:06:47+00:00|2025-10-17T11:07:06+00:00|2025-10-17T11:07:34+00:00|2025-10-17T11:08:22+00:00,,$session.params.escalate,,,,,,ABANDONED,false,0,0,0,0,0,0,0,0,0,0,0,0,0,0,0,0,0,0,0,0,0,0,0,0,0,0,0,0,ABANDONED,false,R1
103vU9Voq2WQdyxa6Tidotb9g,2025-10-17 11:09:42.054195 UTC,2025-10-17 11:12:18.679736 UTC,8,2025-10-17T11:09:42+00:00|2025-10-17T11:09:47+00:00|2025-10-17T11:10:00+00:00|2025-10-17T11:10:19+00:00|2025-10-17T11:10:42+00:00|2025-10-17T11:11:01+00:00|2025-10-17T11:11:33+00:00|2025-10-17T11:12:18+00:00,,,,,,,,ABANDONED,false,0,0,0,0,0,0,0,0,0,0,0,0,0,0,0,0,0,0,0,0,0,0,0,0,0,0,0,0,ABANDONED,false,R1
