transcriptId,jobId,L3 Intents,L1 Cluster,L2 Clusters,transcript_complexity,Complexity (score out of 10),Complexity Bucket,Complexity_level_bucket,AHT (mins),Aht_bucket,Proposed_for_Automation,Proposed_of_automation,Proposed_,resolution,resolutionDescription,transcriptId.1,clusteringOutput,addedOn,L1 Clusters
695812dbc0cbb5cf7ac67615,CXJ-927,depositRefund,refundRequest,refundProcessing,5.8,1.0,Low,1. Low Complexity,14,3. High AHT,Yes,1,Volume - Potential Transformation Opportunity,refundProcessed,The agent processed a $100 refund to the customer's Mastercard.,ADT-00055,"[{'closest_other_cluster_name': 'refundEligibility', 'cluster': 20, 'embedding_input': 'refundRequest:Refund request refers to the action of asking for the return of a previously paid amount.', 'prob_cluster_belonging': 1.0, 'closest_other_cluster': 21, 'distance_to_other_cluster': 0.422, 'umap_embedding': 'ComingSoon'}]",1767379675,"Billing, Refunds & Credits"
695812dbc0cbb5cf7ac67616,CXJ-927,depositRefund,refundRequest,refundProcessing,5.8,1.0,Low,1. Low Complexity,14,3. High AHT,Yes,1,Volume - Potential Transformation Opportunity,refundProcessed,The agent processed the refund to the customer's credit card.,ADT-00153,"[{'closest_other_cluster_name': 'refundEligibility', 'cluster': 20, 'embedding_input': 'refundRequest:Refund request refers to the action of asking for the return of a previously paid amount.', 'prob_cluster_belonging': 1.0, 'closest_other_cluster': 21, 'distance_to_other_cluster': 0.422, 'umap_embedding': 'ComingSoon'}]",1767379675,"Billing, Refunds & Credits"
695812dbc0cbb5cf7ac67617,CXJ-927,depositRefund,refundRequest,refundProcessing,,1.0,Low,1. Low Complexity,7,2. Medium AHT,Yes,1,Volume - Potential Transformation Opportunity,refundProcessed,The agent confirmed that the refund check request has been processed and will be mailed.,ADT-00061,"[{'closest_other_cluster_name': 'refundEligibility', 'cluster': 20, 'embedding_input': 'refundRequest:Refund request refers to the action of asking for the return of a previously paid amount, typically after fulfilling certain conditions.', 'prob_cluster_belonging': 1.0, 'closest_other_cluster': 21, 'distance_to_other_cluster': 0.422, 'umap_embedding': 'ComingSoon'}]",1767379675,"Billing, Refunds & Credits"
695812dbc0cbb5cf7ac67618,CXJ-927,cameraReboot,sensorReset,hardwareMalfunction,8.9,9.09,High,3. High Complexity,12,2. Medium AHT,No,0,Volume - Rest,firmwareUpdate,Agent pushed a firmware update to the camera to prevent future sensor issues.,ADT-00056,"[{'closest_other_cluster_name': 'alarmManagement', 'cluster': 18, 'embedding_input': 'sensorReset:Sensor reset refers to the process of reinitializing a sensor to restore its proper functionality.', 'prob_cluster_belonging': 0.7681915749862388, 'closest_other_cluster': 10, 'distance_to_other_cluster': 0.5577, 'umap_embedding': 'ComingSoon'}]",1767379675,Hardware & Sensor Issues
695812dbc0cbb5cf7ac67619,CXJ-927,cameraFailure,hardwareError,hardwareMalfunction,9.3,9.09,High,3. High Complexity,14,3. High AHT,No,0,Volume - Rest,technicianDispatchOffer,Agent offered to send a technician to replace the camera for a service fee.,ADT-00003,"[{'closest_other_cluster_name': 'alarmManagement', 'cluster': 18, 'embedding_input': 'hardwareError:Hardware error refers to a malfunction or failure within the physical components of a device, often requiring repair or replacement.', 'prob_cluster_belonging': 1.0, 'closest_other_cluster': 10, 'distance_to_other_cluster': 0.5577, 'umap_embedding': 'ComingSoon'}]",1767379675,Hardware & Sensor Issues
695812dbc0cbb5cf7ac6761a,CXJ-927,sensorReplacement,sensorFailure,hardwareMalfunction,9.2,9.09,High,3. High Complexity,17,3. High AHT,No,0,Volume - Rest,technicianScheduled,A senior technician will visit on Wednesday morning to replace the sensor and check other windows.,ADT-00016,"[{'closest_other_cluster_name': 'alarmManagement', 'cluster': 18, 'embedding_input': 'sensorFailure:Sensor failure refers to the malfunctioning of a sensor, causing it to give incorrect readings or not function as intended.', 'prob_cluster_belonging': 0.8114194820597782, 'closest_other_cluster': 10, 'distance_to_other_cluster': 0.5577, 'umap_embedding': 'ComingSoon'}]",1767379675,Hardware & Sensor Issues
695812dcc0cbb5cf7ac6769d,CXJ-927,pricingInquiry,seniorDiscount,insuranceDiscount,6.0,1.76,Low,1. Low Complexity,11,2. Medium AHT,Yes,1,Volume - Potential Transformation Opportunity,pricingConfirmed,Agent confirmed the pricing details for the customer including discounts and additional features.,ADT-00028,"[{'closest_other_cluster_name': 'insuranceDiscount', 'cluster': 27, 'embedding_input': 'seniorDiscount:Senior discount refers to a reduced price offered to elderly customers, typically those over a certain age or members of specific organizations.', 'prob_cluster_belonging': 1.0, 'closest_other_cluster': 28, 'distance_to_other_cluster': 0.3383, 'umap_embedding': 'ComingSoon'}]",1767379676,Pricing & Discounts
695812dcc0cbb5cf7ac6769e,CXJ-927,devicePurchase,discountOffer,discountEligibility,6.2,1.76,Low,1. Low Complexity,3,1. Low AHT,Yes,1,Volume - Potential Transformation Opportunity,technicianScheduled,A technician is scheduled to install the Smart Garage Controller on Saturday morning.,ADT-00122,"[{'closest_other_cluster_name': 'insuranceDiscount', 'cluster': 27, 'embedding_input': 'discountOffer:A discount offer refers to a reduction in the price of a product or service, typically provided as an incentive or reward.', 'prob_cluster_belonging': 1.0, 'closest_other_cluster': 28, 'distance_to_other_cluster': 0.3383, 'umap_embedding': 'ComingSoon'}]",1767379676,Pricing & Discounts
695812dcc0cbb5cf7ac6769f,CXJ-927,pricingInquiry,insuranceDiscount,insuranceDiscount,6.1,1.63,Low,1. Low Complexity,3,1. Low AHT,Yes,1,Volume - Potential Transformation Opportunity,appointmentScheduled,The agent scheduled an appointment for the customer to set up the security system.,ADT-00030,"[{'closest_other_cluster_name': 'discountEligibility', 'cluster': 28, 'embedding_input': 'insuranceDiscount:Insurance discount refers to the reduction in premium costs offered by insurance companies when customers have professional monitoring systems installed.', 'prob_cluster_belonging': 1.0, 'closest_other_cluster': 27, 'distance_to_other_cluster': 0.3383, 'umap_embedding': 'ComingSoon'}]",1767379676,Pricing & Discounts
695812dcc0cbb5cf7ac676a0,CXJ-927,serviceRemoval,insuranceDiscount,insuranceDiscount,,1.63,Low,1. Low Complexity,7,2. Medium AHT,Yes,1,Volume - Potential Transformation Opportunity,serviceRemoved,The agent removed the private guard response service from the customer's account.,ADT-00090,"[{'closest_other_cluster_name': 'discountEligibility', 'cluster': 28, 'embedding_input': 'insuranceDiscount:Insurance discount refers to the reduction in insurance premiums due to certain qualifying services or features.', 'prob_cluster_belonging': 1.0, 'closest_other_cluster': 27, 'distance_to_other_cluster': 0.3383, 'umap_embedding': 'ComingSoon'}]",1767379676,Pricing & Discounts
695812dcc0cbb5cf7ac676a1,CXJ-927,monitoringInquiry,insuranceDiscount,insuranceDiscount,6.0,1.63,Low,1. Low Complexity,17,3. High AHT,Yes,1,Volume - Potential Transformation Opportunity,emailQuote,Agent will email the customer details about the starter package.,ADT-00101,"[{'closest_other_cluster_name': 'discountEligibility', 'cluster': 28, 'embedding_input': 'insuranceDiscount:Insurance discount refers to the reduction in insurance premiums offered by companies when a security system is professionally monitored.', 'prob_cluster_belonging': 1.0, 'closest_other_cluster': 27, 'distance_to_other_cluster': 0.3383, 'umap_embedding': 'ComingSoon'}]",1767379676,Pricing & Discounts
695812dcc0cbb5cf7ac676a2,CXJ-927,billReduction,loyaltyCredit,loyaltyCredit,6.9,3.54,Low,1. Low Complexity,13,3. High AHT,Yes,1,Volume - Potential Transformation Opportunity,creditApplied,A $15 loyalty credit was applied to the customer's account for the next 12 months.,ADT-00031,"[{'closest_other_cluster_name': 'discountEligibility', 'cluster': 4, 'embedding_input': ""loyaltyCredit:Loyalty credit refers to a discount or credit applied to a customer's account as a reward for their continued patronage."", 'prob_cluster_belonging': 1.0, 'closest_other_cluster': 27, 'distance_to_other_cluster': 0.5681, 'umap_embedding': 'ComingSoon'}]",1767379676,"Billing, Refunds & Credits"
695812dcc0cbb5cf7ac676a3,CXJ-927,rateUpdated,loyaltyCredit,loyaltyCredit,,3.54,Low,1. Low Complexity,11,2. Medium AHT,Yes,1,Volume - Potential Transformation Opportunity,discountApplied,"A $10 loyalty discount was applied to the customer's account, effective immediately.",ADT-00036,"[{'closest_other_cluster_name': 'discountEligibility', 'cluster': 4, 'embedding_input': 'loyaltyCredit:Loyalty credit refers to a discount or promotional offer provided to long-term customers as a reward for their continued patronage.', 'prob_cluster_belonging': 0.7581630114081712, 'closest_other_cluster': 27, 'distance_to_other_cluster': 0.5681, 'umap_embedding': 'ComingSoon'}]",1767379676,"Billing, Refunds & Credits"
695812dbc0cbb5cf7ac6761b,CXJ-927,contractCancellation,failedRepairs,hardwareMalfunction,8.7,9.09,High,3. High Complexity,3,1. Low AHT,No,0,Volume - Rest,contractTerminated,The agent processed the cancellation of the contract effective immediately without any fees.,ADT-00045,"[{'closest_other_cluster_name': 'alarmManagement', 'cluster': 18, 'embedding_input': 'failedRepairs:Failed repairs refer to multiple unsuccessful attempts to fix a recurring issue with a service or product.', 'prob_cluster_belonging': 0.7389774965795546, 'closest_other_cluster': 10, 'distance_to_other_cluster': 0.5577, 'umap_embedding': 'ComingSoon'}]",1767379675,Hardware & Sensor Issues
695812dbc0cbb5cf7ac6761c,CXJ-927,sensorFault,hardwareFault,hardwareMalfunction,8.9,9.09,High,3. High Complexity,12,2. Medium AHT,No,0,Volume - Rest,sensorBypassed,The agent remotely bypassed the faulty sensor to prevent it from triggering the alarm.,ADT-00074,"[{'closest_other_cluster_name': 'alarmManagement', 'cluster': 18, 'embedding_input': 'hardwareFault:A hardware fault refers to a malfunction or defect in the physical components of a device, causing it to operate incorrectly.', 'prob_cluster_belonging': 1.0, 'closest_other_cluster': 10, 'distance_to_other_cluster': 0.5577, 'umap_embedding': 'ComingSoon'}]",1767379675,Hardware & Sensor Issues
695812dbc0cbb5cf7ac6761d,CXJ-927,sensorReplacement,hardwareFailure,hardwareMalfunction,9.0,9.09,High,3. High Complexity,3,1. Low AHT,No,0,Volume - Rest,technicianScheduled,A technician is scheduled to visit and replace the defective sensor on Thursday.,ADT-00092,"[{'closest_other_cluster_name': 'alarmManagement', 'cluster': 18, 'embedding_input': 'hardwareFailure:Hardware failure refers to a malfunction or defect in a physical component of a device, causing it to not operate as intended.', 'prob_cluster_belonging': 1.0, 'closest_other_cluster': 10, 'distance_to_other_cluster': 0.5577, 'umap_embedding': 'ComingSoon'}]",1767379675,Hardware & Sensor Issues
695812dbc0cbb5cf7ac6761e,CXJ-927,billingCorrection,systemError,hardwareMalfunction,8.9,9.09,High,3. High Complexity,13,3. High AHT,No,0,Volume - Rest,refundProcessed,The agent processed a $15 refund to the customer's card on file.,ADT-00096,"[{'closest_other_cluster_name': 'alarmManagement', 'cluster': 18, 'embedding_input': 'systemError:A system error refers to a malfunction or glitch within the software or hardware that causes incorrect operations or billing.', 'prob_cluster_belonging': 0.8859735632466278, 'closest_other_cluster': 10, 'distance_to_other_cluster': 0.5577, 'umap_embedding': 'ComingSoon'}]",1767379675,Hardware & Sensor Issues
695812dbc0cbb5cf7ac6761f,CXJ-927,duplicateCharge,systemError,hardwareMalfunction,8.7,9.09,High,3. High Complexity,17,3. High AHT,No,0,Volume - Rest,creditIssued,A $60 credit was issued to the customer's account to correct the duplicate charge.,ADT-00132,"[{'closest_other_cluster_name': 'alarmManagement', 'cluster': 18, 'embedding_input': 'systemError:A system error refers to a malfunction or unintended operation within a software or hardware system that leads to incorrect outcomes.', 'prob_cluster_belonging': 0.937235999892366, 'closest_other_cluster': 10, 'distance_to_other_cluster': 0.5577, 'umap_embedding': 'ComingSoon'}]",1767379675,Hardware & Sensor Issues
695812dbc0cbb5cf7ac67620,CXJ-927,chargeDispute,faultyInstallation,hardwareMalfunction,9.1,9.09,High,3. High Complexity,5,1. Low AHT,No,0,Volume - Rest,refundProcessed,The agent processed a refund to the customer's card for the disputed charge.,ADT-00139,"[{'closest_other_cluster_name': 'alarmManagement', 'cluster': 18, 'embedding_input': 'faultyInstallation:Faulty installation refers to an incorrect or substandard setup of equipment or services, leading to operational issues.', 'prob_cluster_belonging': 0.7578560987712044, 'closest_other_cluster': 10, 'distance_to_other_cluster': 0.5577, 'umap_embedding': 'ComingSoon'}]",1767379675,Hardware & Sensor Issues
695812dbc0cbb5cf7ac67621,CXJ-927,cameraRepair,sensorStuck,hardwareMalfunction,9.2,9.09,High,3. High Complexity,4,1. Low AHT,No,0,Volume - Rest,firmwareUpdate,The agent updated the camera's firmware to improve sensor sensitivity to low light.,ADT-00161,"[{'closest_other_cluster_name': 'alarmManagement', 'cluster': 18, 'embedding_input': ""sensorStuck:Sensor stuck refers to a situation where a device's sensor fails to switch modes automatically, causing operational issues."", 'prob_cluster_belonging': 0.7681915749862388, 'closest_other_cluster': 10, 'distance_to_other_cluster': 0.5577, 'umap_embedding': 'ComingSoon'}]",1767379675,Hardware & Sensor Issues
695812dbc0cbb5cf7ac67622,CXJ-927,planDowngrade,unusedFeatures,unusedServices,5.8,1.25,Low,1. Low Complexity,15,3. High AHT,Yes,1,Volume - Potential Transformation Opportunity,accountSettingsUpdated,The agent updated the account settings to reflect the new plan within 24 hours.,ADT-00070,"[{'closest_other_cluster_name': 'serviceFeeRemoval', 'cluster': 7, 'embedding_input': 'unusedFeatures:Unused features refer to components or services in a plan that the customer does not utilize or need.', 'prob_cluster_belonging': 1.0, 'closest_other_cluster': 31, 'distance_to_other_cluster': 0.4412, 'umap_embedding': 'ComingSoon'}]",1767379675,"Billing, Refunds & Credits"
695812dbc0cbb5cf7ac67623,CXJ-927,appAccessCancellation,unusedFeatures,unusedServices,,1.25,Low,1. Low Complexity,7,2. Medium AHT,Yes,1,Volume - Potential Transformation Opportunity,featureRemoval,The agent removed the remote access feature from the customer's plan.,ADT-00160,"[{'closest_other_cluster_name': 'serviceFeeRemoval', 'cluster': 7, 'embedding_input': 'unusedFeatures:Unused features refer to components or services within a plan that the customer does not utilize.', 'prob_cluster_belonging': 1.0, 'closest_other_cluster': 31, 'distance_to_other_cluster': 0.4412, 'umap_embedding': 'ComingSoon'}]",1767379675,"Billing, Refunds & Credits"
695812dbc0cbb5cf7ac67624,CXJ-927,chargeRemoval,optionalService,unusedServices,6.0,1.25,Low,1. Low Complexity,13,3. High AHT,Yes,1,Volume - Potential Transformation Opportunity,creditIssued,Agent issued a $9.99 credit to the customer's account to cover the unwanted charge.,ADT-00189,"[{'closest_other_cluster_name': 'serviceFeeRemoval', 'cluster': 7, 'embedding_input': 'optionalService:Optional service refers to additional features or services that can be added to an account, typically for an extra fee, and are not part of the standard package.', 'prob_cluster_belonging': 1.0, 'closest_other_cluster': 31, 'distance_to_other_cluster': 0.4412, 'umap_embedding': 'ComingSoon'}]",1767379675,"Billing, Refunds & Credits"
695812dbc0cbb5cf7ac67625,CXJ-927,serviceInquiry,pricingRequest,pricingInquiry,6.6,3.66,Low,1. Low Complexity,17,3. High AHT,Yes,1,Volume - Potential Transformation Opportunity,emailQuote,Agent emailed the pricing details for the Condo Starter Kit to the customer.,ADT-00077,"[{'closest_other_cluster_name': 'pricingDetails', 'cluster': 25, 'embedding_input': ""pricingRequest:Pricing request refers to the customer's inquiry about the cost of a specific service or product."", 'prob_cluster_belonging': 0.48168200316286575, 'closest_other_cluster': 26, 'distance_to_other_cluster': 0.1833, 'umap_embedding': 'ComingSoon'}]",1767379675,Pricing & Discounts
695812dbc0cbb5cf7ac67626,CXJ-927,quoteProvided,pricingRequest,pricingInquiry,,3.66,Low,1. Low Complexity,13,3. High AHT,Yes,1,Volume - Potential Transformation Opportunity,emailQuote,Agent emailed the customer a detailed quote including sensors and cameras.,ADT-00086,"[{'closest_other_cluster_name': 'pricingDetails', 'cluster': 25, 'embedding_input': ""pricingRequest:Pricing request refers to the customer's inquiry about the cost of a product or service."", 'prob_cluster_belonging': 1.0, 'closest_other_cluster': 26, 'distance_to_other_cluster': 0.1833, 'umap_embedding': 'ComingSoon'}]",1767379675,Pricing & Discounts
695812dbc0cbb5cf7ac67627,CXJ-927,quoteProvided,pricingRequest,pricingInquiry,7.2,3.66,Low,1. Low Complexity,5,1. Low AHT,Yes,1,Volume - Potential Transformation Opportunity,emailQuote,The agent sent a detailed quote to the customer's email address.,ADT-00117,"[{'closest_other_cluster_name': 'pricingDetails', 'cluster': 25, 'embedding_input': ""pricingRequest:Pricing request refers to the customer's inquiry about the cost of products or services."", 'prob_cluster_belonging': 0.5945725549088032, 'closest_other_cluster': 26, 'distance_to_other_cluster': 0.1833, 'umap_embedding': 'ComingSoon'}]",1767379675,Pricing & Discounts
695812dbc0cbb5cf7ac67628,CXJ-927,planInquiry,pricingRequest,pricingInquiry,6.8,3.66,Low,1. Low Complexity,15,3. High AHT,Yes,1,Volume - Potential Transformation Opportunity,planEnrollment,Agent enrolls the customer in the Essential Starter plan for $28.99 a month.,ADT-00118,"[{'closest_other_cluster_name': 'pricingDetails', 'cluster': 25, 'embedding_input': ""pricingRequest:Pricing request refers to the customer's inquiry about the cost of a service or product."", 'prob_cluster_belonging': 1.0, 'closest_other_cluster': 26, 'distance_to_other_cluster': 0.1833, 'umap_embedding': 'ComingSoon'}]",1767379675,Pricing & Discounts
695812dbc0cbb5cf7ac67629,CXJ-927,quoteProvided,pricingRequest,pricingInquiry,6.8,3.66,Low,1. Low Complexity,5,1. Low AHT,Yes,1,Volume - Potential Transformation Opportunity,installationScheduled,The agent scheduled the installation for the customer's home security system.,ADT-00151,"[{'closest_other_cluster_name': 'pricingDetails', 'cluster': 25, 'embedding_input': ""pricingRequest:Pricing request refers to the customer's inquiry about the cost of a product or service."", 'prob_cluster_belonging': 1.0, 'closest_other_cluster': 26, 'distance_to_other_cluster': 0.1833, 'umap_embedding': 'ComingSoon'}]",1767379675,Pricing & Discounts
695812dbc0cbb5cf7ac6762a,CXJ-927,serviceAvailability,ruralLocation,remoteAreaAccess,5.9,1.38,Low,1. Low Complexity,7,2. Medium AHT,Yes,1,Volume - Potential Transformation Opportunity,DIYSystemOffer,Agent offered a DIY security system as an alternative for rural areas with professional monitoring.,ADT-00078,"[{'closest_other_cluster_name': 'internationalRelocation', 'cluster': 0, 'embedding_input': 'ruralLocation:Rural location refers to areas that are situated outside cities and towns, often characterized by low population density and limited access to services.', 'prob_cluster_belonging': 1.0, 'closest_other_cluster': 11, 'distance_to_other_cluster': 0.6796, 'umap_embedding': 'ComingSoon'}]",1767379675,Relocation & Coverage
695812dbc0cbb5cf7ac6762b,CXJ-927,installationScheduled,ruralLocation,remoteAreaAccess,,1.38,Low,1. Low Complexity,3,1. Low AHT,Yes,1,Volume - Potential Transformation Opportunity,technicianScheduled,The agent scheduled a technician visit for the customer on Tuesday morning.,ADT-00128,"[{'closest_other_cluster_name': 'internationalRelocation', 'cluster': 0, 'embedding_input': 'ruralLocation:Rural location refers to areas that are situated outside cities and towns, often characterized by low population density and limited infrastructure.', 'prob_cluster_belonging': 1.0, 'closest_other_cluster': 11, 'distance_to_other_cluster': 0.6796, 'umap_embedding': 'ComingSoon'}]",1767379675,Relocation & Coverage
695812dbc0cbb5cf7ac6762c,CXJ-927,coverageInquiry,remoteLocation,remoteAreaAccess,6.0,1.38,Low,1. Low Complexity,17,3. High AHT,Yes,1,Volume - Potential Transformation Opportunity,emailQuote,Agent will email a quote for a basic setup with one outdoor camera.,ADT-00165,"[{'closest_other_cluster_name': 'internationalRelocation', 'cluster': 0, 'embedding_input': 'remoteLocation:Remote location refers to areas that are distant from urban centers, often with challenging access and connectivity.', 'prob_cluster_belonging': 1.0, 'closest_other_cluster': 11, 'distance_to_other_cluster': 0.6796, 'umap_embedding': 'ComingSoon'}]",1767379675,Relocation & Coverage
695812dbc0cbb5cf7ac6762d,CXJ-927,systemPurchase,installationRequest,serviceInstallation,6.5,3.28,Low,1. Low Complexity,4,1. Low AHT,Yes,1,Volume - Potential Transformation Opportunity,appointmentScheduled,The agent scheduled an installation appointment for the customer on Thursday at 2 PM.,ADT-00079,"[{'closest_other_cluster_name': 'systemUpgradeRequest', 'cluster': 29, 'embedding_input': ""installationRequest:Installation request refers to the customer's desire to have a purchased system set up at their location."", 'prob_cluster_belonging': 0.718631348715185, 'closest_other_cluster': 30, 'distance_to_other_cluster': 0.3438, 'umap_embedding': 'ComingSoon'}]",1767379675,Installation & Upgrades
695812dbc0cbb5cf7ac6762e,CXJ-927,thermostatInstallation,installationRequest,serviceInstallation,7.0,3.28,Low,1. Low Complexity,8,2. Medium AHT,Yes,1,Volume - Potential Transformation Opportunity,technicianScheduled,A technician is scheduled to install the smart thermostat next Tuesday at 10 AM.,ADT-00097,"[{'closest_other_cluster_name': 'systemUpgradeRequest', 'cluster': 29, 'embedding_input': ""installationRequest:Installation request refers to the customer's desire to have a new device or system set up and configured by a technician."", 'prob_cluster_belonging': 1.0, 'closest_other_cluster': 30, 'distance_to_other_cluster': 0.3438, 'umap_embedding': 'ComingSoon'}]",1767379675,Installation & Upgrades
695812dbc0cbb5cf7ac6762f,CXJ-927,lockInstallation,installationRequest,serviceInstallation,6.7,3.28,Low,1. Low Complexity,8,2. Medium AHT,Yes,1,Volume - Potential Transformation Opportunity,appointmentScheduled,The agent scheduled an appointment for the installation of the smart lock on Saturday.,ADT-00144,"[{'closest_other_cluster_name': 'systemUpgradeRequest', 'cluster': 29, 'embedding_input': ""installationRequest:Installation request refers to the customer's desire to have a new device or system installed at their location."", 'prob_cluster_belonging': 1.0, 'closest_other_cluster': 30, 'distance_to_other_cluster': 0.3438, 'umap_embedding': 'ComingSoon'}]",1767379675,Installation & Upgrades
695812dbc0cbb5cf7ac67630,CXJ-927,floodlightInstallation,installationRequest,serviceInstallation,6.6,3.28,Low,1. Low Complexity,15,3. High AHT,Yes,1,Volume - Potential Transformation Opportunity,appointmentScheduled,The agent scheduled an installation appointment for the customer on the requested date.,ADT-00195,"[{'closest_other_cluster_name': 'systemUpgradeRequest', 'cluster': 29, 'embedding_input': ""installationRequest:Installation request refers to the customer's desire to have a new device or system professionally installed at their location."", 'prob_cluster_belonging': 1.0, 'closest_other_cluster': 30, 'distance_to_other_cluster': 0.3438, 'umap_embedding': 'ComingSoon'}]",1767379675,Installation & Upgrades
695812dbc0cbb5cf7ac67631,CXJ-927,technicianScheduled,siteSurveyRequest,serviceDisruptionImpact,6.1,1.76,Low,1. Low Complexity,7,2. Medium AHT,Yes,1,Volume - Potential Transformation Opportunity,technicianScheduled,Technician scheduled for a site survey on Friday morning between 8 and 12.,ADT-00080,"[{'closest_other_cluster_name': 'None', 'cluster': -1, 'embedding_input': ""siteSurveyRequest:Site survey request refers to the customer's request for a technician to visit the location to assess signal strength and installation feasibility."", 'prob_cluster_belonging': 0.0, 'closest_other_cluster': None, 'distance_to_other_cluster': None, 'umap_embedding': 'ComingSoon'}]",1767379675,Alarm & Security Settings
695812dbc0cbb5cf7ac67632,CXJ-927,sensorHealth,lowBattery,serviceDisruptionImpact,6.1,1.76,Low,1. Low Complexity,2,1. Low AHT,Yes,1,Volume - Potential Transformation Opportunity,batteryReplacement,Agent will send a replacement battery to the customer for the sensor.,ADT-00082,"[{'closest_other_cluster_name': 'None', 'cluster': -1, 'embedding_input': ""lowBattery:Low battery refers to the condition where a device's battery has significantly depleted, affecting its normal operation."", 'prob_cluster_belonging': 0.0, 'closest_other_cluster': None, 'distance_to_other_cluster': None, 'umap_embedding': 'ComingSoon'}]",1767379675,Alarm & Security Settings
695812dbc0cbb5cf7ac67633,CXJ-927,settingsUpdate,exitDelayChange,serviceDisruptionImpact,6.1,1.76,Low,1. Low Complexity,10,2. Medium AHT,Yes,1,Volume - Potential Transformation Opportunity,delayUpdated,The agent updated the exit delay setting to 90 seconds remotely.,ADT-00083,"[{'closest_other_cluster_name': 'None', 'cluster': -1, 'embedding_input': 'exitDelayChange:Exit delay change refers to the adjustment of the time allowed for a user to exit the premises after arming the alarm system.', 'prob_cluster_belonging': 0.0, 'closest_other_cluster': None, 'distance_to_other_cluster': None, 'umap_embedding': 'ComingSoon'}]",1767379675,Alarm & Security Settings
695812dbc0cbb5cf7ac67634,CXJ-927,sensorAdjustment,doorRattling,serviceDisruptionImpact,6.1,1.76,Low,1. Low Complexity,8,2. Medium AHT,Yes,1,Volume - Potential Transformation Opportunity,sensorRepositioned,The agent guided the customer to reposition the door sensor to prevent false alarms.,ADT-00085,"[{'closest_other_cluster_name': 'None', 'cluster': -1, 'embedding_input': 'doorRattling:Door rattling refers to the movement of a door within its frame, often causing misalignment with security sensors.', 'prob_cluster_belonging': 0.0, 'closest_other_cluster': None, 'distance_to_other_cluster': None, 'umap_embedding': 'ComingSoon'}]",1767379675,Alarm & Security Settings
695812dbc0cbb5cf7ac67635,CXJ-927,securitySystemPurchase,militaryDiscount,serviceDisruptionImpact,6.1,1.76,Low,1. Low Complexity,11,2. Medium AHT,Yes,1,Volume - Potential Transformation Opportunity,installationScheduled,The agent will verify service status and schedule the installation of the security system.,ADT-00087,"[{'closest_other_cluster_name': 'None', 'cluster': -1, 'embedding_input': 'militaryDiscount:Military discount refers to a price reduction offered to active and retired military personnel as a token of appreciation for their service.', 'prob_cluster_belonging': 0.0, 'closest_other_cluster': None, 'distance_to_other_cluster': None, 'umap_embedding': 'ComingSoon'}]",1767379675,Alarm & Security Settings
695812dbc0cbb5cf7ac67636,CXJ-927,cameraIssue,thunderstormDamage,serviceDisruptionImpact,6.1,1.76,Low,1. Low Complexity,6,1. Low AHT,Yes,1,Volume - Potential Transformation Opportunity,cameraReboot,"The agent guided the customer to reboot the camera, restoring its functionality.",ADT-00001,"[{'closest_other_cluster_name': 'None', 'cluster': -1, 'embedding_input': 'thunderstormDamage:Thunderstorm damage refers to the harm caused to electronic devices or systems due to severe weather conditions, such as lightning or heavy rain.', 'prob_cluster_belonging': 0.0, 'closest_other_cluster': None, 'distance_to_other_cluster': None, 'umap_embedding': 'ComingSoon'}]",1767379675,Alarm & Security Settings
695812dbc0cbb5cf7ac67637,CXJ-927,cameraFeed,physicalObstruction,serviceDisruptionImpact,6.1,1.76,Low,1. Low Complexity,5,1. Low AHT,Yes,1,Volume - Potential Transformation Opportunity,sensorReset,The agent reset the camera's IR sensor to resolve the issue and improve the image clarity.,ADT-00002,"[{'closest_other_cluster_name': 'None', 'cluster': -1, 'embedding_input': 'physicalObstruction:Physical obstruction refers to any object or substance that blocks or interferes with the camera lens, causing a blurry or unclear image.', 'prob_cluster_belonging': 0.0, 'closest_other_cluster': None, 'distance_to_other_cluster': None, 'umap_embedding': 'ComingSoon'}]",1767379675,Alarm & Security Settings
695812dcc0cbb5cf7ac67638,CXJ-927,productCompatibility,smartHomeIntegration,serviceDisruptionImpact,6.1,1.76,Low,1. Low Complexity,4,1. Low AHT,Yes,1,Volume - Potential Transformation Opportunity,informationProvided,Agent provided detailed information about ADT's compatibility with Google Home devices.,ADT-00012,"[{'closest_other_cluster_name': 'None', 'cluster': -1, 'embedding_input': 'smartHomeIntegration:Smart home integration refers to the ability of security systems to work seamlessly with smart home devices like Google Home and Amazon Alexa.', 'prob_cluster_belonging': 0.0, 'closest_other_cluster': None, 'distance_to_other_cluster': None, 'umap_embedding': 'ComingSoon'}]",1767379676,Alarm & Security Settings
695812dcc0cbb5cf7ac67639,CXJ-927,systemFunctionality,powerOutageImpact,serviceDisruptionImpact,6.1,1.76,Low,1. Low Complexity,2,1. Low AHT,Yes,1,Volume - Potential Transformation Opportunity,notificationSetup,Customer will receive a notification on their phone when the system switches to battery power.,ADT-00013,"[{'closest_other_cluster_name': 'None', 'cluster': -1, 'embedding_input': 'powerOutageImpact:Power outage impact refers to the effect of a power loss on the functionality and operation of security systems.', 'prob_cluster_belonging': 0.0, 'closest_other_cluster': None, 'distance_to_other_cluster': None, 'umap_embedding': 'ComingSoon'}]",1767379676,Alarm & Security Settings
695812dcc0cbb5cf7ac6763a,CXJ-927,accountCancellation,missedAppointment,serviceDisruptionImpact,6.1,1.76,Low,1. Low Complexity,13,3. High AHT,Yes,1,Volume - Potential Transformation Opportunity,transferToRetention,Agent transferred the customer to the Retention department for account cancellation.,ADT-00018,"[{'closest_other_cluster_name': 'None', 'cluster': -1, 'embedding_input': 'missedAppointment:Missed appointment refers to a scheduled service visit that did not occur as planned, causing inconvenience to the customer.', 'prob_cluster_belonging': 0.0, 'closest_other_cluster': None, 'distance_to_other_cluster': None, 'umap_embedding': 'ComingSoon'}]",1767379676,Alarm & Security Settings
695812dcc0cbb5cf7ac6763b,CXJ-927,loginIssue,faceIDPermission,serviceDisruptionImpact,6.1,1.76,Low,1. Low Complexity,13,3. High AHT,Yes,1,Volume - Potential Transformation Opportunity,permissionEnabled,Agent guided customer to enable FaceID permission in phone settings to resolve login issue.,ADT-00019,"[{'closest_other_cluster_name': 'None', 'cluster': -1, 'embedding_input': 'faceIDPermission:FaceID permission refers to the setting that allows an app to use FaceID for authentication and maintaining session activity.', 'prob_cluster_belonging': 0.0, 'closest_other_cluster': None, 'distance_to_other_cluster': None, 'umap_embedding': 'ComingSoon'}]",1767379676,Alarm & Security Settings
695812dcc0cbb5cf7ac6763c,CXJ-927,moveSupport,sensorTransfer,serviceDisruptionImpact,6.1,1.76,Low,1. Low Complexity,8,2. Medium AHT,Yes,1,Volume - Potential Transformation Opportunity,technicianScheduled,A technician is scheduled to visit the new house for consultation and installation.,ADT-00022,"[{'closest_other_cluster_name': 'None', 'cluster': -1, 'embedding_input': 'sensorTransfer:Sensor transfer refers to the process of relocating DIY sensors from one property to another during a move.', 'prob_cluster_belonging': 0.0, 'closest_other_cluster': None, 'distance_to_other_cluster': None, 'umap_embedding': 'ComingSoon'}]",1767379676,Alarm & Security Settings
695812dcc0cbb5cf7ac6763d,CXJ-927,accountTransfer,contractCarryover,serviceDisruptionImpact,6.1,1.76,Low,1. Low Complexity,9,2. Medium AHT,Yes,1,Volume - Potential Transformation Opportunity,appointmentScheduled,The agent scheduled an afternoon appointment for the customer on the 22nd.,ADT-00023,"[{'closest_other_cluster_name': 'None', 'cluster': -1, 'embedding_input': 'contractCarryover:Contract carryover refers to the process of transferring an existing service contract to a new address without incurring penalties.', 'prob_cluster_belonging': 0.0, 'closest_other_cluster': None, 'distance_to_other_cluster': None, 'umap_embedding': 'ComingSoon'}]",1767379676,Alarm & Security Settings
695812dcc0cbb5cf7ac6763e,CXJ-927,accountCancellation,serviceUnavailability,serviceDisruptionImpact,6.1,1.76,Low,1. Low Complexity,10,2. Medium AHT,Yes,1,Volume - Potential Transformation Opportunity,accountClosure,The agent scheduled the account cancellation for the customer's move date.,ADT-00025,"[{'closest_other_cluster_name': 'None', 'cluster': -1, 'embedding_input': 'serviceUnavailability:Service unavailability refers to the inability to provide a specific service in a certain geographic area due to coverage limitations.', 'prob_cluster_belonging': 0.0, 'closest_other_cluster': None, 'distance_to_other_cluster': None, 'umap_embedding': 'ComingSoon'}]",1767379676,Alarm & Security Settings
695812dcc0cbb5cf7ac6763f,CXJ-927,chargeDispute,promoCodeError,serviceDisruptionImpact,6.1,1.76,Low,1. Low Complexity,13,3. High AHT,Yes,1,Volume - Potential Transformation Opportunity,refundProcessed,The agent processed a direct refund to the customer's Visa card for the incorrect charge.,ADT-00040,"[{'closest_other_cluster_name': 'None', 'cluster': -1, 'embedding_input': 'promoCodeError:Promo code error refers to a situation where a promotional code applied to a transaction fails to validate correctly, resulting in incorrect charges.', 'prob_cluster_belonging': 0.0, 'closest_other_cluster': None, 'distance_to_other_cluster': None, 'umap_embedding': 'ComingSoon'}]",1767379676,Alarm & Security Settings
695812dcc0cbb5cf7ac67640,CXJ-927,accountClosure,retirementImpact,serviceDisruptionImpact,6.1,1.76,Low,1. Low Complexity,8,2. Medium AHT,Yes,1,Volume - Potential Transformation Opportunity,buyoutRequired,Agent informs customer that account closure requires a buyout of 75% of remaining months.,ADT-00042,"[{'closest_other_cluster_name': 'None', 'cluster': -1, 'embedding_input': ""retirementImpact:Retirement impact refers to the changes in a person's lifestyle and financial decisions due to retirement, often leading to reduced usage of services and desire to minimize expenses."", 'prob_cluster_belonging': 0.0, 'closest_other_cluster': None, 'distance_to_other_cluster': None, 'umap_embedding': 'ComingSoon'}]",1767379676,Alarm & Security Settings
695812dcc0cbb5cf7ac67641,CXJ-927,accountClosure,deathEvent,serviceDisruptionImpact,6.1,1.76,Low,1. Low Complexity,8,2. Medium AHT,Yes,1,Volume - Potential Transformation Opportunity,accountClosed,The agent confirmed the account closure and stopped all billing immediately.,ADT-00044,"[{'closest_other_cluster_name': 'None', 'cluster': -1, 'embedding_input': 'deathEvent:Death event refers to the passing away of an account holder, necessitating the closure of their account.', 'prob_cluster_belonging': 0.0, 'closest_other_cluster': None, 'distance_to_other_cluster': None, 'umap_embedding': 'ComingSoon'}]",1767379676,Alarm & Security Settings
695812dcc0cbb5cf7ac67642,CXJ-927,medicalAlertUpgrade,fallProtection,serviceDisruptionImpact,6.1,1.76,Low,1. Low Complexity,9,2. Medium AHT,Yes,1,Volume - Potential Transformation Opportunity,orderProcessed,The agent confirmed the order for the medical alert pendant and processed it for shipment.,ADT-00046,"[{'closest_other_cluster_name': 'None', 'cluster': -1, 'embedding_input': 'fallProtection:Fall protection refers to measures and devices designed to prevent or mitigate injuries from falls, especially for elderly or disabled individuals.', 'prob_cluster_belonging': 0.0, 'closest_other_cluster': None, 'distance_to_other_cluster': None, 'umap_embedding': 'ComingSoon'}]",1767379676,Alarm & Security Settings
695812dcc0cbb5cf7ac67643,CXJ-927,smartLockRequest,annualCheckup,serviceDisruptionImpact,6.1,1.76,Low,1. Low Complexity,10,2. Medium AHT,Yes,1,Volume - Potential Transformation Opportunity,lockReserved,Agent reserved a satin nickel finish smart lock for the customer’s November appointment.,ADT-00050,"[{'closest_other_cluster_name': 'None', 'cluster': -1, 'embedding_input': 'annualCheckup:Annual checkup refers to the scheduled yearly maintenance and inspection of a security system.', 'prob_cluster_belonging': 0.0, 'closest_other_cluster': None, 'distance_to_other_cluster': None, 'umap_embedding': 'ComingSoon'}]",1767379676,Alarm & Security Settings
695812dcc0cbb5cf7ac67644,CXJ-927,emailUpdated,notificationSettings,serviceDisruptionImpact,6.1,1.76,Low,1. Low Complexity,8,2. Medium AHT,Yes,1,Volume - Potential Transformation Opportunity,emailUpdated,The agent updated the primary email address and adjusted notification settings as requested.,ADT-00051,"[{'closest_other_cluster_name': 'None', 'cluster': -1, 'embedding_input': 'notificationSettings:Notification settings refer to the preferences for receiving alerts and promotional emails from a service provider.', 'prob_cluster_belonging': 0.0, 'closest_other_cluster': None, 'distance_to_other_cluster': None, 'umap_embedding': 'ComingSoon'}]",1767379676,Alarm & Security Settings
695812dcc0cbb5cf7ac67645,CXJ-927,billingAdjustment,unauthorizedCharge,serviceDisruptionImpact,6.1,1.76,Low,1. Low Complexity,17,3. High AHT,Yes,1,Volume - Potential Transformation Opportunity,chargeRemoved,The agent removed the unauthorized charge and credited $21 back to the customer's account.,ADT-00057,"[{'closest_other_cluster_name': 'None', 'cluster': -1, 'embedding_input': ""unauthorizedCharge:Unauthorized charge refers to any fee or cost added to a customer's bill without their explicit consent or approval."", 'prob_cluster_belonging': 0.0, 'closest_other_cluster': None, 'distance_to_other_cluster': None, 'umap_embedding': 'ComingSoon'}]",1767379676,Alarm & Security Settings
695812dcc0cbb5cf7ac67646,CXJ-927,doorbellPurchase,apartmentRestriction,serviceDisruptionImpact,6.1,1.76,Low,1. Low Complexity,5,1. Low AHT,Yes,1,Volume - Potential Transformation Opportunity,orderProcessed,Agent processed the order for the customer and saved the shipping fee.,ADT-00059,"[{'closest_other_cluster_name': 'None', 'cluster': -1, 'embedding_input': 'apartmentRestriction:Apartment restriction refers to limitations or rules set by landlords or property managers that prevent tenants from making certain modifications to their living space, such as drilling holes.', 'prob_cluster_belonging': 0.0, 'closest_other_cluster': None, 'distance_to_other_cluster': None, 'umap_embedding': 'ComingSoon'}]",1767379676,Alarm & Security Settings
695812dcc0cbb5cf7ac67647,CXJ-927,cameraAlertIssue,motionSensorTrigger,serviceDisruptionImpact,6.1,1.76,Low,1. Low Complexity,8,2. Medium AHT,Yes,1,Volume - Potential Transformation Opportunity,activityZonesSetup,Agent set up activity zones to ignore tree shadows and enabled human detection only.,ADT-00072,"[{'closest_other_cluster_name': 'None', 'cluster': -1, 'embedding_input': ""motionSensorTrigger:Motion sensor trigger refers to the activation of a camera's alert system due to detected movement, often caused by environmental factors."", 'prob_cluster_belonging': 0.0, 'closest_other_cluster': None, 'distance_to_other_cluster': None, 'umap_embedding': 'ComingSoon'}]",1767379676,Alarm & Security Settings
695812dcc0cbb5cf7ac67648,CXJ-927,serviceAvailability,newDevelopment,serviceDisruptionImpact,6.1,1.76,Low,1. Low Complexity,3,1. Low AHT,Yes,1,Volume - Potential Transformation Opportunity,virtualConsultation,Agent offers a virtual consultation to provide a quote over the phone.,ADT-00076,"[{'closest_other_cluster_name': 'None', 'cluster': -1, 'embedding_input': 'newDevelopment:New development refers to a recently constructed residential area that may not yet be fully mapped or recognized by standard navigation systems.', 'prob_cluster_belonging': 0.0, 'closest_other_cluster': None, 'distance_to_other_cluster': None, 'umap_embedding': 'ComingSoon'}]",1767379676,Alarm & Security Settings
695812dcc0cbb5cf7ac67649,CXJ-927,serviceTermination,jobLoss,serviceDisruptionImpact,6.1,1.76,Low,1. Low Complexity,9,2. Medium AHT,Yes,1,Volume - Potential Transformation Opportunity,noResolution,The agent was unable to provide a resolution that satisfied the customer's request to cancel the service.,ADT-00100,"[{'closest_other_cluster_name': 'None', 'cluster': -1, 'embedding_input': 'jobLoss:Job loss refers to the situation where an individual has lost their employment, impacting their ability to pay for services.', 'prob_cluster_belonging': 0.0, 'closest_other_cluster': None, 'distance_to_other_cluster': None, 'umap_embedding': 'ComingSoon'}]",1767379676,Alarm & Security Settings
695812dcc0cbb5cf7ac6764a,CXJ-927,planUpdated,seniorDiscount,serviceDisruptionImpact,6.1,1.76,Low,1. Low Complexity,10,2. Medium AHT,Yes,1,Volume - Potential Transformation Opportunity,discountApplied,"The agent applied a senior discount to the customer's billing plan, reducing the monthly rate.",ADT-00102,"[{'closest_other_cluster_name': 'None', 'cluster': -1, 'embedding_input': 'seniorDiscount:Senior discount refers to a reduced rate offered to customers who are over a certain age, typically 65 or older.', 'prob_cluster_belonging': 0.0, 'closest_other_cluster': None, 'distance_to_other_cluster': None, 'umap_embedding': 'ComingSoon'}]",1767379676,Alarm & Security Settings
695812dcc0cbb5cf7ac6764b,CXJ-927,panelReboot,cellularChipReset,serviceDisruptionImpact,6.1,1.76,Low,1. Low Complexity,14,3. High AHT,Yes,1,Volume - Potential Transformation Opportunity,cellTestSignal,Agent sent a cell test signal to ensure the panel's cellular connection is restored.,ADT-00105,"[{'closest_other_cluster_name': 'None', 'cluster': -1, 'embedding_input': 'cellularChipReset:Cellular chip reset refers to the process of rebooting the cellular component of a security system to restore communication.', 'prob_cluster_belonging': 0.0, 'closest_other_cluster': None, 'distance_to_other_cluster': None, 'umap_embedding': 'ComingSoon'}]",1767379676,Alarm & Security Settings
695812dcc0cbb5cf7ac6764c,CXJ-927,cameraAddition,indoorCameraRequest,serviceDisruptionImpact,6.1,1.76,Low,1. Low Complexity,16,3. High AHT,Yes,1,Volume - Potential Transformation Opportunity,cameraShipment,Agent confirmed the shipment of the indoor camera to the customer.,ADT-00106,"[{'closest_other_cluster_name': 'None', 'cluster': -1, 'embedding_input': ""indoorCameraRequest:Indoor camera request refers to the customer's desire to add an indoor camera to their existing security system."", 'prob_cluster_belonging': 0.0, 'closest_other_cluster': None, 'distance_to_other_cluster': None, 'umap_embedding': 'ComingSoon'}]",1767379676,Alarm & Security Settings
695812dcc0cbb5cf7ac6764d,CXJ-927,packageInquiry,videoDoorbellOffer,serviceDisruptionImpact,6.1,1.76,Low,1. Low Complexity,5,1. Low AHT,Yes,1,Volume - Potential Transformation Opportunity,installationScheduled,The agent scheduled the installation for the customer on Friday morning.,ADT-00108,"[{'closest_other_cluster_name': 'None', 'cluster': -1, 'embedding_input': 'videoDoorbellOffer:Video doorbell offer refers to a promotional deal where new customers receive a video doorbell as part of their subscription package.', 'prob_cluster_belonging': 0.0, 'closest_other_cluster': None, 'distance_to_other_cluster': None, 'umap_embedding': 'ComingSoon'}]",1767379676,Alarm & Security Settings
695812dcc0cbb5cf7ac6764e,CXJ-927,voiceControlCalibration,microphoneTraining,serviceDisruptionImpact,6.1,1.76,Low,1. Low Complexity,13,3. High AHT,Yes,1,Volume - Potential Transformation Opportunity,voiceTrainingCompleted,The agent guided the customer through voice training to resolve the voice control issue.,ADT-00109,"[{'closest_other_cluster_name': 'None', 'cluster': -1, 'embedding_input': 'microphoneTraining:Microphone training refers to the process of calibrating the voice control system to recognize and respond to specific voice commands accurately.', 'prob_cluster_belonging': 0.0, 'closest_other_cluster': None, 'distance_to_other_cluster': None, 'umap_embedding': 'ComingSoon'}]",1767379676,Alarm & Security Settings
695812dcc0cbb5cf7ac6764f,CXJ-927,cameraDamage,weatherImpact,serviceDisruptionImpact,6.1,1.76,Low,1. Low Complexity,4,1. Low AHT,Yes,1,Volume - Potential Transformation Opportunity,discountOffer,Agent offered a replacement camera at a 50% discount.,ADT-00113,"[{'closest_other_cluster_name': 'None', 'cluster': -1, 'embedding_input': 'weatherImpact:Weather impact refers to damage caused by weather conditions such as storms, hail, or other natural events.', 'prob_cluster_belonging': 0.0, 'closest_other_cluster': None, 'distance_to_other_cluster': None, 'umap_embedding': 'ComingSoon'}]",1767379676,Alarm & Security Settings
695812dcc0cbb5cf7ac67650,CXJ-927,moveOrderStarted,monitoringPause,serviceDisruptionImpact,6.1,1.76,Low,1. Low Complexity,14,3. High AHT,Yes,1,Volume - Potential Transformation Opportunity,installationScheduled,The agent scheduled the new installation for the morning of the 15th at the new house.,ADT-00116,"[{'closest_other_cluster_name': 'None', 'cluster': -1, 'embedding_input': 'monitoringPause:Monitoring pause refers to the temporary suspension of monitoring services during a specified period, typically due to a transition or move.', 'prob_cluster_belonging': 0.0, 'closest_other_cluster': None, 'distance_to_other_cluster': None, 'umap_embedding': 'ComingSoon'}]",1767379676,Alarm & Security Settings
695812dcc0cbb5cf7ac67651,CXJ-927,pricingInquiry,selfMonitoringPreference,serviceDisruptionImpact,6.1,1.76,Low,1. Low Complexity,15,3. High AHT,Yes,1,Volume - Potential Transformation Opportunity,informationProvided,Agent provided pricing information and explained the benefits of professional monitoring.,ADT-00119,"[{'closest_other_cluster_name': 'None', 'cluster': -1, 'embedding_input': ""selfMonitoringPreference:Self-monitoring preference refers to a customer's choice to monitor their own security system without professional services."", 'prob_cluster_belonging': 0.0, 'closest_other_cluster': None, 'distance_to_other_cluster': None, 'umap_embedding': 'ComingSoon'}]",1767379676,Alarm & Security Settings
695812dcc0cbb5cf7ac67652,CXJ-927,monitoringDowngrade,appConfusion,serviceDisruptionImpact,6.1,1.76,Low,1. Low Complexity,7,2. Medium AHT,Yes,1,Volume - Potential Transformation Opportunity,serviceDowngrade,The agent downgraded the customer's monitoring service to a traditional landline option.,ADT-00124,"[{'closest_other_cluster_name': 'None', 'cluster': -1, 'embedding_input': 'appConfusion:App confusion refers to the difficulty or inability of a user to effectively navigate or use a mobile application due to its complexity or unfamiliarity.', 'prob_cluster_belonging': 0.0, 'closest_other_cluster': None, 'distance_to_other_cluster': None, 'umap_embedding': 'ComingSoon'}]",1767379676,Alarm & Security Settings
695812dcc0cbb5cf7ac67653,CXJ-927,panelUpgrade,networkPhaseOut,serviceDisruptionImpact,6.1,1.76,Low,1. Low Complexity,6,1. Low AHT,Yes,1,Volume - Potential Transformation Opportunity,panelReplacement,The agent scheduled a panel replacement to resolve the connectivity issue caused by network phase-out.,ADT-00129,"[{'closest_other_cluster_name': 'None', 'cluster': -1, 'embedding_input': 'networkPhaseOut:Network phase-out refers to the discontinuation of older cellular networks, causing devices that rely on them to lose connectivity.', 'prob_cluster_belonging': 0.0, 'closest_other_cluster': None, 'distance_to_other_cluster': None, 'umap_embedding': 'ComingSoon'}]",1767379676,Alarm & Security Settings
695812dcc0cbb5cf7ac67654,CXJ-927,depositRefund,militaryDeployment,serviceDisruptionImpact,6.1,1.76,Low,1. Low Complexity,16,3. High AHT,Yes,1,Volume - Potential Transformation Opportunity,refundProcessed,"The agent processed the refund to the customer's Visa card, expected in 3-5 days.",ADT-00134,"[{'closest_other_cluster_name': 'None', 'cluster': -1, 'embedding_input': 'militaryDeployment:Military deployment refers to the relocation of military personnel to a new duty station, often resulting in changes to their service agreements or contracts.', 'prob_cluster_belonging': 0.0, 'closest_other_cluster': None, 'distance_to_other_cluster': None, 'umap_embedding': 'ComingSoon'}]",1767379676,Alarm & Security Settings
695812dcc0cbb5cf7ac67655,CXJ-927,serviceInformation,serviceCoverage,serviceDisruptionImpact,6.1,1.76,Low,1. Low Complexity,14,3. High AHT,Yes,1,Volume - Potential Transformation Opportunity,informationProvided,Agent provided detailed information about the security service coverage and features.,ADT-00135,"[{'closest_other_cluster_name': 'None', 'cluster': -1, 'embedding_input': 'serviceCoverage:Service coverage refers to the range of services and protections offered by a security system, including burglary, life safety, and smart home features.', 'prob_cluster_belonging': 0.0, 'closest_other_cluster': None, 'distance_to_other_cluster': None, 'umap_embedding': 'ComingSoon'}]",1767379676,Alarm & Security Settings
695812dcc0cbb5cf7ac67656,CXJ-927,billingInquiry,regulatoryFee,serviceDisruptionImpact,6.1,1.76,Low,1. Low Complexity,2,1. Low AHT,Yes,1,Volume - Potential Transformation Opportunity,noResolution,Agent explained that the regulatory fee cannot be removed or offset.,ADT-00138,"[{'closest_other_cluster_name': 'None', 'cluster': -1, 'embedding_input': 'regulatoryFee:A regulatory fee is a mandatory charge imposed by government authorities, often passed through to consumers by service providers.', 'prob_cluster_belonging': 0.0, 'closest_other_cluster': None, 'distance_to_other_cluster': None, 'umap_embedding': 'ComingSoon'}]",1767379676,Alarm & Security Settings
695812dcc0cbb5cf7ac67657,CXJ-927,keypadAddition,wirelessKeypad,serviceDisruptionImpact,6.1,1.76,Low,1. Low Complexity,6,1. Low AHT,Yes,1,Volume - Potential Transformation Opportunity,orderProcessed,Agent processed the order for a wireless keypad to be shipped to the customer.,ADT-00143,"[{'closest_other_cluster_name': 'None', 'cluster': -1, 'embedding_input': 'wirelessKeypad:Wireless keypad refers to a secondary keypad device that operates without physical wiring, typically powered by batteries.', 'prob_cluster_belonging': 0.0, 'closest_other_cluster': None, 'distance_to_other_cluster': None, 'umap_embedding': 'ComingSoon'}]",1767379676,Alarm & Security Settings
695812dcc0cbb5cf7ac67658,CXJ-927,feeRemoval,cellularCommunicationFee,serviceDisruptionImpact,6.1,1.76,Low,1. Low Complexity,11,2. Medium AHT,Yes,1,Volume - Potential Transformation Opportunity,panelSettingsUpdated,"The agent updated the panel's communication settings to broadband only, removing the cellular fee.",ADT-00145,"[{'closest_other_cluster_name': 'None', 'cluster': -1, 'embedding_input': 'cellularCommunicationFee:Cellular communication fee refers to the charge for using cellular networks to communicate alarm signals.', 'prob_cluster_belonging': 0.0, 'closest_other_cluster': None, 'distance_to_other_cluster': None, 'umap_embedding': 'ComingSoon'}]",1767379676,Alarm & Security Settings
695812dcc0cbb5cf7ac67659,CXJ-927,cameraPerformance,firmwareUpdate,serviceDisruptionImpact,6.1,1.76,Low,1. Low Complexity,7,2. Medium AHT,Yes,1,Volume - Potential Transformation Opportunity,cameraReboot,The agent rebooted the camera after updating its firmware to resolve the freezing issue.,ADT-00154,"[{'closest_other_cluster_name': 'None', 'cluster': -1, 'embedding_input': 'firmwareUpdate:Firmware update refers to the process of installing the latest software version on a device to improve its functionality and performance.', 'prob_cluster_belonging': 0.0, 'closest_other_cluster': None, 'distance_to_other_cluster': None, 'umap_embedding': 'ComingSoon'}]",1767379676,Alarm & Security Settings
695812dcc0cbb5cf7ac6765a,CXJ-927,cameraReboot,powerIssue,serviceDisruptionImpact,6.1,1.76,Low,1. Low Complexity,6,1. Low AHT,Yes,1,Volume - Potential Transformation Opportunity,cameraReboot,The agent guided the customer to reboot the camera by fixing the power connection.,ADT-00155,"[{'closest_other_cluster_name': 'None', 'cluster': -1, 'embedding_input': 'powerIssue:Power issue refers to a problem where a device is not receiving adequate electrical power, causing it to malfunction or not operate.', 'prob_cluster_belonging': 0.0, 'closest_other_cluster': None, 'distance_to_other_cluster': None, 'umap_embedding': 'ComingSoon'}]",1767379676,Alarm & Security Settings
695812dcc0cbb5cf7ac6765b,CXJ-927,insuranceDiscount,certificateOfMonitoring,serviceDisruptionImpact,6.1,1.76,Low,1. Low Complexity,13,3. High AHT,Yes,1,Volume - Potential Transformation Opportunity,emailCertificate,The agent emailed the Certificate of Monitoring to the customer.,ADT-00159,"[{'closest_other_cluster_name': 'None', 'cluster': -1, 'embedding_input': 'certificateOfMonitoring:A certificate of monitoring is a document provided by security companies to customers, confirming that their property is professionally monitored, which can be used to obtain insurance discounts.', 'prob_cluster_belonging': 0.0, 'closest_other_cluster': None, 'distance_to_other_cluster': None, 'umap_embedding': 'ComingSoon'}]",1767379676,Alarm & Security Settings
695812dcc0cbb5cf7ac6765c,CXJ-927,addressUpdate,moveOrderStarted,serviceDisruptionImpact,6.1,1.76,Low,1. Low Complexity,7,2. Medium AHT,Yes,1,Volume - Potential Transformation Opportunity,accountUpdated,The agent updated the customer's account with the new address and scheduled a technician visit.,ADT-00162,"[{'closest_other_cluster_name': 'None', 'cluster': -1, 'embedding_input': ""moveOrderStarted:Move order started refers to the initiation of the process to update the customer's account and services due to relocation."", 'prob_cluster_belonging': 0.0, 'closest_other_cluster': None, 'distance_to_other_cluster': None, 'umap_embedding': 'ComingSoon'}]",1767379676,Alarm & Security Settings
695812dcc0cbb5cf7ac6765d,CXJ-927,emailUpdated,nameChange,serviceDisruptionImpact,6.1,1.76,Low,1. Low Complexity,8,2. Medium AHT,Yes,1,Volume - Potential Transformation Opportunity,emailConfirmation,Agent confirmed the new email address by sending a verification link.,ADT-00163,"[{'closest_other_cluster_name': 'None', 'cluster': -1, 'embedding_input': ""nameChange:Name change refers to the process of updating personal information due to a change in the individual's name."", 'prob_cluster_belonging': 0.0, 'closest_other_cluster': None, 'distance_to_other_cluster': None, 'umap_embedding': 'ComingSoon'}]",1767379676,Alarm & Security Settings
695812dcc0cbb5cf7ac6765e,CXJ-927,serviceInquiry,sensorTypesExplanation,serviceDisruptionImpact,6.1,1.76,Low,1. Low Complexity,11,2. Medium AHT,Yes,1,Volume - Potential Transformation Opportunity,brochureSent,Agent will email a brochure with all the different sensor types to the customer.,ADT-00166,"[{'closest_other_cluster_name': 'None', 'cluster': -1, 'embedding_input': 'sensorTypesExplanation:Sensor types explanation refers to providing detailed information about various sensors available in a security system.', 'prob_cluster_belonging': 0.0, 'closest_other_cluster': None, 'distance_to_other_cluster': None, 'umap_embedding': 'ComingSoon'}]",1767379676,Alarm & Security Settings
695812dcc0cbb5cf7ac6765f,CXJ-927,pricingInquiry,videoDoorbellOffer,serviceDisruptionImpact,6.1,1.76,Low,1. Low Complexity,12,2. Medium AHT,Yes,1,Volume - Potential Transformation Opportunity,emailQuote,Agent emailed the full package details and contract to the customer.,ADT-00169,"[{'closest_other_cluster_name': 'None', 'cluster': -1, 'embedding_input': 'videoDoorbellOffer:Video doorbell offer refers to a promotional deal where a video doorbell is provided for free to new customers who sign up for a specific plan.', 'prob_cluster_belonging': 0.0, 'closest_other_cluster': None, 'distance_to_other_cluster': None, 'umap_embedding': 'ComingSoon'}]",1767379676,Alarm & Security Settings
695812dcc0cbb5cf7ac67660,CXJ-927,billExplanation,proratedAdjustment,serviceDisruptionImpact,6.1,1.76,Low,1. Low Complexity,4,1. Low AHT,Yes,1,Volume - Potential Transformation Opportunity,billingClarified,Agent clarified the billing adjustment and confirmed the temporary increase in the bill.,ADT-00171,"[{'closest_other_cluster_name': 'None', 'cluster': -1, 'embedding_input': 'proratedAdjustment:Prorated adjustment refers to a temporary increase in billing to account for partial charges from a previous period.', 'prob_cluster_belonging': 0.0, 'closest_other_cluster': None, 'distance_to_other_cluster': None, 'umap_embedding': 'ComingSoon'}]",1767379676,Alarm & Security Settings
695812dcc0cbb5cf7ac67661,CXJ-927,billingClarified,wrongMonitoringTier,serviceDisruptionImpact,6.1,1.76,Low,1. Low Complexity,17,3. High AHT,Yes,1,Volume - Potential Transformation Opportunity,creditIssued,Agent issued a $30.00 credit to the customer's account for the erroneous charges.,ADT-00172,"[{'closest_other_cluster_name': 'None', 'cluster': -1, 'embedding_input': 'wrongMonitoringTier:Wrong monitoring tier refers to the incorrect selection of a service level or package during account setup, leading to erroneous charges.', 'prob_cluster_belonging': 0.0, 'closest_other_cluster': None, 'distance_to_other_cluster': None, 'umap_embedding': 'ComingSoon'}]",1767379676,Alarm & Security Settings
695812dcc0cbb5cf7ac67662,CXJ-927,lockInstallation,smartLockRequest,serviceDisruptionImpact,6.1,1.76,Low,1. Low Complexity,14,3. High AHT,Yes,1,Volume - Potential Transformation Opportunity,technicianScheduled,A technician is scheduled to install the smart lock on Saturday morning.,ADT-00174,"[{'closest_other_cluster_name': 'None', 'cluster': -1, 'embedding_input': ""smartLockRequest:Smart lock request refers to the customer's desire to add a smart lock to their home for enhanced security and convenience."", 'prob_cluster_belonging': 0.0, 'closest_other_cluster': None, 'distance_to_other_cluster': None, 'umap_embedding': 'ComingSoon'}]",1767379676,Alarm & Security Settings
695812dcc0cbb5cf7ac67663,CXJ-927,sensorInstallation,carbonMonoxideDetection,serviceDisruptionImpact,6.1,1.76,Low,1. Low Complexity,15,3. High AHT,Yes,1,Volume - Potential Transformation Opportunity,technicianScheduled,A technician is scheduled to install and test the carbon monoxide detectors next week.,ADT-00175,"[{'closest_other_cluster_name': 'None', 'cluster': -1, 'embedding_input': 'carbonMonoxideDetection:Carbon monoxide detection refers to the installation and monitoring of sensors that detect the presence of carbon monoxide gas in a home.', 'prob_cluster_belonging': 0.0, 'closest_other_cluster': None, 'distance_to_other_cluster': None, 'umap_embedding': 'ComingSoon'}]",1767379676,Alarm & Security Settings
695812dcc0cbb5cf7ac67664,CXJ-927,planUpdated,landlineBackupRemoval,serviceDisruptionImpact,6.1,1.76,Low,1. Low Complexity,5,1. Low AHT,Yes,1,Volume - Potential Transformation Opportunity,accountUpdated,The agent updated the customer's account to remove the landline backup charge.,ADT-00176,"[{'closest_other_cluster_name': 'None', 'cluster': -1, 'embedding_input': 'landlineBackupRemoval:Landline backup removal refers to the process of discontinuing the use of a landline connection for system monitoring, relying solely on cellular signals.', 'prob_cluster_belonging': 0.0, 'closest_other_cluster': None, 'distance_to_other_cluster': None, 'umap_embedding': 'ComingSoon'}]",1767379676,Alarm & Security Settings
695812dcc0cbb5cf7ac67665,CXJ-927,cameraFeedIssue,condensationBuildUp,serviceDisruptionImpact,6.1,1.76,Low,1. Low Complexity,16,3. High AHT,Yes,1,Volume - Potential Transformation Opportunity,lensCleaned,"Customer wiped the lens with a cloth, clearing the condensation and resolving the issue.",ADT-00178,"[{'closest_other_cluster_name': 'None', 'cluster': -1, 'embedding_input': 'condensationBuildUp:Condensation build-up refers to the accumulation of moisture inside the lens housing of a camera, often due to weather conditions like rain or humidity.', 'prob_cluster_belonging': 0.0, 'closest_other_cluster': None, 'distance_to_other_cluster': None, 'umap_embedding': 'ComingSoon'}]",1767379676,Alarm & Security Settings
695812dcc0cbb5cf7ac67666,CXJ-927,accountAccess,loginFailure,serviceDisruptionImpact,6.1,1.76,Low,1. Low Complexity,8,2. Medium AHT,Yes,1,Volume - Potential Transformation Opportunity,cacheCleared,Agent guided customer to clear app cache to resolve login issue.,ADT-00179,"[{'closest_other_cluster_name': 'None', 'cluster': -1, 'embedding_input': 'loginFailure:Login failure refers to the inability to access an account due to incorrect credentials or technical issues.', 'prob_cluster_belonging': 0.0, 'closest_other_cluster': None, 'distance_to_other_cluster': None, 'umap_embedding': 'ComingSoon'}]",1767379676,Alarm & Security Settings
695812dcc0cbb5cf7ac67667,CXJ-927,serviceTransfer,securityPermit,serviceDisruptionImpact,6.1,1.76,Low,1. Low Complexity,11,2. Medium AHT,Yes,1,Volume - Potential Transformation Opportunity,technicianScheduled,The agent scheduled a technician visit for the customer's new house in Nashville.,ADT-00180,"[{'closest_other_cluster_name': 'None', 'cluster': -1, 'embedding_input': 'securityPermit:A security permit is a required authorization from the local government to allow dispatch of police services for security systems.', 'prob_cluster_belonging': 0.0, 'closest_other_cluster': None, 'distance_to_other_cluster': None, 'umap_embedding': 'ComingSoon'}]",1767379676,Alarm & Security Settings
695812dcc0cbb5cf7ac67668,CXJ-927,cameraPurchase,paymentInstallments,serviceDisruptionImpact,6.1,1.76,Low,1. Low Complexity,6,1. Low AHT,Yes,1,Volume - Potential Transformation Opportunity,installmentPlanSetup,Agent agreed to spread the installation fee over the first three months of billing.,ADT-00181,"[{'closest_other_cluster_name': 'None', 'cluster': -1, 'embedding_input': 'paymentInstallments:Payment installments refer to the division of a total fee into smaller, periodic payments to ease financial burden.', 'prob_cluster_belonging': 0.0, 'closest_other_cluster': None, 'distance_to_other_cluster': None, 'umap_embedding': 'ComingSoon'}]",1767379676,Alarm & Security Settings
695812dcc0cbb5cf7ac67669,CXJ-927,depositRefund,unreturnedEquipment,serviceDisruptionImpact,6.1,1.76,Low,1. Low Complexity,3,1. Low AHT,Yes,1,Volume - Potential Transformation Opportunity,depositApplied,The $150 security deposit was applied to cover the cost of unreturned equipment.,ADT-00184,"[{'closest_other_cluster_name': 'None', 'cluster': -1, 'embedding_input': 'unreturnedEquipment:Unreturned equipment refers to items that were not returned by the customer after service cancellation, leading to fees or charges.', 'prob_cluster_belonging': 0.0, 'closest_other_cluster': None, 'distance_to_other_cluster': None, 'umap_embedding': 'ComingSoon'}]",1767379676,Alarm & Security Settings
695812dcc0cbb5cf7ac6766a,CXJ-927,serviceRemoval,landlineBackupRemoval,serviceDisruptionImpact,6.1,1.76,Low,1. Low Complexity,2,1. Low AHT,Yes,1,Volume - Potential Transformation Opportunity,monitoringProfileUpdated,"The agent updated the monitoring profile to cellular only, removing the landline backup.",ADT-00188,"[{'closest_other_cluster_name': 'None', 'cluster': -1, 'embedding_input': 'landlineBackupRemoval:Landline backup removal refers to the process of discontinuing the use of a landline connection as a backup communication method for a security system.', 'prob_cluster_belonging': 0.0, 'closest_other_cluster': None, 'distance_to_other_cluster': None, 'umap_embedding': 'ComingSoon'}]",1767379676,Alarm & Security Settings
695812dcc0cbb5cf7ac6766b,CXJ-927,appointmentRescheduled,flatTire,serviceDisruptionImpact,6.1,1.76,Low,1. Low Complexity,6,1. Low AHT,Yes,1,Volume - Potential Transformation Opportunity,technicianRescheduled,A senior technician is rescheduled to arrive at the customer's house at 8 AM tomorrow.,ADT-00191,"[{'closest_other_cluster_name': 'None', 'cluster': -1, 'embedding_input': ""flatTire:Flat tire refers to a situation where a vehicle's tire loses air pressure, causing it to become deflated and unusable."", 'prob_cluster_belonging': 0.0, 'closest_other_cluster': None, 'distance_to_other_cluster': None, 'umap_embedding': 'ComingSoon'}]",1767379676,Alarm & Security Settings
695812dcc0cbb5cf7ac6766c,CXJ-927,feeDispute,contractBreach,serviceDisruptionImpact,6.1,1.76,Low,1. Low Complexity,10,2. Medium AHT,Yes,1,Volume - Potential Transformation Opportunity,noResolution,Customer refused resolution; account remains in dispute.,ADT-00193,"[{'closest_other_cluster_name': 'None', 'cluster': -1, 'embedding_input': 'contractBreach:Contract breach refers to a violation of the terms agreed upon in a contract, where one party fails to fulfill their obligations as specified.', 'prob_cluster_belonging': 0.0, 'closest_other_cluster': None, 'distance_to_other_cluster': None, 'umap_embedding': 'ComingSoon'}]",1767379676,Alarm & Security Settings
695812dcc0cbb5cf7ac6766d,CXJ-927,sensorPurchase,glassBreakConcern,serviceDisruptionImpact,6.1,1.76,Low,1. Low Complexity,14,3. High AHT,Yes,1,Volume - Potential Transformation Opportunity,sensorShipment,Agent processed the order and confirmed the sensor will be shipped by Friday.,ADT-00194,"[{'closest_other_cluster_name': 'None', 'cluster': -1, 'embedding_input': 'glassBreakConcern:Glass break concern refers to the worry about windows being broken without opening doors, especially in ground-floor units.', 'prob_cluster_belonging': 0.0, 'closest_other_cluster': None, 'distance_to_other_cluster': None, 'umap_embedding': 'ComingSoon'}]",1767379676,Alarm & Security Settings
695812dcc0cbb5cf7ac6766e,CXJ-927,pricingInquiry,planComparison,serviceDisruptionImpact,6.1,1.76,Low,1. Low Complexity,3,1. Low AHT,Yes,1,Volume - Potential Transformation Opportunity,technicianScheduled,Agent schedules a technician to set up the home security system.,ADT-00196,"[{'closest_other_cluster_name': 'None', 'cluster': -1, 'embedding_input': 'planComparison:Plan comparison refers to evaluating different service plans to understand their features and costs.', 'prob_cluster_belonging': 0.0, 'closest_other_cluster': None, 'distance_to_other_cluster': None, 'umap_embedding': 'ComingSoon'}]",1767379676,Alarm & Security Settings
695812dcc0cbb5cf7ac6766f,CXJ-927,statusSyncError,forceRefresh,serviceDisruptionImpact,6.1,1.76,Low,1. Low Complexity,16,3. High AHT,Yes,1,Volume - Potential Transformation Opportunity,sessionTokensCleared,The agent cleared the session tokens for the customer's login to prevent future sync issues.,ADT-00199,"[{'closest_other_cluster_name': 'None', 'cluster': -1, 'embedding_input': 'forceRefresh:Force refresh refers to the action of manually updating or refreshing the data on a server or application to ensure it reflects the current status.', 'prob_cluster_belonging': 0.0, 'closest_other_cluster': None, 'distance_to_other_cluster': None, 'umap_embedding': 'ComingSoon'}]",1767379676,Alarm & Security Settings
695812dcc0cbb5cf7ac67670,CXJ-927,alarmResponse,falseAlarm,alarmManagement,6.4,2.85,Low,1. Low Complexity,13,3. High AHT,Yes,1,Volume - Potential Transformation Opportunity,dispatchCancelled,The agent canceled the police dispatch after verifying the false alarm.,ADT-00081,"[{'closest_other_cluster_name': 'securitySettingsUpdate', 'cluster': 10, 'embedding_input': 'falseAlarm:False alarm refers to an alarm triggered by non-threatening factors, such as environmental conditions or objects, rather than actual security threats.', 'prob_cluster_belonging': 1.0, 'closest_other_cluster': 9, 'distance_to_other_cluster': 0.4419, 'umap_embedding': 'ComingSoon'}]",1767379676,Alarm & Security Settings
695812dcc0cbb5cf7ac67671,CXJ-927,monitoringExplanation,alarmResponse,alarmManagement,6.8,2.85,Low,1. Low Complexity,12,2. Medium AHT,Yes,1,Volume - Potential Transformation Opportunity,informationProvided,Agent explained how the monitoring system works and answered all customer queries.,ADT-00011,"[{'closest_other_cluster_name': 'securitySettingsUpdate', 'cluster': 10, 'embedding_input': 'alarmResponse:Alarm response refers to the actions taken by a security monitoring service when an alarm is triggered, including contacting the customer and dispatching emergency services if necessary.', 'prob_cluster_belonging': 1.0, 'closest_other_cluster': 9, 'distance_to_other_cluster': 0.4419, 'umap_embedding': 'ComingSoon'}]",1767379676,Alarm & Security Settings
695812dcc0cbb5cf7ac67672,CXJ-927,sensorAdjustment,falseAlarm,alarmManagement,6.4,2.85,Low,1. Low Complexity,2,1. Low AHT,Yes,1,Volume - Potential Transformation Opportunity,sensitivityAdjusted,The agent remotely adjusted the sensor sensitivity to prevent false alarms caused by moving curtains.,ADT-00150,"[{'closest_other_cluster_name': 'securitySettingsUpdate', 'cluster': 10, 'embedding_input': 'falseAlarm:A false alarm refers to an alarm triggered without an actual security breach, often due to environmental factors or sensor issues.', 'prob_cluster_belonging': 1.0, 'closest_other_cluster': 9, 'distance_to_other_cluster': 0.4419, 'umap_embedding': 'ComingSoon'}]",1767379676,Alarm & Security Settings
695812dcc0cbb5cf7ac67673,CXJ-927,sensorFailure,petImmuneSensors,petImmuneSensors,6.4,2.85,Low,1. Low Complexity,9,2. Medium AHT,Yes,1,Volume - Potential Transformation Opportunity,noResolution,Agent and customer did not reach a resolution regarding the sensor issue.,ADT-00084,"[{'closest_other_cluster_name': 'alarmManagement', 'cluster': 6, 'embedding_input': 'petImmuneSensors:Pet immune sensors are designed to avoid false alarms triggered by pets, typically up to a certain weight limit.', 'prob_cluster_belonging': 1.0, 'closest_other_cluster': 10, 'distance_to_other_cluster': 0.5828, 'umap_embedding': 'ComingSoon'}]",1767379676,Hardware & Sensor Issues
695812dcc0cbb5cf7ac67674,CXJ-927,systemCompatibility,petImmuneSensors,petImmuneSensors,6.6,2.85,Low,1. Low Complexity,7,2. Medium AHT,Yes,1,Volume - Potential Transformation Opportunity,informationProvided,Agent explained how pet-immune sensors work and offered a free home assessment.,ADT-00014,"[{'closest_other_cluster_name': 'alarmManagement', 'cluster': 6, 'embedding_input': 'petImmuneSensors:Pet-immune sensors are motion detectors calibrated to ignore heat signatures and mass under a certain weight, typically up to 60 or 80 pounds, to prevent false alarms caused by pets.', 'prob_cluster_belonging': 1.0, 'closest_other_cluster': 10, 'distance_to_other_cluster': 0.5828, 'umap_embedding': 'ComingSoon'}]",1767379676,Hardware & Sensor Issues
695812dcc0cbb5cf7ac67675,CXJ-927,sensorSensitivity,petImmuneSensors,petImmuneSensors,6.6,2.85,Low,1. Low Complexity,9,2. Medium AHT,Yes,1,Volume - Potential Transformation Opportunity,noResolution,Agent was unable to provide a satisfactory solution to the customer's issue.,ADT-00167,"[{'closest_other_cluster_name': 'alarmManagement', 'cluster': 6, 'embedding_input': 'petImmuneSensors:Pet-Immune sensors are designed to avoid false alarms triggered by animals, distinguishing between pets and potential intruders.', 'prob_cluster_belonging': 1.0, 'closest_other_cluster': 10, 'distance_to_other_cluster': 0.5828, 'umap_embedding': 'ComingSoon'}]",1767379676,Hardware & Sensor Issues
695812dcc0cbb5cf7ac67676,CXJ-927,billingAddressChange,addressUpdate,contactInformationUpdate,8.3,6.98,Medium,2. Medium Complexity,15,3. High AHT,No,0,Volume - Rest,emailConfirmation,The agent confirmed the billing address update and sent an email confirmation to the customer.,ADT-00004,"[{'closest_other_cluster_name': 'contactDetailsUpdate', 'cluster': 13, 'embedding_input': 'addressUpdate:Address update refers to the process of changing the billing or service address associated with an account.', 'prob_cluster_belonging': 0.7695665977603224, 'closest_other_cluster': 14, 'distance_to_other_cluster': 0.5188, 'umap_embedding': 'ComingSoon'}]",1767379676,Account & Contact Management
695812dcc0cbb5cf7ac67677,CXJ-927,accountTransfer,addressUpdate,contactInformationUpdate,8.1,6.98,Medium,2. Medium Complexity,7,2. Medium AHT,No,0,Volume - Rest,technicianScheduled,A technician is scheduled to visit and provide new codes and app instructions.,ADT-00005,"[{'closest_other_cluster_name': 'contactDetailsUpdate', 'cluster': 13, 'embedding_input': 'addressUpdate:Address update refers to the process of changing the registered address details associated with an account.', 'prob_cluster_belonging': 0.9008949017281483, 'closest_other_cluster': 14, 'distance_to_other_cluster': 0.5188, 'umap_embedding': 'ComingSoon'}]",1767379676,Account & Contact Management
695812dcc0cbb5cf7ac67678,CXJ-927,emailUpdate,loginChange,contactInformationUpdate,8.1,6.98,Medium,2. Medium Complexity,6,1. Low AHT,No,0,Volume - Rest,emailUpdated,The agent updated the customer's email address in the CRM and provided a password reset link.,ADT-00006,"[{'closest_other_cluster_name': 'contactDetailsUpdate', 'cluster': 13, 'embedding_input': 'loginChange:Login change refers to the process of updating the email address or credentials used to access an account.', 'prob_cluster_belonging': 0.2701092751043896, 'closest_other_cluster': 14, 'distance_to_other_cluster': 0.5188, 'umap_embedding': 'ComingSoon'}]",1767379676,Account & Contact Management
695812dcc0cbb5cf7ac67679,CXJ-927,serviceTransfer,addressUpdate,contactInformationUpdate,8.0,6.98,Medium,2. Medium Complexity,14,3. High AHT,No,0,Volume - Rest,technicianScheduled,A technician is scheduled to set custom codes and test panic buttons at the new location.,ADT-00058,"[{'closest_other_cluster_name': 'contactDetailsUpdate', 'cluster': 13, 'embedding_input': 'addressUpdate:Address update refers to the process of changing the registered location for a service or account.', 'prob_cluster_belonging': 1.0, 'closest_other_cluster': 14, 'distance_to_other_cluster': 0.5188, 'umap_embedding': 'ComingSoon'}]",1767379676,Account & Contact Management
695812dcc0cbb5cf7ac6767a,CXJ-927,refundRequest,addressUpdate,contactInformationUpdate,8.5,6.98,Medium,2. Medium Complexity,15,3. High AHT,No,0,Volume - Rest,checkReissued,The agent voided the old check and requested a new one to be sent to the updated address.,ADT-00064,"[{'closest_other_cluster_name': 'contactDetailsUpdate', 'cluster': 13, 'embedding_input': 'addressUpdate:Address update refers to the process of changing the registered address for a customer’s account or service.', 'prob_cluster_belonging': 1.0, 'closest_other_cluster': 14, 'distance_to_other_cluster': 0.5188, 'umap_embedding': 'ComingSoon'}]",1767379676,Account & Contact Management
695812dcc0cbb5cf7ac6767b,CXJ-927,addressUpdate,billingAddressChange,contactInformationUpdate,8.0,6.98,Medium,2. Medium Complexity,9,2. Medium AHT,No,0,Volume - Rest,addressUpdated,The agent updated the primary billing address to the new PO Box provided by the customer.,ADT-00146,"[{'closest_other_cluster_name': 'contactDetailsUpdate', 'cluster': 13, 'embedding_input': 'billingAddressChange:Billing address change refers to the process of updating the physical mailing address where bills and statements are sent.', 'prob_cluster_belonging': 0.32107988891287814, 'closest_other_cluster': 14, 'distance_to_other_cluster': 0.5188, 'umap_embedding': 'ComingSoon'}]",1767379676,Account & Contact Management
695812dcc0cbb5cf7ac6767c,CXJ-927,emailUpdated,emailChangeRequest,contactInformationUpdate,8.3,6.98,Medium,2. Medium Complexity,14,3. High AHT,No,0,Volume - Rest,emailUpdated,The agent updated the customer's email address and sent a password reset link.,ADT-00147,"[{'closest_other_cluster_name': 'contactDetailsUpdate', 'cluster': 13, 'embedding_input': ""emailChangeRequest:Email change request refers to the process of updating the email address associated with a user's account."", 'prob_cluster_belonging': 0.2884703316876565, 'closest_other_cluster': 14, 'distance_to_other_cluster': 0.5188, 'umap_embedding': 'ComingSoon'}]",1767379676,Account & Contact Management
695812dcc0cbb5cf7ac6767d,CXJ-927,accountUpdated,addressUpdate,contactInformationUpdate,8.0,6.98,Medium,2. Medium Complexity,15,3. High AHT,No,0,Volume - Rest,technicianScheduled,A technician is scheduled to set new door codes and test panic buttons at the new location.,ADT-00156,"[{'closest_other_cluster_name': 'contactDetailsUpdate', 'cluster': 13, 'embedding_input': 'addressUpdate:Address update refers to the process of changing the registered location information for a service or account.', 'prob_cluster_belonging': 0.939949811141172, 'closest_other_cluster': 14, 'distance_to_other_cluster': 0.5188, 'umap_embedding': 'ComingSoon'}]",1767379676,Account & Contact Management
695812dcc0cbb5cf7ac6767e,CXJ-927,emailUpdate,secondaryContactAddition,contactDetailsUpdate,6.8,4.09,Medium,2. Medium Complexity,14,3. High AHT,No,0,Volume - Rest,invitationSent,The agent sent an invitation to the secondary contact's email for account access.,ADT-00007,"[{'closest_other_cluster_name': 'contactInformationUpdate', 'cluster': 14, 'embedding_input': 'secondaryContactAddition:Secondary contact addition refers to the process of adding an additional person to receive notifications and access account features.', 'prob_cluster_belonging': 0.3460598234590839, 'closest_other_cluster': 13, 'distance_to_other_cluster': 0.5188, 'umap_embedding': 'ComingSoon'}]",1767379676,Account & Contact Management
695812dcc0cbb5cf7ac67689,CXJ-927,serviceCoverage,quoteSent,quoteDelivery,6.2,2.7,Low,1. Low Complexity,12,2. Medium AHT,Yes,1,Volume - Potential Transformation Opportunity,quoteSent,Agent sent a quote for the 'Complete' package to the customer's email.,ADT-00149,"[{'closest_other_cluster_name': 'pricingInquiry', 'cluster': 17, 'embedding_input': 'quoteSent:Quote sent refers to the action of providing a detailed pricing and service package to a customer.', 'prob_cluster_belonging': 1.0, 'closest_other_cluster': 25, 'distance_to_other_cluster': 0.4802, 'umap_embedding': 'ComingSoon'}]",1767379676,Pricing & Discounts
695812dcc0cbb5cf7ac6767f,CXJ-927,contactUpdate,secondaryContactAddition,contactDetailsUpdate,7.0,4.09,Medium,2. Medium Complexity,11,2. Medium AHT,No,0,Volume - Rest,contactUpdated,The agent updated the primary and secondary contact numbers for the customer's account.,ADT-00008,"[{'closest_other_cluster_name': 'contactInformationUpdate', 'cluster': 14, 'embedding_input': 'secondaryContactAddition:Secondary contact addition refers to the process of adding an additional contact number to an account for emergency or notification purposes.', 'prob_cluster_belonging': 0.37000084894370233, 'closest_other_cluster': 13, 'distance_to_other_cluster': 0.5188, 'umap_embedding': 'ComingSoon'}]",1767379676,Account & Contact Management
695812dcc0cbb5cf7ac67680,CXJ-927,contactUpdated,primaryContactUpdate,contactDetailsUpdate,,4.09,Medium,2. Medium Complexity,2,1. Low AHT,No,0,Volume - Rest,contactUpdated,The agent updated the customer's contact information and confirmed the changes with a test alert.,ADT-00052,"[{'closest_other_cluster_name': 'contactInformationUpdate', 'cluster': 14, 'embedding_input': 'primaryContactUpdate:Primary contact update refers to changing the main contact information in a customer profile to ensure accurate communication.', 'prob_cluster_belonging': 1.0, 'closest_other_cluster': 13, 'distance_to_other_cluster': 0.5188, 'umap_embedding': 'ComingSoon'}]",1767379676,Account & Contact Management
695812dcc0cbb5cf7ac67681,CXJ-927,serviceTransfer,primaryContactUpdate,contactDetailsUpdate,7.3,4.09,Medium,2. Medium Complexity,2,1. Low AHT,No,0,Volume - Rest,installationScheduled,The agent scheduled the installation at the new location for next Friday afternoon.,ADT-00115,"[{'closest_other_cluster_name': 'contactInformationUpdate', 'cluster': 14, 'embedding_input': 'primaryContactUpdate:Primary contact update refers to changing the emergency contact information associated with a service profile.', 'prob_cluster_belonging': 0.7090572015300636, 'closest_other_cluster': 13, 'distance_to_other_cluster': 0.5188, 'umap_embedding': 'ComingSoon'}]",1767379676,Account & Contact Management
695812dcc0cbb5cf7ac67682,CXJ-927,contactUpdated,primaryContactUpdate,contactDetailsUpdate,6.9,4.09,Medium,2. Medium Complexity,8,2. Medium AHT,No,0,Volume - Rest,contactUpdated,Agent updated both primary and secondary contact numbers and confirmed the update with a test text.,ADT-00148,"[{'closest_other_cluster_name': 'contactInformationUpdate', 'cluster': 14, 'embedding_input': 'primaryContactUpdate:Primary contact update refers to the process of changing the main phone number or contact information in a system to ensure accurate communication.', 'prob_cluster_belonging': 1.0, 'closest_other_cluster': 13, 'distance_to_other_cluster': 0.5188, 'umap_embedding': 'ComingSoon'}]",1767379676,Account & Contact Management
695812dcc0cbb5cf7ac67683,CXJ-927,contactUpdated,primaryContactUpdate,contactDetailsUpdate,7.1,4.09,Medium,2. Medium Complexity,6,1. Low AHT,No,0,Volume - Rest,contactListUpdated,The agent updated and verified the emergency contact list including smart notifications.,ADT-00164,"[{'closest_other_cluster_name': 'contactInformationUpdate', 'cluster': 14, 'embedding_input': 'primaryContactUpdate:Primary contact update refers to changing the main phone number or contact information for a customer.', 'prob_cluster_belonging': 1.0, 'closest_other_cluster': 13, 'distance_to_other_cluster': 0.5188, 'umap_embedding': 'ComingSoon'}]",1767379676,Account & Contact Management
695812dcc0cbb5cf7ac67684,CXJ-927,contactUpdate,securityVerification,securitySettingsUpdate,6.4,2.45,Low,1. Low Complexity,9,2. Medium AHT,Yes,1,Volume - Potential Transformation Opportunity,callbackRequest,Agent requested the customer to call back with the necessary verification details.,ADT-00009,"[{'closest_other_cluster_name': 'alarmManagement', 'cluster': 9, 'embedding_input': ""securityVerification:Security verification refers to the process of confirming a user's identity through specific credentials or information to ensure authorized access or changes."", 'prob_cluster_belonging': 1.0, 'closest_other_cluster': 10, 'distance_to_other_cluster': 0.4419, 'umap_embedding': 'ComingSoon'}]",1767379676,Alarm & Security Settings
695812dcc0cbb5cf7ac67685,CXJ-927,alarmAdjustment,verificationSettingUpdate,securitySettingsUpdate,6.4,2.45,Low,1. Low Complexity,13,3. High AHT,Yes,1,Volume - Potential Transformation Opportunity,accountSettingsUpdated,The agent updated the account settings to adjust the alarm sensitivity and contact protocol.,ADT-00020,"[{'closest_other_cluster_name': 'alarmManagement', 'cluster': 9, 'embedding_input': ""verificationSettingUpdate:Verification setting update refers to modifying the alarm system's criteria for detecting smoke or fire to reduce false alarms."", 'prob_cluster_belonging': 1.0, 'closest_other_cluster': 10, 'distance_to_other_cluster': 0.4419, 'umap_embedding': 'ComingSoon'}]",1767379676,Alarm & Security Settings
695812dcc0cbb5cf7ac67686,CXJ-927,motionAlertIssue,sensitivityCalibration,securitySettingsUpdate,6.3,2.45,Low,1. Low Complexity,15,3. High AHT,Yes,1,Volume - Potential Transformation Opportunity,firmwareUpdate,Agent pushed a firmware update to include Intelligent Person Detection to resolve the issue.,ADT-00130,"[{'closest_other_cluster_name': 'alarmManagement', 'cluster': 9, 'embedding_input': 'sensitivityCalibration:Sensitivity calibration refers to adjusting the sensitivity settings of a device to reduce false alerts or notifications.', 'prob_cluster_belonging': 1.0, 'closest_other_cluster': 10, 'distance_to_other_cluster': 0.4419, 'umap_embedding': 'ComingSoon'}]",1767379676,Alarm & Security Settings
695812dcc0cbb5cf7ac67687,CXJ-927,serviceAvailability,emailQuote,quoteDelivery,6.6,2.7,Low,1. Low Complexity,6,1. Low AHT,Yes,1,Volume - Potential Transformation Opportunity,quoteSent,The agent sent a quote via email to the customer for review.,ADT-00010,"[{'closest_other_cluster_name': 'pricingInquiry', 'cluster': 17, 'embedding_input': 'emailQuote:Email quote refers to the action of sending a detailed pricing and service offer via email to a potential customer.', 'prob_cluster_belonging': 1.0, 'closest_other_cluster': 25, 'distance_to_other_cluster': 0.4802, 'umap_embedding': 'ComingSoon'}]",1767379676,Pricing & Discounts
695812dcc0cbb5cf7ac67688,CXJ-927,pricingInquiry,quoteSent,quoteDelivery,6.6,2.7,Low,1. Low Complexity,9,2. Medium AHT,Yes,1,Volume - Potential Transformation Opportunity,emailQuote,The agent emailed the customer a quote for the home security system pricing.,ADT-00026,"[{'closest_other_cluster_name': 'pricingInquiry', 'cluster': 17, 'embedding_input': 'quoteSent:Quote sent refers to the action of providing a detailed price estimate to a customer via email or other communication methods.', 'prob_cluster_belonging': 1.0, 'closest_other_cluster': 25, 'distance_to_other_cluster': 0.4802, 'umap_embedding': 'ComingSoon'}]",1767379676,Pricing & Discounts
695812dcc0cbb5cf7ac6768a,CXJ-927,sensorInquiry,floodSensor,floodDetection,6.5,2.52,Low,1. Low Complexity,10,2. Medium AHT,Yes,1,Volume - Potential Transformation Opportunity,quoteSent,The agent sent an updated quote including the environmental sensors to the customer.,ADT-00015,"[{'closest_other_cluster_name': 'alarmManagement', 'cluster': 3, 'embedding_input': 'floodSensor:Flood sensors detect standing water near heaters or sumps and alert the user instantly.', 'prob_cluster_belonging': 1.0, 'closest_other_cluster': 10, 'distance_to_other_cluster': 0.6094, 'umap_embedding': 'ComingSoon'}]",1767379676,Other
695812dcc0cbb5cf7ac6768b,CXJ-927,sensorPurchase,floodSensor,floodDetection,6.5,2.52,Low,1. Low Complexity,4,1. Low AHT,Yes,1,Volume - Potential Transformation Opportunity,sensorShipped,The agent confirmed the purchase and shipment of three flood sensors to the customer.,ADT-00047,"[{'closest_other_cluster_name': 'alarmManagement', 'cluster': 3, 'embedding_input': 'floodSensor:Flood sensors detect the presence of water and alert the user to potential flooding issues.', 'prob_cluster_belonging': 1.0, 'closest_other_cluster': 10, 'distance_to_other_cluster': 0.6094, 'umap_embedding': 'ComingSoon'}]",1767379676,Other
695812dcc0cbb5cf7ac6768c,CXJ-927,serviceRemoval,floodSensor,floodDetection,6.2,2.52,Low,1. Low Complexity,13,3. High AHT,Yes,1,Volume - Potential Transformation Opportunity,monitoringRemoved,The agent removed flood and freeze sensor monitoring from the customer's account.,ADT-00068,"[{'closest_other_cluster_name': 'alarmManagement', 'cluster': 3, 'embedding_input': 'floodSensor:Flood sensor refers to a device that detects water presence and alerts users to potential flooding.', 'prob_cluster_belonging': 1.0, 'closest_other_cluster': 10, 'distance_to_other_cluster': 0.6094, 'umap_embedding': 'ComingSoon'}]",1767379676,Other
695812dcc0cbb5cf7ac6768d,CXJ-927,cameraPerformance,latencyIssue,networkPerformance,6.3,2.01,Low,1. Low Complexity,15,3. High AHT,Yes,1,Volume - Potential Transformation Opportunity,wifiExtenderSent,Agent is sending a Wi-Fi chime-extender to improve the camera's performance.,ADT-00017,"[{'closest_other_cluster_name': 'signalInterference', 'cluster': 22, 'embedding_input': 'latencyIssue:Latency issue refers to the delay in the transmission of data over a network, causing slow response times.', 'prob_cluster_belonging': 1.0, 'closest_other_cluster': 5, 'distance_to_other_cluster': 0.5808, 'umap_embedding': 'ComingSoon'}]",1767379676,Network & Connectivity
695812dcc0cbb5cf7ac6768e,CXJ-927,cameraSpeedIssue,slowInternet,networkPerformance,6.1,2.01,Low,1. Low Complexity,12,2. Medium AHT,Yes,1,Volume - Potential Transformation Opportunity,resolutionChange,Agent changed the camera resolution to 720p to attempt to improve loading speed.,ADT-00073,"[{'closest_other_cluster_name': 'signalInterference', 'cluster': 22, 'embedding_input': 'slowInternet:Slow internet refers to the condition where the internet connection speed is insufficient to support certain functionalities, such as streaming HD video.', 'prob_cluster_belonging': 1.0, 'closest_other_cluster': 5, 'distance_to_other_cluster': 0.5808, 'umap_embedding': 'ComingSoon'}]",1767379676,Network & Connectivity
695812dcc0cbb5cf7ac6768f,CXJ-927,appPerformance,slowInternet,networkPerformance,,2.01,Low,1. Low Complexity,7,2. Medium AHT,Yes,1,Volume - Potential Transformation Opportunity,panelResync,The agent pushed a re-sync command to the panel to improve its connection.,ADT-00091,"[{'closest_other_cluster_name': 'signalInterference', 'cluster': 22, 'embedding_input': 'slowInternet:Slow internet refers to the reduced speed of internet connectivity, which can affect the performance of applications and devices.', 'prob_cluster_belonging': 1.0, 'closest_other_cluster': 5, 'distance_to_other_cluster': 0.5808, 'umap_embedding': 'ComingSoon'}]",1767379676,Network & Connectivity
695812dcc0cbb5cf7ac67690,CXJ-927,serviceTransfer,newSystemRequest,systemUpgradeRequest,6.5,2.45,Low,1. Low Complexity,17,3. High AHT,Yes,1,Volume - Potential Transformation Opportunity,appointmentScheduled,The agent scheduled a move-in appointment for the installation of the new security system.,ADT-00021,"[{'closest_other_cluster_name': 'serviceInstallation', 'cluster': 30, 'embedding_input': ""newSystemRequest:New system request refers to the customer's preference for a new security system instead of transferring the old one to the new location."", 'prob_cluster_belonging': 1.0, 'closest_other_cluster': 29, 'distance_to_other_cluster': 0.3438, 'umap_embedding': 'ComingSoon'}]",1767379676,Installation & Upgrades
695812dcc0cbb5cf7ac67691,CXJ-927,installationScheduled,newSystemRequest,systemUpgradeRequest,6.1,2.45,Low,1. Low Complexity,8,2. Medium AHT,Yes,1,Volume - Potential Transformation Opportunity,technicianScheduled,The agent scheduled a technician to install the alarm system at the customer's new place.,ADT-00127,"[{'closest_other_cluster_name': 'serviceInstallation', 'cluster': 30, 'embedding_input': ""newSystemRequest:New system request refers to the customer's desire to have a new security system installed at their location."", 'prob_cluster_belonging': 1.0, 'closest_other_cluster': 29, 'distance_to_other_cluster': 0.3438, 'umap_embedding': 'ComingSoon'}]",1767379676,Installation & Upgrades
695812dcc0cbb5cf7ac67692,CXJ-927,moveOrderStarted,newSystemRequest,systemUpgradeRequest,6.5,2.45,Low,1. Low Complexity,5,1. Low AHT,Yes,1,Volume - Potential Transformation Opportunity,technicianScheduled,The agent scheduled a technician appointment for the new house on the 23rd.,ADT-00168,"[{'closest_other_cluster_name': 'serviceInstallation', 'cluster': 30, 'embedding_input': ""newSystemRequest:New system request refers to the customer's desire to have a new security system installed at their new residence."", 'prob_cluster_belonging': 1.0, 'closest_other_cluster': 29, 'distance_to_other_cluster': 0.3438, 'umap_embedding': 'ComingSoon'}]",1767379676,Installation & Upgrades
695812dcc0cbb5cf7ac67693,CXJ-927,serviceTransfer,contractRenewal,contractManagement,7.7,6.4,Medium,2. Medium Complexity,10,2. Medium AHT,No,0,Volume - Rest,moveOrderStarted,Agent initiated the move order and will send confirmation email with technician's arrival window.,ADT-00024,"[{'closest_other_cluster_name': 'serviceFeeRemoval', 'cluster': 15, 'embedding_input': 'contractRenewal:Contract renewal refers to the process of extending or initiating a new agreement term for continued service.', 'prob_cluster_belonging': 0.3848465708270558, 'closest_other_cluster': 31, 'distance_to_other_cluster': 0.5145, 'umap_embedding': 'ComingSoon'}]",1767379676,Other
695812dcc0cbb5cf7ac67694,CXJ-927,feeCancellation,serviceRequirement,contractManagement,7.7,6.4,Medium,2. Medium Complexity,10,2. Medium AHT,No,0,Volume - Rest,discountOffer,Agent offered a different discount to the customer as an alternative solution.,ADT-00054,"[{'closest_other_cluster_name': 'serviceFeeRemoval', 'cluster': 15, 'embedding_input': ""serviceRequirement:Service requirement refers to the mandatory conditions or components needed to maintain a service's functionality and compliance."", 'prob_cluster_belonging': 0.5203005472227096, 'closest_other_cluster': 31, 'distance_to_other_cluster': 0.5145, 'umap_embedding': 'ComingSoon'}]",1767379676,Other
695812dcc0cbb5cf7ac67695,CXJ-927,serviceRetention,contractRequirement,contractManagement,7.9,6.4,Medium,2. Medium Complexity,2,1. Low AHT,No,0,Volume - Rest,creditOffer,Agent offered a one-time $20 credit to the customer.,ADT-00069,"[{'closest_other_cluster_name': 'serviceFeeRemoval', 'cluster': 15, 'embedding_input': 'contractRequirement:Contract requirement refers to the mandatory conditions or stipulations that must be adhered to as part of a service agreement.', 'prob_cluster_belonging': 1.0, 'closest_other_cluster': 31, 'distance_to_other_cluster': 0.5145, 'umap_embedding': 'ComingSoon'}]",1767379676,Other
695812dcc0cbb5cf7ac67696,CXJ-927,quoteProvided,contractRequirement,contractManagement,8.2,6.4,Medium,2. Medium Complexity,3,1. Low AHT,No,0,Volume - Rest,quoteSent,Agent provided a price quote for the requested system and discussed contract options.,ADT-00088,"[{'closest_other_cluster_name': 'serviceFeeRemoval', 'cluster': 15, 'embedding_input': 'contractRequirement:Contract requirement refers to the necessity of agreeing to a specified term length for a service or product.', 'prob_cluster_belonging': 1.0, 'closest_other_cluster': 31, 'distance_to_other_cluster': 0.5145, 'umap_embedding': 'ComingSoon'}]",1767379676,Other
695812dcc0cbb5cf7ac67697,CXJ-927,moveOrderStarted,contractCarryover,contractManagement,8.1,6.4,Medium,2. Medium Complexity,6,1. Low AHT,No,0,Volume - Rest,technicianScheduled,The technician is scheduled to visit the new home on the 16th in the morning.,ADT-00114,"[{'closest_other_cluster_name': 'serviceFeeRemoval', 'cluster': 15, 'embedding_input': 'contractCarryover:Contract carryover refers to the transfer of the remaining time of an existing contract to a new location without requiring a new commitment.', 'prob_cluster_belonging': 0.3848465708270558, 'closest_other_cluster': 31, 'distance_to_other_cluster': 0.5145, 'umap_embedding': 'ComingSoon'}]",1767379676,Other
695812dcc0cbb5cf7ac67698,CXJ-927,serviceTermination,contractRequirement,contractManagement,8.0,6.4,Medium,2. Medium Complexity,9,2. Medium AHT,No,0,Volume - Rest,noResolution,The agent was unable to provide a resolution to the customer's request to cancel the service.,ADT-00126,"[{'closest_other_cluster_name': 'serviceFeeRemoval', 'cluster': 15, 'embedding_input': 'contractRequirement:Contract requirement refers to the obligations and terms that must be fulfilled as part of an agreement between parties.', 'prob_cluster_belonging': 1.0, 'closest_other_cluster': 31, 'distance_to_other_cluster': 0.5145, 'umap_embedding': 'ComingSoon'}]",1767379676,Other
695812dcc0cbb5cf7ac67699,CXJ-927,accountClosure,contractCompletion,contractManagement,7.9,6.4,Medium,2. Medium Complexity,9,2. Medium AHT,No,0,Volume - Rest,serviceTerminated,The agent scheduled the termination of the service for the end of the current billing cycle.,ADT-00141,"[{'closest_other_cluster_name': 'serviceFeeRemoval', 'cluster': 15, 'embedding_input': 'contractCompletion:Contract completion refers to the fulfillment of the agreed-upon term length of a service contract, after which the customer is no longer obligated to continue the service.', 'prob_cluster_belonging': 0.4369158523696285, 'closest_other_cluster': 31, 'distance_to_other_cluster': 0.5145, 'umap_embedding': 'ComingSoon'}]",1767379676,Other
695812dcc0cbb5cf7ac6769a,CXJ-927,serviceComparison,priceInquiry,pricingDetails,6.6,2.77,Low,1. Low Complexity,7,2. Medium AHT,Yes,1,Volume - Potential Transformation Opportunity,emailQuote,Agent sends an equipment breakdown and pricing details via email.,ADT-00027,"[{'closest_other_cluster_name': 'pricingInquiry', 'cluster': 26, 'embedding_input': 'priceInquiry:Price inquiry refers to the act of asking for information about the cost of a product or service.', 'prob_cluster_belonging': 1.0, 'closest_other_cluster': 25, 'distance_to_other_cluster': 0.1833, 'umap_embedding': 'ComingSoon'}]",1767379676,Pricing & Discounts
695812dcc0cbb5cf7ac6769b,CXJ-927,quoteRequest,priceInquiry,pricingDetails,6.6,2.77,Low,1. Low Complexity,16,3. High AHT,Yes,1,Volume - Potential Transformation Opportunity,quoteProvided,Agent provided a quote for the security system including equipment and monthly plan costs.,ADT-00029,"[{'closest_other_cluster_name': 'pricingInquiry', 'cluster': 26, 'embedding_input': 'priceInquiry:Price inquiry refers to the act of asking for the cost or pricing details of a product or service.', 'prob_cluster_belonging': 1.0, 'closest_other_cluster': 25, 'distance_to_other_cluster': 0.1833, 'umap_embedding': 'ComingSoon'}]",1767379676,Pricing & Discounts
695812dcc0cbb5cf7ac6769c,CXJ-927,planComparison,pricingInquiry,pricingDetails,6.3,2.77,Low,1. Low Complexity,10,2. Medium AHT,Yes,1,Volume - Potential Transformation Opportunity,transferToBlueTeam,Agent transferred the customer to the Blue team for DIY system setup.,ADT-00152,"[{'closest_other_cluster_name': 'pricingInquiry', 'cluster': 26, 'embedding_input': ""pricingInquiry:Pricing inquiry refers to a customer's request for clarification or information about the cost of a product or service."", 'prob_cluster_belonging': 1.0, 'closest_other_cluster': 25, 'distance_to_other_cluster': 0.1833, 'umap_embedding': 'ComingSoon'}]",1767379676,Pricing & Discounts
695812dcc0cbb5cf7ac676a4,CXJ-927,billingAdjustment,loyaltyCredit,loyaltyCredit,6.5,3.54,Low,1. Low Complexity,12,2. Medium AHT,Yes,1,Volume - Potential Transformation Opportunity,creditApplied,Agent applied a $5 loyalty credit per month for the next 6 months.,ADT-00131,"[{'closest_other_cluster_name': 'discountEligibility', 'cluster': 4, 'embedding_input': ""loyaltyCredit:Loyalty credit refers to a discount or credit applied to a customer's account as a reward for their continued patronage."", 'prob_cluster_belonging': 1.0, 'closest_other_cluster': 27, 'distance_to_other_cluster': 0.5681, 'umap_embedding': 'ComingSoon'}]",1767379676,"Billing, Refunds & Credits"
695812dcc0cbb5cf7ac676a5,CXJ-927,rateUpdated,loyaltyCredit,loyaltyCredit,6.7,3.54,Low,1. Low Complexity,14,3. High AHT,Yes,1,Volume - Potential Transformation Opportunity,discountApplied,A permanent $10 monthly discount was applied to the customer's account.,ADT-00170,"[{'closest_other_cluster_name': 'discountEligibility', 'cluster': 4, 'embedding_input': 'loyaltyCredit:Loyalty credit refers to a discount or benefit given to long-term customers as a reward for their continued patronage.', 'prob_cluster_belonging': 0.7353667865871368, 'closest_other_cluster': 27, 'distance_to_other_cluster': 0.5681, 'umap_embedding': 'ComingSoon'}]",1767379676,"Billing, Refunds & Credits"
695812dcc0cbb5cf7ac676a6,CXJ-927,billingClarified,loyaltyCredit,loyaltyCredit,7.1,3.54,Low,1. Low Complexity,17,3. High AHT,Yes,1,Volume - Potential Transformation Opportunity,discountApplied,A $15 loyalty credit was applied to the customer's monthly bill for the next 12 months.,ADT-00186,"[{'closest_other_cluster_name': 'discountEligibility', 'cluster': 4, 'embedding_input': ""loaltyCredit:Loyalty credit refers to a discount or credit applied to a customer's account as a reward for their long-term commitment and perfect payment history."", 'prob_cluster_belonging': 1.0, 'closest_other_cluster': 27, 'distance_to_other_cluster': 0.5681, 'umap_embedding': 'ComingSoon'}]",1767379676,"Billing, Refunds & Credits"
695812dcc0cbb5cf7ac676a7,CXJ-927,billReduction,serviceRemoval,serviceFeeRemoval,9.3,10.0,High,3. High Complexity,5,1. Low AHT,No,0,Volume - Rest,planUpdated,The agent updated the customer's plan to remove unnecessary services and reduce the monthly bill.,ADT-00032,"[{'closest_other_cluster_name': 'unusedServices', 'cluster': 31, 'embedding_input': ""serviceRemoval:Service removal refers to the process of eliminating specific services or features from a customer's plan to reduce costs."", 'prob_cluster_belonging': 0.6448987241170748, 'closest_other_cluster': 7, 'distance_to_other_cluster': 0.4412, 'umap_embedding': 'ComingSoon'}]",1767379676,"Billing, Refunds & Credits"
695812dcc0cbb5cf7ac676a8,CXJ-927,feeDispute,regulatoryFee,serviceFeeRemoval,9.3,10.0,High,3. High Complexity,7,2. Medium AHT,No,0,Volume - Rest,feeNonNegotiable,Agent confirmed the regulatory fee is non-negotiable and cannot be removed.,ADT-00038,"[{'closest_other_cluster_name': 'unusedServices', 'cluster': 31, 'embedding_input': 'regulatoryFee:Regulatory fee refers to a mandatory charge imposed to cover government and regulatory cost adjustments.', 'prob_cluster_belonging': 0.29853709479780666, 'closest_other_cluster': 7, 'distance_to_other_cluster': 0.4412, 'umap_embedding': 'ComingSoon'}]",1767379676,"Billing, Refunds & Credits"
695812dcc0cbb5cf7ac676a9,CXJ-927,billingCorrection,serviceRemoval,serviceFeeRemoval,9.4,10.0,High,3. High Complexity,14,3. High AHT,No,0,Volume - Rest,creditIssued,The agent issued a credit for the incorrect charges on the customer's bill.,ADT-00039,"[{'closest_other_cluster_name': 'unusedServices', 'cluster': 31, 'embedding_input': 'serviceRemoval:Service removal refers to the process of discontinuing a specific service that was incorrectly added or no longer needed.', 'prob_cluster_belonging': 1.0, 'closest_other_cluster': 7, 'distance_to_other_cluster': 0.4412, 'umap_embedding': 'ComingSoon'}]",1767379676,"Billing, Refunds & Credits"
695812dcc0cbb5cf7ac676aa,CXJ-927,accountClosure,serviceRemoval,serviceFeeRemoval,9.3,10.0,High,3. High Complexity,16,3. High AHT,No,0,Volume - Rest,accountClosed,The agent confirmed the account will be closed on the specified date.,ADT-00043,"[{'closest_other_cluster_name': 'unusedServices', 'cluster': 31, 'embedding_input': 'serviceRemoval:Service removal refers to the process of discontinuing or terminating a service that is no longer needed or wanted.', 'prob_cluster_belonging': 1.0, 'closest_other_cluster': 7, 'distance_to_other_cluster': 0.4412, 'umap_embedding': 'ComingSoon'}]",1767379676,"Billing, Refunds & Credits"
695812dcc0cbb5cf7ac676ab,CXJ-927,lightingAddition,installationFee,serviceFeeRemoval,9.4,10.0,High,3. High Complexity,12,2. Medium AHT,No,0,Volume - Rest,technicianScheduled,A technician has been scheduled to install the smart LED floodlights next Tuesday.,ADT-00048,"[{'closest_other_cluster_name': 'unusedServices', 'cluster': 31, 'embedding_input': 'installationFee:Installation fee refers to the cost associated with setting up new hardware or services by a professional technician.', 'prob_cluster_belonging': 0.29853709479780666, 'closest_other_cluster': 7, 'distance_to_other_cluster': 0.4412, 'umap_embedding': 'ComingSoon'}]",1767379676,"Billing, Refunds & Credits"
695812dcc0cbb5cf7ac676ac,CXJ-927,planUpdate,serviceRemoval,serviceFeeRemoval,9.5,10.0,High,3. High Complexity,5,1. Low AHT,No,0,Volume - Rest,accountUpdated,The agent updated the customer's account to remove the outdoor camera monitoring service.,ADT-00066,"[{'closest_other_cluster_name': 'unusedServices', 'cluster': 31, 'embedding_input': ""serviceRemoval:Service removal refers to the process of discontinuing a specific service or feature from a customer's plan."", 'prob_cluster_belonging': 1.0, 'closest_other_cluster': 7, 'distance_to_other_cluster': 0.4412, 'umap_embedding': 'ComingSoon'}]",1767379676,"Billing, Refunds & Credits"
695812dcc0cbb5cf7ac676ad,CXJ-927,serviceRemoval,healthServiceRemoval,serviceFeeRemoval,9.2,10.0,High,3. High Complexity,15,3. High AHT,No,0,Volume - Rest,serviceTerminated,The agent confirmed the termination of the medical monitoring service effective at midnight.,ADT-00067,"[{'closest_other_cluster_name': 'unusedServices', 'cluster': 31, 'embedding_input': ""healthServiceRemoval:Health service removal refers to the discontinuation of a health-related service, such as medical alert button monitoring, from a customer's plan."", 'prob_cluster_belonging': 0.33971589016870785, 'closest_other_cluster': 7, 'distance_to_other_cluster': 0.4412, 'umap_embedding': 'ComingSoon'}]",1767379676,"Billing, Refunds & Credits"
695812dcc0cbb5cf7ac676ae,CXJ-927,billingAdjustment,serviceDisconnection,serviceFeeRemoval,9.4,10.0,High,3. High Complexity,13,3. High AHT,No,0,Volume - Rest,creditApplied,A $45 credit was applied to the customer's account for the monitoring charge during the disconnection period.,ADT-00094,"[{'closest_other_cluster_name': 'unusedServices', 'cluster': 31, 'embedding_input': 'serviceDisconnection:Service disconnection refers to the temporary or permanent interruption of a service, often due to external factors such as renovations or technical issues.', 'prob_cluster_belonging': 0.3148194222353956, 'closest_other_cluster': 7, 'distance_to_other_cluster': 0.4412, 'umap_embedding': 'ComingSoon'}]",1767379676,"Billing, Refunds & Credits"
695812dcc0cbb5cf7ac676af,CXJ-927,chargeRemoval,serviceDisconnection,serviceFeeRemoval,9.2,10.0,High,3. High Complexity,13,3. High AHT,No,0,Volume - Rest,creditIssued,The agent issued a $9.99 credit to the customer's account for the disputed charge.,ADT-00095,"[{'closest_other_cluster_name': 'unusedServices', 'cluster': 31, 'embedding_input': ""serviceDisconnection:Service disconnection refers to the termination or removal of a specific service from a customer's account."", 'prob_cluster_belonging': 0.34865240749293397, 'closest_other_cluster': 7, 'distance_to_other_cluster': 0.4412, 'umap_embedding': 'ComingSoon'}]",1767379676,"Billing, Refunds & Credits"
695812dcc0cbb5cf7ac676b0,CXJ-927,billingCorrection,serviceFeeRemoval,serviceFeeRemoval,9.4,10.0,High,3. High Complexity,5,1. Low AHT,No,0,Volume - Rest,creditIssued,Agent issued a credit to cover the overcharges for the past three years.,ADT-00103,"[{'closest_other_cluster_name': 'unusedServices', 'cluster': 31, 'embedding_input': 'serviceFeeRemoval:Service fee removal refers to the process of eliminating charges for a service that is no longer being used or required.', 'prob_cluster_belonging': 0.34975511270570064, 'closest_other_cluster': 7, 'distance_to_other_cluster': 0.4412, 'umap_embedding': 'ComingSoon'}]",1767379676,"Billing, Refunds & Credits"
695812dcc0cbb5cf7ac676b1,CXJ-927,feeDispute,serviceTechnicianFee,serviceFeeRemoval,9.5,10.0,High,3. High Complexity,7,2. Medium AHT,No,0,Volume - Rest,feeWaived,Agent waived the full $99 service technician fee as a one-time courtesy.,ADT-00104,"[{'closest_other_cluster_name': 'unusedServices', 'cluster': 31, 'embedding_input': ""serviceTechnicianFee:Service technician fee refers to the charge incurred for a technician's visit to perform repairs or maintenance."", 'prob_cluster_belonging': 0.3017092705282015, 'closest_other_cluster': 7, 'distance_to_other_cluster': 0.4412, 'umap_embedding': 'ComingSoon'}]",1767379676,"Billing, Refunds & Credits"
695812dcc0cbb5cf7ac676b2,CXJ-927,rateReduction,competitorOffer,competitiveAnalysis,6.0,1.63,Low,1. Low Complexity,12,2. Medium AHT,Yes,1,Volume - Potential Transformation Opportunity,rateUpdated,"The agent updated the customer's rate to $29.99, locked for the next 24 months.",ADT-00033,"[{'closest_other_cluster_name': 'pricingInquiry', 'cluster': 24, 'embedding_input': 'competitorOffer:Competitor offer refers to a promotional deal or pricing provided by a competing company to attract customers.', 'prob_cluster_belonging': 1.0, 'closest_other_cluster': 25, 'distance_to_other_cluster': 0.5245, 'umap_embedding': 'ComingSoon'}]",1767379676,Pricing & Discounts
695812dcc0cbb5cf7ac676b3,CXJ-927,accountClosure,competitorOffer,competitiveAnalysis,6.1,1.63,Low,1. Low Complexity,11,2. Medium AHT,Yes,1,Volume - Potential Transformation Opportunity,serviceTerminated,The agent confirmed the termination of the service on the 30th of the month.,ADT-00099,"[{'closest_other_cluster_name': 'pricingInquiry', 'cluster': 24, 'embedding_input': 'competitorOffer:Competitor offer refers to a situation where a customer decides to switch to a different service provider due to a more attractive offer from the competitor.', 'prob_cluster_belonging': 1.0, 'closest_other_cluster': 25, 'distance_to_other_cluster': 0.5245, 'umap_embedding': 'ComingSoon'}]",1767379676,Pricing & Discounts
695812dcc0cbb5cf7ac676b4,CXJ-927,rateUpdated,competitivePricing,competitiveAnalysis,,1.63,Low,1. Low Complexity,16,3. High AHT,Yes,1,Volume - Potential Transformation Opportunity,discountApplied,A $15 monthly discount was applied to the customer's bill for the next 12 months.,ADT-00136,"[{'closest_other_cluster_name': 'pricingInquiry', 'cluster': 24, 'embedding_input': ""competitivePricing:Competitive pricing refers to adjusting the cost of a service to match or be more favorable compared to competitors' offerings."", 'prob_cluster_belonging': 1.0, 'closest_other_cluster': 25, 'distance_to_other_cluster': 0.5245, 'umap_embedding': 'ComingSoon'}]",1767379676,Pricing & Discounts
695812dcc0cbb5cf7ac676b5,CXJ-927,billReduction,budgetConstraint,financialLimitations,7.0,3.84,Low,1. Low Complexity,14,3. High AHT,Yes,1,Volume - Potential Transformation Opportunity,paymentDeferralOffer,Agent offered to defer one month's payment to the end of the contract.,ADT-00034,"[{'closest_other_cluster_name': 'contractManagement', 'cluster': 2, 'embedding_input': ""budgetConstraint:Budget constraint refers to the limitation of financial resources that affects a customer's ability to afford services or products."", 'prob_cluster_belonging': 1.0, 'closest_other_cluster': 15, 'distance_to_other_cluster': 0.6008, 'umap_embedding': 'ComingSoon'}]",1767379676,Other
695812dcc0cbb5cf7ac676b6,CXJ-927,serviceRemoval,budgetConstraint,financialLimitations,,3.84,Low,1. Low Complexity,7,2. Medium AHT,Yes,1,Volume - Potential Transformation Opportunity,planUpdated,The agent updated the customer's plan to remove the video recording service.,ADT-00053,"[{'closest_other_cluster_name': 'contractManagement', 'cluster': 2, 'embedding_input': 'budgetConstraint:Budget constraint refers to the need to reduce expenses due to financial considerations.', 'prob_cluster_belonging': 1.0, 'closest_other_cluster': 15, 'distance_to_other_cluster': 0.6008, 'umap_embedding': 'ComingSoon'}]",1767379676,Other
695812dcc0cbb5cf7ac676b7,CXJ-927,planUpdated,retirementImpact,financialLimitations,7.1,3.84,Low,1. Low Complexity,17,3. High AHT,Yes,1,Volume - Potential Transformation Opportunity,planChangeProcessed,The agent processed the plan change to reduce the customer's monthly bill.,ADT-00137,"[{'closest_other_cluster_name': 'contractManagement', 'cluster': 2, 'embedding_input': 'retirementImpact:Retirement impact refers to the changes in financial planning and expenses due to retirement, often leading to adjustments in services or plans.', 'prob_cluster_belonging': 0.3988386076079441, 'closest_other_cluster': 15, 'distance_to_other_cluster': 0.6008, 'umap_embedding': 'ComingSoon'}]",1767379676,Other
695812dcc0cbb5cf7ac676b8,CXJ-927,serviceTermination,apartmentRestriction,financialLimitations,6.7,3.84,Low,1. Low Complexity,9,2. Medium AHT,Yes,1,Volume - Potential Transformation Opportunity,noResolution,The agent did not provide a resolution to the customer's request to cancel the service.,ADT-00142,"[{'closest_other_cluster_name': 'contractManagement', 'cluster': 2, 'embedding_input': 'apartmentRestriction:Apartment restriction refers to limitations or conditions imposed by an apartment complex that affect the use or continuation of external services.', 'prob_cluster_belonging': 0.4127175265203777, 'closest_other_cluster': 15, 'distance_to_other_cluster': 0.6008, 'umap_embedding': 'ComingSoon'}]",1767379676,Other
695812dcc0cbb5cf7ac676b9,CXJ-927,planChange,budgetConstraint,financialLimitations,6.9,3.84,Low,1. Low Complexity,8,2. Medium AHT,Yes,1,Volume - Potential Transformation Opportunity,planUpdated,Agent updated the customer's plan to reduce the monthly bill by $19.,ADT-00187,"[{'closest_other_cluster_name': 'contractManagement', 'cluster': 2, 'embedding_input': 'budgetConstraint:Budget constraint refers to the limitation of financial resources that restricts the amount a customer can spend on services.', 'prob_cluster_belonging': 1.0, 'closest_other_cluster': 15, 'distance_to_other_cluster': 0.6008, 'umap_embedding': 'ComingSoon'}]",1767379676,Other
695812dcc0cbb5cf7ac676ba,CXJ-927,billingPromotion,hardshipCredit,financialAssistance,5.9,1.25,Low,1. Low Complexity,8,2. Medium AHT,Yes,1,Volume - Potential Transformation Opportunity,creditApplied,The agent applied a hardship credit to reduce the customer's bill for three months.,ADT-00035,"[{'closest_other_cluster_name': 'financialLimitations', 'cluster': 1, 'embedding_input': 'hardshipCredit:Hardship credit refers to a temporary financial relief offered to customers facing economic difficulties, typically involving a discount or reduced rate for a specified period.', 'prob_cluster_belonging': 1.0, 'closest_other_cluster': 2, 'distance_to_other_cluster': 0.6502, 'umap_embedding': 'ComingSoon'}]",1767379676,Other
695812dcc0cbb5cf7ac676bb,CXJ-927,appointmentRescheduled,vehicleBreakdown,financialAssistance,5.9,1.25,Low,1. Low Complexity,7,2. Medium AHT,Yes,1,Volume - Potential Transformation Opportunity,supervisorScheduled,A supervisor is scheduled to visit the customer's house first thing tomorrow at 8 AM.,ADT-00075,"[{'closest_other_cluster_name': 'financialLimitations', 'cluster': 1, 'embedding_input': 'vehicleBreakdown:Vehicle breakdown refers to the failure of a vehicle to operate, causing delays or missed appointments.', 'prob_cluster_belonging': 1.0, 'closest_other_cluster': 2, 'distance_to_other_cluster': 0.6502, 'umap_embedding': 'ComingSoon'}]",1767379676,Other
695812dcc0cbb5cf7ac676bc,CXJ-927,billingIssue,duplicateCharge,billingDiscrepancies,7.2,3.74,Low,1. Low Complexity,17,3. High AHT,Yes,1,Volume - Potential Transformation Opportunity,refundIssued,The agent issued an immediate refund for the duplicate charge of $54.99.,ADT-00037,"[{'closest_other_cluster_name': 'paymentIssues', 'cluster': 19, 'embedding_input': 'duplicateCharge:Duplicate charge refers to an error where a customer is billed multiple times for the same transaction.', 'prob_cluster_belonging': 1.0, 'closest_other_cluster': 23, 'distance_to_other_cluster': 0.5922, 'umap_embedding': 'ComingSoon'}]",1767379676,"Billing, Refunds & Credits"
695812dcc0cbb5cf7ac676bd,CXJ-927,refundRequest,doubleBillingError,billingDiscrepancies,6.9,3.74,Low,1. Low Complexity,13,3. High AHT,Yes,1,Volume - Potential Transformation Opportunity,refundProcessed,The agent processed a refund for the second $100 deposit due to the double billing error.,ADT-00065,"[{'closest_other_cluster_name': 'paymentIssues', 'cluster': 19, 'embedding_input': 'doubleBillingError:Double billing error refers to a situation where a customer is charged twice for the same service or product due to a system or user mistake.', 'prob_cluster_belonging': 1.0, 'closest_other_cluster': 23, 'distance_to_other_cluster': 0.5922, 'umap_embedding': 'ComingSoon'}]",1767379676,"Billing, Refunds & Credits"
695812dcc0cbb5cf7ac676be,CXJ-927,duplicateCharge,duplicateAccount,billingDiscrepancies,6.6,3.74,Low,1. Low Complexity,9,2. Medium AHT,Yes,1,Volume - Potential Transformation Opportunity,creditIssued,Agent issued a $270 credit to the customer's main account.,ADT-00107,"[{'closest_other_cluster_name': 'paymentIssues', 'cluster': 19, 'embedding_input': 'duplicateAccount:Duplicate account refers to the situation where two accounts are created for the same service or entity, leading to double billing.', 'prob_cluster_belonging': 1.0, 'closest_other_cluster': 23, 'distance_to_other_cluster': 0.5922, 'umap_embedding': 'ComingSoon'}]",1767379676,"Billing, Refunds & Credits"
695812dcc0cbb5cf7ac676bf,CXJ-927,serviceRemoval,unauthorizedCharge,billingDiscrepancies,6.8,3.74,Low,1. Low Complexity,4,1. Low AHT,Yes,1,Volume - Potential Transformation Opportunity,creditIssued,Agent issued a $19.98 credit to cover the unauthorized charges for the last two months.,ADT-00140,"[{'closest_other_cluster_name': 'paymentIssues', 'cluster': 19, 'embedding_input': ""unauthorizedCharge:Unauthorized charge refers to a fee applied to a customer's account without their consent or knowledge."", 'prob_cluster_belonging': 0.9300903291556101, 'closest_other_cluster': 23, 'distance_to_other_cluster': 0.5922, 'umap_embedding': 'ComingSoon'}]",1767379676,"Billing, Refunds & Credits"
695812dcc0cbb5cf7ac676c0,CXJ-927,serviceTermination,assistedLivingMove,residentialRelocation,6.8,3.41,Low,1. Low Complexity,11,2. Medium AHT,Yes,1,Volume - Potential Transformation Opportunity,serviceScheduled,Service termination scheduled for the move-out date without equipment return.,ADT-00041,"[{'closest_other_cluster_name': 'internationalRelocation', 'cluster': 12, 'embedding_input': 'assistedLivingMove:Assisted living move refers to the transition of an individual from their home to a facility that provides care and assistance for daily living activities.', 'prob_cluster_belonging': 0.8832623482556341, 'closest_other_cluster': 11, 'distance_to_other_cluster': 0.5219, 'umap_embedding': 'ComingSoon'}]",1767379676,Relocation & Coverage
695812dcc0cbb5cf7ac676c1,CXJ-927,installationScheduled,newHomeMove,residentialRelocation,6.7,3.41,Low,1. Low Complexity,9,2. Medium AHT,Yes,1,Volume - Potential Transformation Opportunity,installationReserved,The agent reserved an installation slot for the customer on Saturday morning.,ADT-00190,"[{'closest_other_cluster_name': 'internationalRelocation', 'cluster': 12, 'embedding_input': 'newHomeMove:New home move refers to the process of relocating to a new residence, often involving setup of new services and utilities.', 'prob_cluster_belonging': 1.0, 'closest_other_cluster': 11, 'distance_to_other_cluster': 0.5219, 'umap_embedding': 'ComingSoon'}]",1767379676,Relocation & Coverage
695812dcc0cbb5cf7ac676c2,CXJ-927,serviceTermination,nursingHomeMove,residentialRelocation,6.7,3.41,Low,1. Low Complexity,17,3. High AHT,Yes,1,Volume - Potential Transformation Opportunity,contractWaived,The agent waived the remaining time on the contract due to the customer's move to a medical facility.,ADT-00192,"[{'closest_other_cluster_name': 'internationalRelocation', 'cluster': 12, 'embedding_input': 'nursingHomeMove:Nursing home move refers to the transition of an individual from their residence to a nursing home facility, often requiring changes in service arrangements.', 'prob_cluster_belonging': 1.0, 'closest_other_cluster': 11, 'distance_to_other_cluster': 0.5219, 'umap_embedding': 'ComingSoon'}]",1767379676,Relocation & Coverage
695812dcc0cbb5cf7ac676c3,CXJ-927,serviceTransfer,newHomeMove,residentialRelocation,6.8,3.41,Low,1. Low Complexity,2,1. Low AHT,Yes,1,Volume - Potential Transformation Opportunity,installationScheduled,The agent scheduled the installation of new equipment at the customer's new home.,ADT-00197,"[{'closest_other_cluster_name': 'internationalRelocation', 'cluster': 12, 'embedding_input': 'newHomeMove:New home move refers to the process of relocating ADT services to a new residence, ensuring continuity of security coverage.', 'prob_cluster_belonging': 0.9411716543027897, 'closest_other_cluster': 11, 'distance_to_other_cluster': 0.5219, 'umap_embedding': 'ComingSoon'}]",1767379676,Relocation & Coverage
695812dcc0cbb5cf7ac676c4,CXJ-927,serviceUpgrade,fireProtection,fireSafetyMonitoring,6.1,1.89,Low,1. Low Complexity,11,2. Medium AHT,Yes,1,Volume - Potential Transformation Opportunity,technicianScheduled,A technician will be scheduled to install the monitored smoke detectors.,ADT-00049,"[{'closest_other_cluster_name': 'securitySettingsUpdate', 'cluster': 8, 'embedding_input': 'fireProtection:Fire protection refers to the installation and monitoring of smoke detectors to alert the fire department in case of a fire.', 'prob_cluster_belonging': 1.0, 'closest_other_cluster': 9, 'distance_to_other_cluster': 0.4982, 'umap_embedding': 'ComingSoon'}]",1767379676,Health & Elderly Safety
695812dcc0cbb5cf7ac676c5,CXJ-927,systemEnhancement,fireAndCOMonitoring,fireSafetyMonitoring,6.2,1.89,Low,1. Low Complexity,12,2. Medium AHT,Yes,1,Volume - Potential Transformation Opportunity,technicianScheduled,A technician visit was scheduled to install and test the new sensors.,ADT-00120,"[{'closest_other_cluster_name': 'securitySettingsUpdate', 'cluster': 8, 'embedding_input': 'fireAndCOMonitoring:Fire and CO monitoring refers to the addition of sensors to detect smoke and carbon monoxide, enhancing the security system.', 'prob_cluster_belonging': 1.0, 'closest_other_cluster': 9, 'distance_to_other_cluster': 0.4982, 'umap_embedding': 'ComingSoon'}]",1767379676,Health & Elderly Safety
695812dcc0cbb5cf7ac676c6,CXJ-927,accountClosure,internationalMove,internationalRelocation,6.2,2.19,Low,1. Low Complexity,3,1. Low AHT,Yes,1,Volume - Potential Transformation Opportunity,accountClosed,The agent confirmed the account closure despite the customer's refusal to pay the final bill.,ADT-00060,"[{'closest_other_cluster_name': 'residentialRelocation', 'cluster': 11, 'embedding_input': 'internationalMove:International move refers to the relocation of a customer to a different country, impacting their service agreements.', 'prob_cluster_belonging': 1.0, 'closest_other_cluster': 12, 'distance_to_other_cluster': 0.5219, 'umap_embedding': 'ComingSoon'}]",1767379676,Relocation & Coverage
695812dcc0cbb5cf7ac676c7,CXJ-927,accountClosure,internationalMove,internationalRelocation,6.3,2.19,Low,1. Low Complexity,17,3. High AHT,Yes,1,Volume - Potential Transformation Opportunity,feeReductionOffer,Agent offers to reduce the contract buyout fee to 25% upon receiving relocation orders.,ADT-00110,"[{'closest_other_cluster_name': 'residentialRelocation', 'cluster': 11, 'embedding_input': 'internationalMove:International move refers to the relocation of a customer to a different country, impacting service availability.', 'prob_cluster_belonging': 1.0, 'closest_other_cluster': 12, 'distance_to_other_cluster': 0.5219, 'umap_embedding': 'ComingSoon'}]",1767379676,Relocation & Coverage
695812dcc0cbb5cf7ac676c8,CXJ-927,contractTerminated,internationalMove,internationalRelocation,6.3,2.19,Low,1. Low Complexity,5,1. Low AHT,Yes,1,Volume - Potential Transformation Opportunity,feeWaived,The agent confirmed the termination fee will be waived due to international relocation.,ADT-00125,"[{'closest_other_cluster_name': 'residentialRelocation', 'cluster': 11, 'embedding_input': 'internationalMove:International move refers to the relocation of a customer to a different country, impacting service availability.', 'prob_cluster_belonging': 1.0, 'closest_other_cluster': 12, 'distance_to_other_cluster': 0.5219, 'umap_embedding': 'ComingSoon'}]",1767379676,Relocation & Coverage
695812dcc0cbb5cf7ac676c9,CXJ-927,depositRefund,missedPayment,paymentIssues,7.1,3.54,Low,1. Low Complexity,4,1. Low AHT,Yes,1,Volume - Potential Transformation Opportunity,refundProcessed,Agent applied credit to balance and processed remaining refund check.,ADT-00062,"[{'closest_other_cluster_name': 'serviceFeeRemoval', 'cluster': 23, 'embedding_input': 'missedPayment:Missed payment refers to a situation where a customer fails to make a scheduled payment by the due date.', 'prob_cluster_belonging': 1.0, 'closest_other_cluster': 31, 'distance_to_other_cluster': 0.5904, 'umap_embedding': 'ComingSoon'}]",1767379676,"Billing, Refunds & Credits"
695812dcc0cbb5cf7ac676ca,CXJ-927,depositRefund,latePayments,paymentIssues,,3.54,Low,1. Low Complexity,6,1. Low AHT,Yes,1,Volume - Potential Transformation Opportunity,supervisorTransfer,Agent transferred the call to a supervisor for further assistance.,ADT-00063,"[{'closest_other_cluster_name': 'serviceFeeRemoval', 'cluster': 23, 'embedding_input': 'latePayments:Late payments refer to instances where a customer fails to make payments by the due date, impacting eligibility for certain benefits.', 'prob_cluster_belonging': 1.0, 'closest_other_cluster': 31, 'distance_to_other_cluster': 0.5904, 'umap_embedding': 'ComingSoon'}]",1767379676,"Billing, Refunds & Credits"
695812dcc0cbb5cf7ac676cb,CXJ-927,contractTermination,earlyTerminationFee,paymentIssues,6.7,3.54,Low,1. Low Complexity,7,2. Medium AHT,Yes,1,Volume - Potential Transformation Opportunity,noResolution,Customer disconnected without agreeing to any resolution; account remains active and in contract.,ADT-00173,"[{'closest_other_cluster_name': 'serviceFeeRemoval', 'cluster': 23, 'embedding_input': 'earlyTerminationFee:Early termination fee refers to the charge incurred for ending a service contract before its agreed-upon term.', 'prob_cluster_belonging': 0.726417511815153, 'closest_other_cluster': 31, 'distance_to_other_cluster': 0.5904, 'umap_embedding': 'ComingSoon'}]",1767379676,"Billing, Refunds & Credits"
695812dcc0cbb5cf7ac676cc,CXJ-927,feeWaived,latePayment,paymentIssues,6.6,3.54,Low,1. Low Complexity,14,3. High AHT,Yes,1,Volume - Potential Transformation Opportunity,feeReversal,"The agent reversed the late fee, and the customer will see a credit on the next statement.",ADT-00182,"[{'closest_other_cluster_name': 'serviceFeeRemoval', 'cluster': 23, 'embedding_input': 'latePayment:Late payment refers to a payment that is received after the due date, resulting in a penalty or fee.', 'prob_cluster_belonging': 1.0, 'closest_other_cluster': 31, 'distance_to_other_cluster': 0.5904, 'umap_embedding': 'ComingSoon'}]",1767379676,"Billing, Refunds & Credits"
695812dcc0cbb5cf7ac676cd,CXJ-927,contractTermination,earlyTerminationFee,paymentIssues,6.8,3.54,Low,1. Low Complexity,4,1. Low AHT,Yes,1,Volume - Potential Transformation Opportunity,noResolution,The agent informed the customer that the account will remain active until the fee is settled.,ADT-00200,"[{'closest_other_cluster_name': 'serviceFeeRemoval', 'cluster': 23, 'embedding_input': 'earlyTerminationFee:Early termination fee refers to the charge incurred when a customer cancels a service contract before its agreed-upon end date.', 'prob_cluster_belonging': 0.7269745735759109, 'closest_other_cluster': 31, 'distance_to_other_cluster': 0.5904, 'umap_embedding': 'ComingSoon'}]",1767379676,"Billing, Refunds & Credits"
695812dcc0cbb5cf7ac676ce,CXJ-927,cameraUpgrade,signalInterference,signalInterference,6.9,3.84,Low,1. Low Complexity,6,1. Low AHT,Yes,1,Volume - Potential Transformation Opportunity,bridgeShipment,Agent confirmed shipment of a new Smart Connect bridge to resolve the issue.,ADT-00071,"[{'closest_other_cluster_name': 'networkPerformance', 'cluster': 5, 'embedding_input': 'signalInterference:Signal interference refers to the disruption of wireless communication caused by external electronic devices or environmental factors.', 'prob_cluster_belonging': 1.0, 'closest_other_cluster': 22, 'distance_to_other_cluster': 0.5808, 'umap_embedding': 'ComingSoon'}]",1767379676,Network & Connectivity
695812dcc0cbb5cf7ac676cf,CXJ-927,cameraSignalIssue,aluminumSiding,signalInterference,7.0,3.84,Low,1. Low Complexity,10,2. Medium AHT,Yes,1,Volume - Potential Transformation Opportunity,noResolution,"Agent explained the issue and offered a solution, but the customer declined further assistance.",ADT-00093,"[{'closest_other_cluster_name': 'networkPerformance', 'cluster': 5, 'embedding_input': 'aluminumSiding:Aluminum siding refers to the metal covering on a house that can block Wi-Fi signals, causing connectivity issues.', 'prob_cluster_belonging': 0.6031414852560167, 'closest_other_cluster': 22, 'distance_to_other_cluster': 0.5808, 'umap_embedding': 'ComingSoon'}]",1767379676,Network & Connectivity
695812ddc0cbb5cf7ac676d0,CXJ-927,cameraReset,wifiInterference,signalInterference,,3.84,Low,1. Low Complexity,15,3. High AHT,Yes,1,Volume - Potential Transformation Opportunity,cameraReboot,The agent performed a remote reset and wake-up signal to restore the camera feed.,ADT-00111,"[{'closest_other_cluster_name': 'networkPerformance', 'cluster': 5, 'embedding_input': 'wifiInterference:Wi-Fi interference refers to the disruption of wireless signals due to overlapping frequencies from nearby devices or networks.', 'prob_cluster_belonging': 1.0, 'closest_other_cluster': 22, 'distance_to_other_cluster': 0.5808, 'umap_embedding': 'ComingSoon'}]",1767379677,Network & Connectivity
695812ddc0cbb5cf7ac676d1,CXJ-927,cameraIssue,signalInterference,signalInterference,6.9,3.84,Low,1. Low Complexity,4,1. Low AHT,Yes,1,Volume - Potential Transformation Opportunity,firmwareUpdate,The agent updated the camera's firmware to improve signal stability and performance.,ADT-00112,"[{'closest_other_cluster_name': 'networkPerformance', 'cluster': 5, 'embedding_input': 'signalInterference:Signal interference refers to the disruption of communication signals due to overlapping frequencies or electronic devices.', 'prob_cluster_belonging': 1.0, 'closest_other_cluster': 22, 'distance_to_other_cluster': 0.5808, 'umap_embedding': 'ComingSoon'}]",1767379677,Network & Connectivity
695812ddc0cbb5cf7ac676d2,CXJ-927,cameraIssue,signalStrength,signalInterference,6.9,3.84,Low,1. Low Complexity,2,1. Low AHT,Yes,1,Volume - Potential Transformation Opportunity,discountOffer,Agent offered a $20 discount on a Wi-Fi extender to improve signal strength.,ADT-00158,"[{'closest_other_cluster_name': 'networkPerformance', 'cluster': 5, 'embedding_input': 'signalStrength:Signal strength refers to the measure of the power level received by a device from a wireless network, impacting connectivity and performance.', 'prob_cluster_belonging': 0.6192863252872487, 'closest_other_cluster': 22, 'distance_to_other_cluster': 0.5808, 'umap_embedding': 'ComingSoon'}]",1767379677,Network & Connectivity
695812ddc0cbb5cf7ac676d3,CXJ-927,planUpdated,videoStorageRemoval,videoStorageManagement,6.1,1.51,Low,1. Low Complexity,15,3. High AHT,Yes,1,Volume - Potential Transformation Opportunity,serviceDowngrade,"The agent processed the downgrade of the video storage service, effective from the next billing cycle.",ADT-00089,"[{'closest_other_cluster_name': 'serviceFeeRemoval', 'cluster': 32, 'embedding_input': 'videoStorageRemoval:Video storage removal refers to the process of discontinuing cloud recording services for video footage while retaining live view capabilities.', 'prob_cluster_belonging': 1.0, 'closest_other_cluster': 31, 'distance_to_other_cluster': 0.48, 'umap_embedding': 'ComingSoon'}]",1767379677,Other
695812ddc0cbb5cf7ac676d4,CXJ-927,planDowngrade,videoStorageRemoval,videoStorageManagement,5.9,1.51,Low,1. Low Complexity,11,2. Medium AHT,Yes,1,Volume - Potential Transformation Opportunity,planUpdated,"The customer's subscription plan was downgraded to the Smart Home tier, reducing the monthly cost.",ADT-00123,"[{'closest_other_cluster_name': 'serviceFeeRemoval', 'cluster': 32, 'embedding_input': 'videoStorageRemoval:Video storage removal refers to the process of discontinuing the video recording feature from a subscription plan, resulting in cost savings.', 'prob_cluster_belonging': 1.0, 'closest_other_cluster': 31, 'distance_to_other_cluster': 0.48, 'umap_embedding': 'ComingSoon'}]",1767379677,Other
695812ddc0cbb5cf7ac676d5,CXJ-927,serviceRemoval,videoStorageRemoval,videoStorageManagement,,1.51,Low,1. Low Complexity,17,3. High AHT,Yes,1,Volume - Potential Transformation Opportunity,serviceRemoved,The agent confirmed the removal of video monitoring service from the customer's plan.,ADT-00183,"[{'closest_other_cluster_name': 'serviceFeeRemoval', 'cluster': 32, 'embedding_input': ""videoStorageRemoval:Video storage removal refers to the deactivation of video monitoring services from a customer's security plan."", 'prob_cluster_belonging': 1.0, 'closest_other_cluster': 31, 'distance_to_other_cluster': 0.48, 'umap_embedding': 'ComingSoon'}]",1767379677,Other
695812ddc0cbb5cf7ac676d6,CXJ-927,panicButtonAddition,elderlyCare,elderlyCareSupport,6.7,3.54,Low,1. Low Complexity,4,1. Low AHT,Yes,1,Volume - Potential Transformation Opportunity,buttonShipment,Agent confirmed the shipment of the panic button to the customer's address.,ADT-00098,"[{'closest_other_cluster_name': 'residentialRelocation', 'cluster': 16, 'embedding_input': 'elderlyCare:Elderly care refers to the support and services provided to older adults to ensure their safety and well-being.', 'prob_cluster_belonging': 0.0, 'closest_other_cluster': 12, 'distance_to_other_cluster': 0.6081, 'umap_embedding': 'ComingSoon'}]",1767379677,Health & Elderly Safety
695812ddc0cbb5cf7ac676d7,CXJ-927,medicalAlertSetup,elderlyCare,elderlyCareSupport,6.9,3.54,Low,1. Low Complexity,3,1. Low AHT,Yes,1,Volume - Potential Transformation Opportunity,pendantShipment,Agent confirmed shipment of medical alert pendants to the customer.,ADT-00121,"[{'closest_other_cluster_name': 'residentialRelocation', 'cluster': 16, 'embedding_input': 'elderlyCare:Elderly care refers to the support and services provided to older adults to ensure their safety, health, and well-being.', 'prob_cluster_belonging': 1.0, 'closest_other_cluster': 12, 'distance_to_other_cluster': 0.6081, 'umap_embedding': 'ComingSoon'}]",1767379677,Health & Elderly Safety
695812ddc0cbb5cf7ac676d8,CXJ-927,pendantShipment,elderlyCare,elderlyCareSupport,6.8,3.54,Low,1. Low Complexity,14,3. High AHT,Yes,1,Volume - Potential Transformation Opportunity,orderProcessed,Agent processed the order for two medical pendants to be shipped by the end of the week.,ADT-00157,"[{'closest_other_cluster_name': 'residentialRelocation', 'cluster': 16, 'embedding_input': 'elderlyCare:Elderly care refers to the support and services provided to older adults to ensure their safety, health, and well-being.', 'prob_cluster_belonging': 1.0, 'closest_other_cluster': 12, 'distance_to_other_cluster': 0.6081, 'umap_embedding': 'ComingSoon'}]",1767379677,Health & Elderly Safety
695812ddc0cbb5cf7ac676d9,CXJ-927,pendantShipment,elderlyCare,elderlyCareSupport,6.8,3.54,Low,1. Low Complexity,3,1. Low AHT,Yes,1,Volume - Potential Transformation Opportunity,orderProcessed,The agent processed the order for the medical alert pendant and confirmed shipment.,ADT-00185,"[{'closest_other_cluster_name': 'residentialRelocation', 'cluster': 16, 'embedding_input': 'elderlyCare:Elderly care refers to the support and services provided to older adults to ensure their safety, health, and well-being.', 'prob_cluster_belonging': 1.0, 'closest_other_cluster': 12, 'distance_to_other_cluster': 0.6081, 'umap_embedding': 'ComingSoon'}]",1767379677,Health & Elderly Safety
695812ddc0cbb5cf7ac676da,CXJ-927,depositRefund,depositEligibility,refundEligibility,,1.0,Low,1. Low Complexity,11,2. Medium AHT,Yes,1,Volume - Potential Transformation Opportunity,checkReissued,The agent confirmed the deposit refund and will mail a check to the customer's service address.,ADT-00133,"[{'closest_other_cluster_name': 'refundProcessing', 'cluster': 21, 'embedding_input': 'depositEligibility:Deposit eligibility refers to the criteria that determine whether a customer qualifies for a refund of their deposit.', 'prob_cluster_belonging': 1.0, 'closest_other_cluster': 20, 'distance_to_other_cluster': 0.422, 'umap_embedding': 'ComingSoon'}]",1767379677,"Billing, Refunds & Credits"
695812ddc0cbb5cf7ac676db,CXJ-927,depositRefund,refundEligibility,refundEligibility,5.8,1.0,Low,1. Low Complexity,6,1. Low AHT,Yes,1,Volume - Potential Transformation Opportunity,refundProcessed,The agent processed the refund to the customer's credit card used for auto-pay.,ADT-00177,"[{'closest_other_cluster_name': 'refundProcessing', 'cluster': 21, 'embedding_input': 'refundEligibility:Refund eligibility refers to the conditions under which a customer qualifies to receive a refund for a previously paid amount.', 'prob_cluster_belonging': 1.0, 'closest_other_cluster': 20, 'distance_to_other_cluster': 0.422, 'umap_embedding': 'ComingSoon'}]",1767379677,"Billing, Refunds & Credits"
695812ddc0cbb5cf7ac676dc,CXJ-927,depositRefund,refundEligibility,refundEligibility,5.8,1.0,Low,1. Low Complexity,2,1. Low AHT,Yes,1,Volume - Potential Transformation Opportunity,refundProcessed,The agent processed a $150 refund to the customer's credit card.,ADT-00198,"[{'closest_other_cluster_name': 'refundProcessing', 'cluster': 21, 'embedding_input': ""refundEligibility:Refund eligibility refers to the customer's qualification to receive a refund based on specific criteria, such as on-time payments or contract terms."", 'prob_cluster_belonging': 1.0, 'closest_other_cluster': 20, 'distance_to_other_cluster': 0.422, 'umap_embedding': 'ComingSoon'}]",1767379677,"Billing, Refunds & Credits"
