id,transcriptId,sub_problem_0,sub_problem_solution0,sub_problem_1,sub_problem_solution1,sub_problem_2,sub_problem_solution2,sub_problem_3,sub_problem_solution3,Filename,Transcripts,Intent,intent_detail,Cluster_L2,Cluster L1,Aht(min),Emotion,Emotion_Reasoning,Churn_Propensity,Churn_Signals,Churn_Reasoning,NPS,NPS_Reasoning,NPS_Bucket,NPS_Percent_Category,Agent_Name,Agent_ID,Ownership,Active_Listening,Empathy,Right_Probing,Script_Adherence,Escalation_Rate,Agent_Behavior_Score,Summary,BU,NPS_BKT,O1,O2,O3,O4,O5,Ownership,AL1,AL2,Active_Listening,E1,E2,E3,Empathy,RP1,RP2,RP3,Right_Probing,CR1,CR2,CR3,SE1,SE2,SE3,SE4,SE5,ESS1,ESS2,ESS3,ESS4,RL1,ACUS1,ACUS2,ACUS3,ACUS4,CI1,CI2
68d17ad59692de775c175021,TXN_20250922T163319_vzxve3rgkb,debit card team not available,call back when team is available,,,,,,,2025-07-29-11-18-05_679169192932_VOICE_a8b725f2-1ec8-4abd-819f-78a5ef170164,"Speaker1 : Thank you for calling Inspire Financial. My name is Jacqueline. In order to better assist you, may I please have your member number, which may be the same as your Social Security number, please?
Speaker2 : It's A037543853.
Speaker1 : He, may I have your full name please? It's ANNSON. What type of account are you calling in for today?
Speaker2 : My health savings account.
Speaker1 : Thank you. Will you please verify your current address?
Speaker2 : It's 41 Forest Hill Drive, Cherry Hill, new Jersey, 08003.
Speaker1 : Thank you. And also, will he please verify the last four digits of your inspired debit card?
Speaker2 : The last four digits is 3368.
Speaker1 : Thank you. And just in case we need to call you for any reason with the best phone number to call.
Speaker2 : 856. 8574220.
Speaker1 : Just to confirm that's 856-85-7422.
Speaker2 : That's correct.
Speaker1 : Thank you. And how can I help you today, Miss Pan?
Speaker2 : I was looking at a bunch of transactions on my. Health savings account and I noticed that Transactions that showed up from July 26 to present day. I believe are fraudulent because there are a bunch of transactions from Amazon. That I did not make on my own personal account.
Speaker1 : I see. So you did not do that transaction? Yeah, there is. I'm looking online right now, 12345 transactions that were not, I did not make those purchases.
Speaker2 : Because I actually never made any. Purchases with my health savings account on Amazon.
Speaker1 : I see. So can you confirm the amount please? Is that $29,
Speaker2 : Yeah, just $29. I'm sorry.
Speaker1 : Each amount
Speaker2 : Each amount. Okay, so the 1st one I see is $29.63. The next one I see is $150.60. The next one is $56.86. There is one for $114.99 and then another one for $38.39. So those are all transactions that. Online. What I'm saying is that the origination date is from July 26 to present day. The most recent one was from 27, but I did not make any of those purchases.
Speaker1 : Okay, so. I understand that this is Some sort of fraudulent activity in your account that you are not doing the transaction. So what I can do is I can call our debit card team and have your card replaced just to make sure that there won't be any other. Activities happening on your account and as well as I might transfer you over to them so that the fines will be reversed.
Speaker2 : Okay, like the that was. Yeah, because again. I've never used this card. Online. I've only used it in person because I'm looking at all my terms and I've only used it in person like at a. At an approved like retail for For health purchases only. So I don't even know how it got online.
Speaker1 : I see. Okay. And no one also got additional or extension card for your card? No one. Okay, all right, so I do need to play Shin He for about three to 5 min.
Speaker2 : Okay.
Speaker1 : Thank you so much. Down the lamp piece. Thank you for patiently waiting, Miss Ban.
Speaker2 : Yes.
Speaker1 : I do apologize, but our debit card team is not yet open. It will be open. In an hour. So is it okay if I call you back and then patch you over with our debit card team later?
Speaker2 : Yes, so you'll give me a call back.
Speaker1 : Yes.
Speaker2 : Okay, yes, that's fine. If you can as soon as possible, just. So in the meantime, do you guys. Do you guys lock the card or? So that they For now.
Speaker1 : For now. Since our debit card team is not yet open. It will still be later on.
Speaker2 : So it means it's available for people to make purchases on. I just wanted to disclose that I'm not responsible because I'm. Reporting this as soon as I saw it this morning.
Speaker1 : But The last transaction last July 27. Was still pending on hold. So that means it will. If possible, it will not go through anymore.
Speaker2 : I don't know, I don't know what that means. I didn't make the purchase. So I just want to disclose the advice that if there's any purchases that's made now, since I'm letting notify your company right away. That I'm not liable for any purchases.
Speaker1 : Yes, we'll note of that, of course. Ma'am. So once we have our debit card team open, I will immediately call you back so that we'll have This Transaction should be canceled.
Speaker2 : Yes. Yes, please, because of all of the purchases that were made since July 26. 2025 are not my purchases.
Speaker1 : Okay. I understand. So we'll give you a callback after an hour or less than an hour once our debit card team are available.
Speaker2 : Okay, thank you.
Speaker1 : Thank you for your time. Anything else aside from this that I can assist?
Speaker2 : No, but I would expect, I expect a phone call back as soon as your debit team is available.
Speaker1 : Yeah. Yes, of course. I will just call you back later. Okay, thank you. Thank you so much for your time and thank you for calling Inspire Financial. You have a great day. Goodbye for now.",report fraud,Report fraud refers to notifying unauthorized transactions on an account.,Report Fraud,Fraud & Investigation,8.766666666666667,Anger,"The customer is frustrated and upset about the fraudulent transactions on their account, and is actively reporting the issue and seeking resolution. They express concern that they are not liable for the purchases and want the transactions canceled.",,'-,,8,"The agent's proactive approach to addressing the fraudulent activity, offering to replace the debit card, and promising to reverse the transactions, demonstrated a high level of customer care and concern for the customer's well-being.",10-Aug,10-Aug,Alice Walker,1001,0.6,0.5,0.3333333333333333,1,0.7,0.35,0.5805555555555556,"A customer reported fraudulent transactions on her health savings account, and the customer service representative assured her that her card would be replaced and the transactions would be reversed.",HnB,High NPS,0,1,1,1,0,0.6,1,0,0.5,1,0,1,0.6666666666666666,1,0,1,0.6666666666666666,1,1,0,1,1,1,1,1,0,0,0,0,1,0,0,0,0,0,0
68d17ad79692de775c175022,TXN_20250922T163319_p8n5mgsozal,verification code not received,guide customer to share screen and verify email,,,,,,,2025-07-29-12-20-52_679169199153_VOICE_258a7f8b-e75b-43d1-a4af-5147aad5c62d,"Speaker2 : Okay, so sorry about that. We will need to go about this a different way. So if you don't mind holding, give me three to 5 min. I'll get the card activated for you. Okay, Thank you. Thank you. Okay, thank you so much for holding in for your patience. The card has been activated and the last four digits of the card number itself is the pen in case you need to use it. Okay.
Speaker1 : Okay.
Speaker2 : And then you also said you weren't receiving the verification code to get online.
Speaker1 : Correct.
Speaker2 : What we can do is if you don't mind sharing your screen, we can go on the website together, inspire final.com, and we can take a look.
Speaker1 : Unfortunately, I can't do that because I only have my work. So I mean, I can do it on my phone, I guess. How do I share on my phone?
Speaker2 : When you're on the website, you can share it on your phone. What will happen is when you're on the member login screen, before you click Create profile, there should be a Share my screen option towards the bottom.
Speaker1 : I created the profile. I'm trying to verify my email. And it's just not sending the code to do that.
Speaker2 : Right. That's why we got to start from the beginning because there's no credentials created yet. Yeah, I'm sorry. No, you're fine. Let me see.
Speaker0 : Okay, so let me go to my. To the website I N S E I R A S S There we go.
Speaker2 : Just let me know when you're ready. Okay.
Speaker1 : Create a profile I'm sorry, you said when I go to create profile, do what?
Speaker2 : On that screen, there should be a share my screen option at the bottom. It's in smaller print.
Speaker1 : Okay.
Speaker2 : You'll select that, you'll agree, and it'll give you a four digit code to give it to me and we can. This together I'm sorry. 6690. Now I'm not able to take control of your screen, but I can follow along with you and highlight if I need to. So go ahead and enter your information. Take out the 3143. You don't need that.
Speaker0 : Okay. And then my date of birth. And then the car 2864.
Speaker2 : Okay.
Speaker1 : Okay. Go away
Speaker0 : And then
Speaker2 : And just out of curiosity, are you having the code go to your email or your phone?
Speaker1 : I think I started with the email. Because it asked me both of them, but the 1st one was. The email
Speaker2 : Okay. We can try if you don't mind having it text to you and see if it helps in that way. That's fine.
Speaker0 : For that
Speaker2 : Okay, so far so good.
Speaker1 : Okay.
Speaker0 : And text me
Speaker2 : There you go.
Speaker1 : Okay, and you can remind yourself later there's your wonderful balance.
Speaker2 : Your June 30 is what you have. The 2026 is what you have to use that by. And then September 30 you can file claims if need be by then if you still have funds left. And that would be for anything out of pocket that you incurred, cash, personal debit, credit card, dates of service between your plan dates.
Speaker1 : Okay, so the 1st date was. July one. Yeah. July one. Okay. Yeah. Thank you. You're welcome. Was there anything else I can assist you with? No, ma'am. You have a good day. You too. Thank you for calling Inspire Financial. You take care. All right. Bye bye. Bye bye.",activate card,Activate card refers to enabling a card for use.,Activate Card,Card Services,8.958666666666666,Neutral,"The customer's tone is calm and factual throughout the conversation. They provide information and answer questions, but do not express strong emotions such as frustration, disappointment, or happiness. The customer's language is polite and cooperative, but lacks enthusiasm or excitement.",,'-,,8,"The agent was patient and helpful in resolving the issue, but there were some technical difficulties and misunderstandings that caused delays and frustration.",10-Aug,10-Aug,Alice Walker,1001,0.6,0.5,0.6666666666666666,1,0.89,0.24,0.6494444444444444,"The customer had trouble creating a profile and verifying their email, but with the representative's guidance, they were able to resolve the issue and access their account. The representative also provided information about their account balance and the deadline for filing claims.",HnB,High NPS,1,1,0,1,0,0.6,1,0,0.5,0,0,0,0,1,0,1,0.6666666666666666,1,1,0,1,0,1,1,1,0,0,0,1,1,0,0,0,0,0,0
68d17ad89692de775c175023,TXN_20250922T163320_48o911l8av2,new card not received,confirm new card shipment,multiple unauthorized charges,inform debit card team about unauthorized charges,,,,,2025-07-29-13-14-45_679169220564_VOICE_b5e2f5c5-8db0-4035-b887-43c7ea21bb50,"Speaker2 : Thank you for calling Inspire Financial. My name is Natalie. To better assist you, may I have your 1st and last name with your zip code?
Speaker4 : Heather God 329. Oh, nine.
Speaker2 : Thank you for that. And Ms. Copy, will you verify your full address please?
Speaker4 : 1954 Middlebury Drive, Southeast, Palm Bay, Florida 329 Oh nine.
Speaker2 : Thank you and may just have the last four digits of your inspired debit card.
Speaker4 : Oh, hang on, let me go get it. Sorry.
Speaker2 : You Okay.
Speaker4 : 2606, but I did have them cancel this card. Keep getting unauthorized charges.
Speaker2 : I see just one more. So When you mentioned that, have the card canceled. Did we ship out a new card?
Speaker4 : Yeah, a new card was shipped last week. This kind of just recently has been happening. Well, at least. Large transactions. I guess it had happened in January and I missed it. And they've been helping me. It looks like the charge got canceled that was trying to go through on the 23rd, but then this morning I went to check and I see one pending on the 29th for the same amount. So. I'm not sure how it keeps trying to go through anyway.
Speaker2 : Okay, I'll be happy to check on that one right now. Before that, may I also have your callback number just in case we get disconnected?
Speaker4 : Yeah, it's 321 210. 2882.
Speaker2 : 321210. Two 82 Correct. May I just know as well? Do you happen to know the start or effective date of your account? You can just give me the month and year.
Speaker4 : Yeah, well, so the 1st thing that happened was January 11 and it posted on the 13th and it was, I think, like $41 and some odd cents. Um. But this month it's been. They've really been trying, I guess. Because it's been happening on the 23rd and now it's happening on the 29th.
Speaker2 : So I can confirm right now, Miss Hobby, that. A new card has been
Speaker4 : Okay.
Speaker2 : Okay, so. Just one moment. So there was an attempt to. Use the card as well at Amazon for 641 $0.20, but it's.
Speaker4 : I'm sorry, Jimmy, to cut you off, but yeah, they keep trying to use it at Amazon for 600 4120. It happened last week. It looks like it got canceled and then it's happening. Well, it looks like it's trying to happen today. It just shows pending.
Speaker2 : Yeah, I just see it as long as copy. So just to clarify, I just see here on the card system that the latest one that they attempted was on the 24th and it is already declining because the status is already lost or a lost card and the amount was for 542. This has been reported. So.
Speaker1 : As for this 641 and $0.20.
Speaker3 : I will just A I didn't know about the 501, but yeah, I, I haven't used this card at all like. Whoever is using it is not me. I'm not planning to use it anytime soon. Hopefully so. Basically every charge is unauthorized.
Speaker1 : And especially since it's from Amazon, since that is usually where the charges.
Speaker3 : Right. Yeah.
Speaker1 : So Be doing my analyst gray. I will just be getting clarification with our debit card team for this. I will be informing them about this. Yesterday there was another attempt and This has been taken out of the balance, so I'll try my best to see what we can do about this. Is it right If you stay in line for three to 5 min?
Speaker3 : Of course.
Speaker1 : Thank you so much. For your patience and I'm sorry for it to happen. So I'll get back to you just in a while.
Speaker4 : Okay.
Speaker1 : Thank you.",report fraud,report fraud refers to notifying unauthorized transactions on an account.,Report Fraud,Fraud & Investigation,6.102666666666667,Anger,"The customer expresses frustration and annoyance throughout the conversation, particularly when discussing the unauthorized charges on their debit card. They mention that the issue has been ongoing and that they have not used the card, implying a sense of helplessness and irritation.",3. Low,"""I'm not planning to use it anytime soon"", ""Hopefully so. Basically every charge is unauthorized""","The customer expresses frustration and dissatisfaction with the unauthorized charges, but there is no clear intent to cancel the account. The customer is cooperative and willing to wait for assistance.",8,"The agent's proactive approach to investigating and resolving the issue, as well as their willingness to escalate the matter to the debit card team, contributed to the high level of satisfaction.",10-Aug,10-Aug,Alice Walker,1001,0.6,0.5,0.3333333333333333,1,0.57,0.46,0.5772222222222222,"A customer reported unauthorized charges on her debit card, and the customer service representative confirmed the latest attempted charge and assured the customer that they would resolve the issue.",HnB,High NPS,0,1,1,1,0,0.6,1,0,0.5,0,0,1,0.3333333333333333,1,0,1,0.6666666666666666,1,1,0,0,1,1,0,0,0,0,0,0,1,0,0,0,0,0,0
68d17ada9692de775c175025,TXN_20250922T163320_onhrudw3lm,email domain issue,provide correct company code,,,,,,,2025-07-29-13-27-47_679169230614_VOICE_5fe354b3-02ec-41cd-af27-2324bc8223ab,"Speaker2 : Thank you for calling participant services. My name is Nina. I'd be happy to assist you. Could you please provide your full name?
Speaker1 : Craig Michael Johnson.
Speaker2 : Okay, and how would you like for me to refer to you during this call?
Speaker1 : Craig
Speaker2 : Okay, Craig, who do you work for?
Speaker1 : The state of Minnesota. Mdot
Speaker2 : Okay. And can I have your full mailing address, please?
Speaker1 : 3816 Jackson Road, Cloquet, minnesota, 55720.
Speaker2 : Okay, and just in case we get disconnected, what's a good callback number for you? 208 390.
Speaker1 : 0538.
Speaker2 : How can I assist you today?
Speaker1 : I'm trying to set up an account so I can upload some receipts. I talked to somebody last week and I emailed them, but I got a. Email back said that domain does not exist.
Speaker2 : Okay, sure, I can help you get registered. I just need you to 1st verify your member Id number, which is usually your employee Id number.
Speaker1 : Okay, you ready? Yes. 01142. 366i think it is. Hold on. Yes, that's correct. Thank you.
Speaker2 : And then I need the last four digits of your card number and the expiration date.
Speaker1 : It's 7185. 130.
Speaker2 : Okay, thank you. So go to bri web.com.
Speaker1 : I'm on that page, I think.
Speaker2 : Okay, are you under? I'm sorry, is that participant registration? Yes. Register an account What is the 1st thing that it's asking for?
Speaker1 : Well, the company code got it. So your company code is State of Mn. The S and the M N are capital and it's all one word. So that's capital. S T A T E O F M N. It's all capital, just the state. No, only the S and state.
Speaker2 : And the M and N at the end. When they ask you for your member Id number, it's going to be your. I'm sorry, hold on a 2nd. They logged me out here.
Speaker1 : Because it
Speaker2 : Time out
Speaker1 : It expired. I was trying to log in earlier.
Speaker0 : Yes.
Speaker1 : Member Id, registration Id.
Speaker2 : So your member Id is going to be that employee Id number you just gave me, plus the last four digits of your social.
Speaker1 : Okay, that went through and then.
Speaker2 : I'm sorry.
Speaker1 : It's asking for a login Id number and password. And so I can do, I make, and I just put my employee number for login Id. So that's something you're going to create if that's what you want to put. Just make sure that it meets the requirements. I do think that they ask for a capital, a lowercase.
Speaker2 : I'm not sure, honestly.
Speaker1 : Okay. This is telling me that I don't Oh yeah, it's yeah, but how do I open any link to it? Yeah. You didn't open it up yet. I open it, it won't go there. I think I can handle it from here.
Speaker2 : Okay, is there anything else on your account that I can assist you with other than the login?
Speaker1 : No, I just got to upload some receipts and that's it.
Speaker2 : Okay, sounds good. Well, thank you for calling participant services. Craig, have a great day. You too. Thanks. Bye. Thank you. Bye bye.
Speaker1 : The",account setup,Account setup refers to creating a new user account.,Account Setup,Account Management,6.84,Neutral,"The customer's tone is calm and factual throughout the conversation. They provide necessary information and ask questions to clarify the process, but do not express any strong emotions such as frustration, disappointment, or happiness.",,'-,,8,"The agent was helpful and patient, but there were some technical issues and unclear instructions that prevented a more seamless experience.",10-Aug,10-Aug,Alice Walker,1001,0.6,0.5,0.3333333333333333,1,0.79,0.37,0.5988888888888889,"A customer, Craig, called participant services to set up an account to upload receipts. He provided his employee ID number, last four digits of his card number, and expiration date. He was guided through the registration process, including creating a login ID and password, and was assisted in resolving issues with the website.",HnB,High NPS,0,1,0,1,0,0.4,1,0,0.5,0,1,0,0.3333333333333333,1,0,1,0.6666666666666666,1,1,0,1,0,0,1,1,0,0,0,0,1,0,0,0,0,0,0
68d17adc9692de775c175026,TXN_20250922T163320_kj431umnaap,verify health insurance status,confirmed health insurance status,confirm dental insurance details,provided dental insurance details,,,,,2025-07-29-13-29-07_679169230185_VOICE_5d2eeba2-1b7a-4532-9df8-b7105643c921,"Speaker2 : Thank you for calling Inspire Financial. My name is Angela. In order to better assist you, may I have the account holder's name and zip code, please?
Speaker1 : My name is Kimberly D. Wotan. My zip code is 14867.
Speaker2 : Okay, perfect. Let me go ahead and get you pulled up here really quick. All righty, and I'll just have to have you secure the account. Can I have you confirm the rest of the address for me?
Speaker1 : It's 76 Cull Road in Newfield, new york, 14867.
Speaker2 : And then just the last four of your social.
Speaker1 : 0712.
Speaker2 : Okay, perfect. How can I help you today?
Speaker1 : So I have recently retired. I received my emeriti. Medical card that gives me the ability to pay for the insurance here. And I'm wanting to pay with that debit card. Or with that card. Yeah, debit card. Is that something that I can set up with you here?
Speaker2 : So unfortunately, we do not take any type of cards at all. So The only way that we accept payment. Yeah, the only way that we accept payment is. Linked to directly to a bank account or by check or money order.
Speaker1 : Oh. Hm.
Speaker2 : Yeah. Is it like what type for the card itself? What type of an account is it coming from? Is it like an Hsa or Fsa?
Speaker1 : I believe so. It's called Emeriti Retirement Health.
Speaker2 : Okay, so what I would do if I were you, if you can reach directly out to that company. And see if Like I know like our so our kind of. Our Funding Accounts that we have Like, so if people have like like a retiree reimbursement account or anything like that. I know how it works on our side is if they do have benefits that they're paying through us also. They can do one of two things. They can either. Pull the payments directly from the account. Like set it up on our website for it to come out of the account or they can like pay out of pocket and get reimbursed. So because that is a different company, I'm not sure what their policies would be, but I would definitely reach out to them and kind of see what the best way is since we don't accept the actual card and see if maybe you can get reimbursed or if they can just set up the payments directly with like one of their agents.
Speaker1 : Okay. So My husband and I both retired at the same time. So I just wanted to make sure that like right now we still have health insurance, correct? That is that what it's showing or are we because. It says the last postmark date is 08:30, 2025. Is that correct?
Speaker2 : So I am showing that the payment is 08:30. 2025 is the last day to post market. The account I brought up is only showing for dental just so that you do know.
Speaker1 : Oh. Okay. So what I'm seeing here is. And how much is that?
Speaker2 : 2739.
Speaker1 : Okay. Okay. All right. Yep. So medically I'm fine. It's the, this is dental. okay. Okay. All right. And is there anything different? With this versus what I've had in the past like. I don't know. Do they go ahead and Submit Does this go through Delta?
Speaker2 : Let me take a look here really quick. Yes, I am showing it's your Delta tool. Okay, so it's absolutely no different than anything that I've had before. Okay, that's good. Yeah.
Speaker1 : Okay, well now that I finally got my card, I will call them and find out what. What needs to happen. And I guess
Speaker2 : Yeah, yeah, just reach out to them and see if there's any way, you know, that you can make that payment like directly with maybe like a payment sent out to us. Or if you have to pay it out of pocket and can reimburse yourself. because that's how ours work on our side, just because we for some reason do not accept costs.
Speaker1 : Interesting. Okay. All right, well, thank you very much. I will, I will reach out and maybe look online. For that information. 1st
Speaker2 : Okay, sounds good. Was there anything else I could help you with?
Speaker1 : No, this is great. Thank you so much.
Speaker2 : Of course you have a great day.
Speaker1 : You as well. Bye bye. Thank you. Bye bye.",payment method,payment method refers to the way a customer pays for services.,Payment Method,Payments & Transactions,5.326666666666667,Neutral,"The customer's tone is calm and factual throughout the conversation. They ask questions and seek clarification, but do not express strong emotions such as anger, sadness, or frustration. The customer's language is polite and appreciative, with phrases like 'Thank you very much' and 'You have a great day'.",,'-,,4,"The agent provided a clear explanation of the payment options and suggested reaching out to the Emeriti Retirement Health company to explore alternative payment methods, but did not offer a solution to accept the debit card as requested.",7-Apr,5-Jan,Alice Walker,1001,0.4,0.5,0.3333333333333333,0.6666666666666666,0.58,0.13,0.435,"The conversation is between a customer, Kimberly, and a representative, Angela, from Inspire Financial. Kimberly is trying to set up a payment method for her dental insurance, but Angela informs her that Inspire Financial does not accept debit cards, including the Emeriti Retirement Health card.",HnB,Medium NPS,0,1,1,1,0,0.6,1,0,0.5,0,0,1,0.3333333333333333,1,1,1,1,1,1,0,1,0,1,0,0,0,0,0,0,1,0,0,0,0,0,0
68d17add9692de775c175027,TXN_20250922T163320_luld45q9nqb,card not active,reactivate card,system glitch,fix system glitch,,,,,2025-07-29-13-49-24_679169245845_VOICE_04ae147c-f807-4f36-ab55-0c41ba50f5bb,"Speaker1 : Good morning. Thank you for calling Inspire Financial. My name is Cindy. Can I please have the account holder's 1st and last name?
Speaker2 : Tomas Hernandez.
Speaker1 : Thank you, Mr.. Hernandez. And can I get you to verify the last four of your social?
Speaker2 : 028. Thank you. And if you can verify your address, please. 2901 Pioneer Way Round Rock, Texas 7866. Thank you. And to secure the account, can you verify the last four numbers on your Tech Flex debit card? Not right now because my wife has it. Gotcha. And if I could get a good call back phone number please. Five and twelve 04:15 7593. Thank you. How can I help you today? Well, we've been trying to make some purchases for. Approved items On Amazon and every time we place an item on our list that gets declined.
Speaker1 : Okay, I have to secure the account if you don't have the card. Can you tell me what your payroll contribution is? The most recent one? And The date, the amount, and the date of your most recent payroll contribution or the most recent transaction.
Speaker2 : Okay, like I mentioned. The most recent transactions have been canceled from Amazon. I may be able to. I'm going to give you the card here. Let me see, I think I have it. Added on Amazon. My contributions are every month, every 1st of the month. When I get paid, my contributions are. I guess the minimum amount, whatever that is, I don't know.
Speaker1 : I'm not sure what the minimum is. Do you have the dollar amount of your contribution? $1.
Speaker2 : I changed it to $1.
Speaker1 : I don't see Gotcha. I don't see that amount.
Speaker2 : I actually changed it for this new coming year to not. Contribute at all because I can never use this and I always lose the money.
Speaker1 : Gotcha. Are you able to see the last four of the card? Because that's not the contribution amount that I see for this plan year.
Speaker2 : Yeah, okay. I'm gonna Your account Your payments Freedom F. S. 465.
Speaker1 : Thank you so much. Okay, so I mean, if you're trying to purchase things, your card is on, so your card is not.
Speaker2 : No, I understand that. But Amazon has Items that we need and they're listed at this Fsa, Fha approved. And When we go And put him on the card. You decline them.
Speaker1 : Well, it doesn't mean that we decline them. It means that just because Amazon says that they're Fsa eligible, their system could be saying that it's not Fsa eligible. Let me take a look and see if I can see any declines. Yeah, it's coming from their system.
Speaker0 : Okay, let's see here. That's your card. And
Speaker1 : Your card is not active, that's why it's not approving it. Did you just get a new card sent to you? Let's see here. 465.
Speaker2 : I activated the card that was sent to me, the one I just read you, the last four digits that I read to you.
Speaker3 : It shows that it's not active.
Speaker1 : In our system, it actually shows
Speaker2 : I called the number on the card and I activated it. Gotcha.
Speaker3 : I apologize. Evidently it did not go through. I'm going to put you on hold because our system does show that it's not active and it looks like all the declines are that same reason. So let me put you on a brief hold and call over to the debit card and. Let them take a look at it. I'll be right back with you.
Speaker1 : Mr. Hernandez, thank you so much for holding. Okay, so yes. You did activate your card because I see transactions in June and July where you've just recently used your card, but. They were explaining to me over in our debit card department is they've been. Experiencing an issue where some cards are getting switched back to non active. It's a glitch. They're working on that glitch. and evidently yours was one of those cards that it did that. So now your card is active while we're on the phone. If you want to try to go ahead and use it on Amazon, you go right ahead and I can let you know because it does show that the card is active now.
Speaker4 : Well, that's very inconvenient. and you should at least send an email, just like you send me emails about all the other transactions. You should let your customers know that you're having a glitch. Okay? This is very inconvenient, but thank you. Thank you for looking into it. We'll go and Order what we need from Amazon and call back if we have any issues. Okay, thank you all. You have a good day. Thank you for contact flex. Bye bye. All right, thank you.",activate card,Activate card refers to enabling a debit or credit card for use.,Activate Card,Card Services,11.67866666666667,Anger,"The customer expresses frustration and annoyance throughout the conversation, particularly when discussing the inconvenience caused by the glitch that made their card inactive. They also mention that they should have been notified about the issue, which adds to their sense of frustration.",2. Medium,"""This is very inconvenient""","The customer expresses frustration and dissatisfaction with the service, but does not explicitly state an intent to cancel. However, the tone suggests a negative experience that may lead to churn.",8,"The agent's prompt resolution of the issue and proactive communication regarding the glitch affecting the card's status were appreciated, although the inconvenience caused by the glitch was a significant concern.",10-Aug,10-Aug,Alice Walker,1001,0.4,0.5,0.3333333333333333,0.6666666666666666,0.86,0.38,0.5233333333333333,"Customer experiences issues with debit card being declined on Amazon due to glitch, customer service representative works to resolve issue and informs customer of card being active.",HnB,High NPS,0,1,1,1,0,0.6,1,0,0.5,0,0,1,0.3333333333333333,1,0,1,0.6666666666666666,1,1,0,0,1,1,0,0,0,0,0,0,1,0,0,0,0,0,0
68d17ade9692de775c175028,TXN_20250922T163320_p3z641vf9v,address change,submit request to update address,link bank account,verify banking information,,,,,2025-07-29-13-55-21_679169250526_VOICE_c64d762f-e743-46d6-a3dd-87a7cfef54ec,"Speaker0 : But
Speaker3 : Thank you for calling Inspire Financial. My name is Jasmine. May I have your member number, which could also be your Social Security number, please? Hi Jasmine. My name is Richard Downs. The Social Security is 430 450-53-0566. Thank you. One moment, sir. Alright, and which account are you calling on today?
Speaker1 : Calling for an Hsa account.
Speaker3 : Thank you, Mr.. Downs. and can you verify your current? Mailing address we have for you.
Speaker1 : That's Why I'm calling. I think you have 880 South Coit Road, apartment 205. In Prosper, Texas, 75078. But I've Moved and I want to I want to close the Hsa, but before I can close it, I need to change the address.
Speaker3 : Understood. And can you I can help you with that today. Can you verify the last four digits of your Inspire debit card? 1st.
Speaker1 : And that's why I have, yes, it is 2292.
Speaker3 : Thank you and a good callback number just in case we get disconnected. Sure, 214263.
Speaker1 : 90 165.
Speaker3 : All right, sir, and I can definitely. Now do you have access to log on to see if you're able to just edit it real quick online? Because if I. Do it on my end, I do have to submit a request to the account manager, which takes three to five business days to update.
Speaker1 : I am online. I've just gone through. The process of setting up an account Profile On the inspirational Dot com website. On the my profile. I can edit some things, but I can't edit my address.
Speaker3 : Got it. Okay, so it's going to force us to do it that way. Now, do you have a bank account already linked or because it's your 1st time logging in, you haven't got a chance to do that. Okay, correct. I can. I yes.
Speaker1 : If you think that would help.
Speaker3 : Yes, sir. Now it does take about three business days to verify your banking information. And then I would close the account from there. That would give us time to update your mailing address and then as well as your. An account will be verified and then we can select that the funds be directly deposited into that account, opposed to us mailing it to you. Is that okay?
Speaker1 : That's perfect, you bet.
Speaker3 : Okay, now what new mailing address so we can open up that case so we can get that taken care of.
Speaker1 : Okay. And I do, I do see it on the address page. I have a residential address which I read to you and then a mailing address. Well, it's it's listed as the address of Unisys Corporation, which is my old company, but the address under that is my current mailing address. I don't know if you see that, but it'd be easy to just copy and paste it if you do.
Speaker3 : Yeah. It's so weird because I don't see that. Let me look Some
Speaker1 : It was confusing at 1st and I thought we'd be okay, but then when I went to close it, it was going to mail it to the Co road address it's on. 865 idyllic place if you see it. If not, I can read that to you more slowly and we can just do it.
Speaker3 : Yes sir, just provide it to me please, because for some reason I don't even see it on my end. But I'll get that taken care of.
Speaker1 : Thank you. All right, it is 8615. And then it's idyll place I D Y L L I C. I hate that name. ST. it's like idyllic, you know, Can it just be? Yeah, it is, right. Apple Street or something, you know.
Speaker3 : Right. And then.
Speaker1 : It's in Mckinney, Texas. 75071.
Speaker2 : Okay, 1 s. Alright, so I'm just going to place you on a brief hold. We'll go ahead and get this address updated on the back end. Of course, you make sure you add your banking information. And then I would just give it about three business days. To call us back, we can close the account and then of course by then the address should be updated. Okay. Sounds good. One moment and I'll provide your welcome case number. Okay. Okay. Alright, thanks. All right, Mr. Downs, thank you so much for your patience. I do have your case number. For you whenever you're ready to take down. Perfect. I'm ready. It is 064. 612. Four, two.
Speaker3 : And again, it takes about three to five business days to update that address.
Speaker2 : Of course up to three business days to add your banking information and then once it's added, you can give us a call. Of course there will be a $25 closure fee, so the amount that will be. Directly deposited into your account would be $871.41. Okay. Sounds right. Yes, ma'am. Right. That's it. You enjoy your morning? Bye bye. Bye.",close account,Close account refers to the termination of a financial account.,Close Account,Account Management,9.649333333333335,Neutral,"The customer's tone is calm and factual throughout the conversation. They provide necessary information, ask questions, and express frustration only when they are unable to edit their address online. The customer's language is clear and concise, indicating a neutral emotional state.",,'-,,8,"The agent was patient and helpful in resolving the issue, but there were some technical difficulties and confusion about the address update process.",10-Aug,10-Aug,Rose Cooper,1000,0.6,0.5,0.6666666666666666,0.6666666666666666,0.83,0.24,0.5838888888888888,"Richard Downs closes his HSA account and updates his mailing address with Inspire Financial, with a $25 closure fee and a remaining balance of $871.41.",HnB,High NPS,0,1,1,1,0,0.6,1,0,0.5,0,0,1,0.3333333333333333,1,0,1,0.6666666666666666,1,1,0,0,1,1,0,0,0,0,0,0,1,0,0,0,0,0,0
68d17adf9692de775c175029,TXN_20250922T163320_n3ihcvcsz9d,document processing delay,reactivate card despite processing delay,,,,,,,2025-07-29-14-11-59_679169267492_VOICE_d84af408-2cda-4795-99f1-28b30f3fcea2,"Speaker2 : What time is the red suki?
Speaker1 : Thank you for calling financial. My name is Cda in order to secure your account. The account holders 1st and last name.
Speaker2 : Hello, my name is Hui Chin Rogers. I C H E N R O G E R S.
Speaker1 : Thank you, Miss Rogers. And are you the account holder? Yes. Thank you. One moment please. And that's H O U C H E N. Rogers, R O G E R S.
Speaker2 : You got the last name, correct? The 1st name is H U I. C H U R, sorry.
Speaker1 : Thank you. 1 s.
Speaker2 : Okay, thank you.
Speaker1 : You're welcome. Okay, I found you. Sorry about that. And Miss Rogers, may I please get the last four of your social? Thank you. Give me one moment. Give me one more moment. Sorry, may I please get your complete address?
Speaker2 : 11329 Long Winter Drive, Austin, texas, 78754.
Speaker1 : Thank you. And may I get the best call back number?
Speaker2 : A5124000089.
Speaker1 : Thanks, that's 52400089.
Speaker2 : That's correct.
Speaker1 : Thank you. May I please get the last four digits of your inspired financial debit card? It could say pay flex. It's your text flex.
Speaker2 : 6051.
Speaker1 : Thank you. And then how may I help you please?
Speaker2 : So I am calling to see if you can reactivate my card. It still says that the card is. Suspended
Speaker1 : Yes, ma'am, and I do show that there is an amount of $109. That's from the 2324 plan year. I won't be able to To activate your card, but I can look at the account. And tell you what we need be.
Speaker2 : Sure, but I've already sent in the documentation.
Speaker1 : When did you send the documents in? I sent it yesterday. Okay, processing time frame is up to five business days.
Speaker2 : Okay, but I received a text, I believe, saying that the document has been received.
Speaker1 : Okay, and the processing time frame is up to five business days. Let me give me just 1 s. May I place you on a three to five minute hold? I might be able to do that. Give me just a moment. But I do need to research the account please. if you don't. Okay, thank. I really appreciate that. Of course you're welcome. Please hold Miss Rogers. I'll be right back.
Speaker0 : Thanks, Ms. Rogers for patiently waiting. ma'am. I appreciate you. So yes, you were correct that we did receive the document yesterday. Processing time frame is up to five business days, but I can see.
Speaker1 : Where that is going to take care of that amount. So I did go ahead and reactivate your card for you. It's ready for use, ma'am.
Speaker2 : Okay, all right, thank you so much. Yeah, I'm about to go to the Dr., today, so I really appreciate you doing that for me.
Speaker1 : Yes ma'am, my pleasure. Could I help you with anything else while you got me?
Speaker2 : No, that's all for now. Thank you.
Speaker1 : Of course, my pleasure. Well, you know what? Let me give you this, let me give you this balance real quick. You actually, because it's almost plan year end. You have $1173.81. You have Until August 31. Of this year to spend that money. You have until December 31 of this year to file claims. And And Anything Up to $640 will carry over to next year.
Speaker2 : Oh, okay. Like it would just carry over to the next ten years if I don't spend it. Yes, that is correct.
Speaker1 : Yes, ma'am.
Speaker2 : Okay. Well, thank you so much.
Speaker1 : My pleasure. Thank you for calling Inspire Financial. Tex Flex, I hope you have a great rest of your day.
Speaker2 : You too as well.
Speaker1 : Thank you. Uh huh. Bye bye.",reactivate card,Reactivate card refers to restoring the functionality of a suspended card.,Reactivate Card,Card Services,10.16533333333333,Neutral,"The customer's tone is calm and factual throughout the conversation. They provide necessary information and ask questions to clarify the situation. Although they express frustration and disappointment at times, their language remains neutral and polite.",,'-,,8,The agent was able to reactivate the customer's card and provided clear information about the account balance and plan year end.,10-Aug,10-Aug,Rose Cooper,1000,0.6,0.5,0.6666666666666666,0.6666666666666666,0.57,0.5,0.5838888888888888,"A customer, Hui Chin Rogers, calls Inspire Financial to reactivate her suspended debit card. The customer had previously sent in the necessary documentation, but the card remained suspended due to an outstanding balance of $109 from the 2024 plan year. The customer service representative, Cda, confirms that the documentation was received and that the processing time frame is up to five business days. After researching the account, Cda is able to reactivate the customer's card and provides her with the current balance of $1173.81, which will carry over to the next year if not spent by December 31.",HnB,High NPS,0,1,0,1,0,0.4,1,0,0.5,0,1,0,0.3333333333333333,1,0,1,0.6666666666666666,1,1,0,1,0,0,1,1,0,0,0,0,1,0,0,0,0,0,0
68d17ae19692de775c17502b,TXN_20250922T163320_alj6vpw49ei,account frozen,explain account frozen issue,no funds left,explain zero balance,,,,,2025-07-29-14-12-14_679169268900_VOICE_770aa53b-8ba7-4a98-ac93-f5837bd4ab09,"Speaker2 : Thank you for calling Inspire Financial. My name is Sarah. To better assist you today, could I ask you to verify the account holder's 1st and last name as well as their zip code?
Speaker1 : 1st name is Last name is 08822.
Speaker2 : Okay, thank you. And are you the primary account holder that's listed on the account? Yes. Thank you so much. And to secure your account with me today. Can you verify your full mailing address, including your city and state? You can leave the zip code off if you'd like since you provided that.
Speaker1 : 18, Flemington, New Jersey.
Speaker0 : Okay, thank you. And can you verify the last four digits of your social?
Speaker1 : 348.
Speaker0 : Okay, thank you so much. And as my final question for securing the account, will you also be able to provide me the last four digits of your Inspire Financial or Pay Flex debit card number 7483?
Speaker2 : Okay, thank you. Would you like to leave a good callback number that I could reach you on if you and I were to become disconnected?
Speaker1 : 908-303-1187.
Speaker0 : Okay, thank you. I'm just reading that back for confirmation of accuracy on my end. I have that as 908 303 1187.
Speaker1 : Correct.
Speaker2 : Okay, thank you. And how can I assist today?
Speaker1 : So I have this issue, what's going on and it just resolved with you guys, but I have a bill from my doctor's office. The date of services What was it? Eleven 05:20 24. Can I pay with my inspired card?
Speaker2 : Let me check out your account really quick and. Can, I can definitely advise if you would be able to or if you wouldn't be able to. do you mind if I place you on a brief maybe one to two minute hole just to take a look around the account? Okay, thank you so much. I'll be right back with you.
Speaker0 : Hi M Kaia, thank you so much for waiting through that hold with me. So unfortunately, after looking at your account, it would not, a 2024 date of service would not be eligible to pay with the account.
Speaker2 : Due to the plan years. So with the Irs guidelines, one of the guidelines that they have stated is that each year's funds can only be used to pay for dates of service that occurred within that plan year. And The run out time frame for the 2024 account was May 31 of 2025 to file any claims or anything like that to be reimbursed. So unfortunately, you wouldn't be able to use the 2025 funds to pay for the 2024 date of service. But you also would not be able to request reimbursement from the 2024 plan year.
Speaker1 : So the problem is that I would have paid this, but you guys have frozen my account. That was the main reason I could not pay my bills. To just give you an F. This has been an ongoing issue from since January. I got a letter that because something messed up on your side and I could not use my Fsa card.
Speaker2 : So looking at the transactions for the 2024 plan year, it looks like the account was zeroed out on October 30 with a $2.89 transaction. So the 2024 plan year had been completely depleted of funds on October 30 of 2024.
Speaker1 : So you're saying there was no any money left?
Speaker2 : Right, Yes, ma'am, for the date of service of November 5 of 2024.
Speaker1 : Okay, so that means that I could have paid this like long time ago instead of going for the collection, which was not necessary. Okay, I thought like I could have paid. I don't know why I'm not getting any paperwork in the mail saying that how much Bal I have and how much I.
Speaker2 : If you'd like to So I am seeing Mrs. Kodak that you are enrolled like you do have an online profile set up if you'd like to today I could assist you with getting back into that account so that way you are able to review your balance and in transactions and things like that when you when you need
Speaker1 : Yeah, I'm at work right now. I can't do that from work. I have to be at home, go to my lab, my computer. So I'll call once I'm at home on weekend or something like that.
Speaker2 : Okay, yes ma'am. And our operating hours, Monday through Friday, we're open from eight 08:00 a.m., Eastern Standard Time, to 08:00 p.m., Eastern Standard Time. But on Saturdays, we are also open from 10:00 a.m., Eastern Standard Time, to 03:00 p.m., Eastern Standard Time. That's perfect. Okay, no problem. Thank you for your help. Oh, no problem at all. Was there anything else that I could do to assist you today while I had you here on the phone with me?
Speaker1 : No, I think I'm good. I just have to pay my bills now. That's it. Okay.
Speaker2 : Right. Well, I hope you have a wonderful rest of your day and I hope you have a great rest of your week as well. You too. Thank you. Bye. Bye. Thank you. Bye.",pay bill,Pay bill refers to the act of settling an outstanding payment.,Payment Method,Payments & Transactions,6.335999999999999,Anger,"The customer expresses frustration and annoyance throughout the conversation, particularly when discussing the issue with their account and the inability to pay their bills. They use phrases such as 'So the problem is that I would have paid this, but you guys have frozen my account' and 'I don't know why I'm not getting any paperwork in the mail saying that how much Bal I have and how much I', which convey a sense of anger and disappointment.",,'-,,2,"The agent failed to provide clear and timely communication regarding the account's balance and eligibility to pay bills, leading to unnecessary collection and inconvenience to the customer.",3-Jan,5-Jan,Rose Cooper,1000,0.6,0.5,0,0.6666666666666666,0.86,0.2,0.4711111111111111,"The customer had an issue with their Inspire Financial account, specifically with paying a bill from their doctor's office using their FSA card. The customer was informed that the 2024 plan year had been depleted of funds on October 30, 2024, and therefore, they could not use the 2025 funds to pay for the 2024 date of service. The customer was also offered assistance in accessing their online account to review their balance and transactions.",HnB,Low NPS,0,1,1,1,0,0.6,1,0,0.5,0,0,1,0.3333333333333333,1,0,1,0.6666666666666666,1,1,0,0,1,1,0,0,0,0,0,0,1,0,0,0,0,0,0
68d17ae29692de775c17502c,TXN_20250922T163320_qyi8069kabp,overpayment issue,reactivate card after verifying refund,refund not applied,correct overpayment issue,,,,,2025-07-29-14-17-44_679169268668_VOICE_2e72dcef-89b4-47fb-b1f3-38d697cdfe34,"Speaker2 : Financial. My name is Josh and to best assist you, could you provide me with the account holder's 1st and last name?
Speaker0 : Hi Josh, this is no with inspired as well. I have Miss Laurie Taft on the line.
Speaker2 : Is that Lori with an I or a Y?
Speaker1 : Laurie L A U R I E. Taft is T for Tango, A F for Foxtrot, T for Tango.
Speaker2 : Wonderful And then that zip code, please.
Speaker1 : Zip code is 30528.
Speaker2 : Cool. This might take just a moment while the system catches up.
Speaker1 : Thank you.
Speaker2 : Okay, it's coming up. Right. And then what are we doing for this member today?
Speaker0 : All right, so, so the account was fully verified.
Speaker1 : Her card was declined. The access indicator shows why for one of the. I guess The balance summary under Pfizer. But Under one of the other. and I don't know why there's two of them here. It doesn't really make sense to me, but one of them shows no and one of them shows yes. So only $158.86 went through, and I believe it's because that's how much was available in this current purse. But. She should have that full 220 06:58 available, but I don't know why the access indicator shows no. If you can help me figure this out, I'm not sure I understand.
Speaker2 : Yeah. I did see that there were multiple plan years within 2025, so they might have perhaps went on medical leave and came back, or maybe they left the company, came back, or something like that. But that might be why we see too. Let me take a look here though.
Speaker1 : Thank you.
Speaker2 : Oh yes. Okay, so it looks like there's an overpayment, so that should explain it. Let me see if I can find when that Rl went out though. Oh, they tried substantiating it and then it shove it into op. Okay, all right, so they have an overpayment. That's what causing it to be currently inactive.
Speaker1 : But she was too. okay, because I'm sorry.
Speaker2 : Yeah, I'm sorry, Josh, I'm not trying to interrupt. No, no, you're all good. I mean, with the overpayment. It should have declined both unless they were separate accounts. But I do believe that they were separate accounts. That's probably why one went through. it wasn't attached to the other account with the op. So that's probably why the 1st payment snuck through is that they had separated the accounts and then put them on the same card for whatever reason. And then one was an Op and the other wasn't. So that should explain why the 1st portion went through. but with it being in overpayment, we can't of course. Well, Let's check to see if they had a hardship maybe. Yeah, I don't think she's used her hardship this year so she could always submit for that. Most definitely it is under the $500, but yeah, it's declining because of the overpayments. Weird circumstances allowed the other one to go through though.
Speaker1 : So what I'm trying to say to you is that the overpayment should not be in place, and I'm working on it right now, but I submitted. A case earlier But she processed a refund back in June and that should have been applied towards the overpayment. and it looks like it never was. so I'm working on that. So she. Technically shouldn't have to ask for a hardship technically speaking, like the overpayment should be cleared by now. I'm just working on getting that cleared. Is there are anything I can do to avoid having to request a hardship that's not, you know, necessary in the 1st place or. Like, what should I do?
Speaker2 : Yes. I'm glad you mentioned the refund. Yeah, I see that listed in the system. Yeah, how bizarre. Okay, Yeah, since they refunded it, I'll turn it back on. Just one moment. Thank you.
Speaker1 : Thank you so much.
Speaker2 : Yeah, totally. But yeah, I'm sure you already have, but you know, if you haven't just, you know, send something off so someone can correct the op. Because that shouldn't be there any longer. Most definitely. How bizarre.
Speaker1 : Right. Sorry, I'm not trying to rush you at all. Is it going to take you a few more minutes? Should I go ahead and check on her?
Speaker2 : It should be a short Time It just my system's really. It's it's No, no, no, it's nothing either of us can do. You know, it's someone else's computer.
Speaker1 : Yeah.
Speaker2 : But hey, maybe they get us better equipment. These things work faster. Who knows? But aside from that, the card has been reactivated and they're all set to start using it.
Speaker1 : You're my hero, Josh. Thank you so much.
Speaker2 : Oh yeah, you have a great day.
Speaker1 : You too. Thank you. Bye bye. Bye bye.",reactivate card,Reactivate card refers to re-enabling a previously inactive card.,Reactivate Card,Card Services,7.069333333333333,Neutral,"The customer's tone is calm and factual throughout the conversation, with a focus on explaining the issue and seeking resolution. They use phrases like 'I'm not sure I understand' and 'I'm working on it right now,' which convey a sense of clarity and determination rather than strong emotions.",,'-,,9,"The agent was very helpful in resolving the issue with the overpayment and reactivating the card, providing clear explanations and solutions, which greatly improved the customer's satisfaction.",10-Aug,10-Aug,Rose Cooper,1000,0.6,0.5,0.3333333333333333,0.6666666666666666,0.69,0.29,0.5133333333333333,"The conversation is between Josh and a specialist regarding a customer's account issue. The customer, Miss Laurie Taft, had her card declined due to an overpayment, but one of the payments went through. The specialist investigates and finds that there were multiple plan years within 2025, which might have caused the issue. They also discover that the customer had an overpayment, which is causing the card to be currently inactive. The specialist suggests that the customer might be able to submit for a hardship, but Josh is working on clearing the overpayment. The specialist reactivates the card and informs Josh that the customer is all set to start using it.",HnB,High NPS,1,1,0,1,0,0.6,1,1,1,0,1,1,0.6666666666666666,1,0,1,0.6666666666666666,1,1,0,1,1,1,1,1,0,0,0,0,0,0,0,0,0,0,0
68d17ae69692de775c17502f,TXN_20250922T163320_jrnqlsbbl4,document not reviewed within expected time,create case to expedite review,,,,,,,2025-07-29-14-32-47_679169288269_VOICE_92abfc6b-0e08-461e-80cb-09bbde2935a5,"Speaker2 : Hello, thank you for calling Inspire. Financial name is Jessica. To better assist, I please have your 1st and last name is please.
Speaker1 : Robert ST. And I'm sorry, what else did you need?
Speaker2 : So may I have your zip code please?
Speaker1 : Four, four, oh, eight nine.
Speaker2 : Thank you so much. And is there, okay, can I call you by your 1st name?
Speaker1 : Yes, that's fine.
Speaker2 : Thank you, Robert. And to secure your account here, may I have your mailing address please?
Speaker1 : 05:13 Sassafras Drive, Vermilion, Ohio. Four four, oh eight nine.
Speaker2 : Thank you. I had the last four digits of your inspired a debit card.
Speaker1 : That is downstairs. Hold on a 2nd
Speaker2 : Take your time.
Speaker1 : 856. Oh.
Speaker2 : So thank you so much Robert for fully authenticate your account here and in case we need to follow up the deal for any reason, never have the best.
Speaker1 : 440796. 9935.
Speaker2 : SE confirm 440-79-6993 05:00 a.m., I correct.
Speaker1 : Yes.
Speaker2 : Thank you. And how may I help you today?
Speaker1 : Yeah, I've got this amount on my Fsa and I thought that I've submitted everything. The 1st time I did it, I know I sent the wrong paperwork, but I'm looking at what I should have sent and it says it's the explanation of benefits. And I believe that's what you need.
Speaker2 : Okay, totally understand the one Robert and I'll be more happy to assist you here regarding with the type of the urine. So I will check your account information here. One moment. So as per checking here, it shows that there is a amount in questions your account for the total amount of check here $937. And you see here that you submitted a document. So for me to review all the documents that you submitted is your key to places hold within three to 5 min.
Speaker1 : Oh yeah, that's fine.
Speaker2 : Thank you. Hello Robert. Thank you so much for patiently waiting on the line. And so for the hole. So as spectra in the account here is submitted explanation of benefits, it was dated. July 18. And as for checking here, it's not yet reviewed by our backend team. So what we're going to do here right now, since the review process, it was already. Passed because the process is between three to five business days and and until now it's not yet a review so i will need to create a case to follow up this over back and that they need to review this Eob that is submitted on us so that this amount and questions will be cleared and your card will be reactivated this so i'll just need more time here to create a case Is it possible if my
Speaker1 : Sure.
Speaker3 : Thank you so much. Hello Robert. Thank you so much for patiently waiting on the line. So for the long haul. So I have successfully created a case for this. They have a paper and pad with you. I will provide you the case number for your reference.
Speaker1 : Okay.
Speaker3 : So that would be A06.
Speaker4 : Four, six.
Speaker3 : 2394 again the case number that would be 06462394. So allow within ratify business days for the review process of our backend team.
Speaker1 : Okay. And you can see that the paperwork I submitted, right.
Speaker4 : Yes, correct. So we already received the paperwork. That is a method that was. Explanation of benefits, but it was not yet Reviewed by our back end team and then even After three to five business days to see the updates on the account. Okay.
Speaker1 : Okay, thank you.
Speaker4 : You're welcome and have you answered all of your questions today?
Speaker1 : Yes.
Speaker4 : Thank you, Robert. We appreciate your business and thank you so much for calling Inspire Financial. Have a great day ahead and bye for now.
Speaker1 : All right, bye.",document review,Document review refers to the process of examining submitted paperwork for accuracy.,Document Review,Document Handling,10.876,Neutral,"The customer's tone is calm and factual throughout the conversation. They provide necessary information and ask questions to clarify the situation. Although they express frustration and disappointment at one point, their overall tone remains neutral.",,'-,,8,"The agent was patient and helpful in resolving the issue, creating a case to follow up on the review process, and providing a clear explanation of the next steps.",10-Aug,10-Aug,Rose Cooper,1000,0.6,0.5,0.6666666666666666,0.6666666666666666,0.71,0.27,0.5688888888888889,"A customer, Robert, calls Inspire Financial to resolve an issue with his account. He provides his personal and account information to the agent, who checks his account and finds an amount in question due to a missing explanation of benefits document. The agent creates a case to follow up on the review process, which may take up to five business days. The customer is provided with a case number (06462394) and is assured that the paperwork he submitted has been received.",HnB,High NPS,0,1,1,1,0,0.6,1,0,0.5,1,0,1,0.6666666666666666,1,0,1,0.6666666666666666,1,1,0,1,1,1,1,1,0,0,0,0,1,0,0,0,0,0,0
68d17ae89692de775c175031,TXN_20250922T163320_bujci3610hu,account balance,provide account balance,reimbursement process,explain reimbursement process,,,,,2025-07-29-14-39-16_679169291882_VOICE_e35fe645-6279-4c02-a6b6-de31318c2436,"Speaker1 : Hello, thank you for calling Inspire Financial. My name is Deandre. Can I have you verify your full address for Miss Debbie?
Speaker2 : It's four, oh, seven benue. Columbus, ohio, 43213.
Speaker1 : Thank you. And can I have you verify the last four digits of your social security number and the last four digits of your debit card number?
Speaker2 : 5241 is the last of my social security number, the debit card number I have. Quite a number of them here and I don't know which one is active.
Speaker1 : Okay, so. Are you able to confirm The last four digits of the card numbers and I can go ahead 2500.
Speaker2 : Okay, so it looks like they all end. Is 250 there?
Speaker1 : Yes, ma'am. Do you have dependents on your account?
Speaker2 : Edward Austin and Daniela
Speaker1 : Okay, so that is the correct debit card. Can I have a good callback number just in case of the line disconnect?
Speaker2 : 614556 3000.
Speaker1 : Okay, so yes, that is the correct debit card. Most likely you receive debit cards for the dependents. Including yourself. So That debit card is active, your account is active. You are able to use the debit card to pay for. Medical expenses. So you do have an Fsa account as well as an Mra account. So you're able to use your Fsa to pay for medical expenses, dental vision. Prescription drugs, over the counter items, and then your Mra account only covers for. Medical services, prescription drugs and deductibles. But you do, you are able to use the debit card for those expenses and services.
Speaker2 : Okay. So it's now active. Okay, because at a point in time it was suspended. That's why I wanted to know the status of it.
Speaker1 : Let me just double check that for you. One moment here. Just to make sure Which I do believe it is active. just making sure. Yes ma'am. So it's active. You are good to go.
Speaker2 : Okay. All right then, thank you.
Speaker1 : You're welcome. And is there any other questions or concerns you may have?
Speaker2 : How much do I have on it, please? I thought it was.
Speaker1 : Yes, ma'am. It's still the same thing. So it's a health care Fsa account. So your Mra account, you have available $400 and then your health care spending account is $1101.07.
Speaker2 : Okay. All right, thank you.
Speaker1 : You're welcome. And is there any other questions or concerns you may have?
Speaker2 : Just one last question. If I paid a dental My dental appointment if I paid for it out of pocket. Is there any way I can claim those funds back on now.
Speaker1 : Yes, ma'am. So if you pay for services out of pocket, you would just have to file a claim for reimbursement. You can file a claim from. File a claim for reimbursement through your online account. Or you can send the information in to us by mail. But you do have to download and fill out the reimbursement claim form, which would be through your online account under your documents and forms. And then you will click on file a claim. Once you downloaded and filled out that form, you'll click on file a claim to file the expense for reimbursement and make sure you upload your receipts and your claim form. Once we do get it, it'll take us five business days to review and then once we approve the reimbursement, we'll either send out a check by mail or send it to your online bank account if you have your bank account added.
Speaker2 : Okay. And the website is this page flags.com.
Speaker1 : It's inspired financial.com.
Speaker2 : Ins financial Okay. All right, thank you so much.
Speaker1 : You're welcome. And is there anything else I can assist you? Assist you with today. I'm sorry.
Speaker2 : No, that would be all. Thank you. Have a good day. You're welcome. You as well. Thank you for calling Inspire Financial. Bye bye. Bye bye.",reactivate card,Reactivate card refers to making a previously suspended card active again.,Reactivate Card,Card Services,5.270666666666667,Neutral,"The customer's tone is calm and factual throughout the conversation. They ask questions and seek clarification, but do not express strong emotions such as frustration, disappointment, or anxiety. The customer's language is direct and to the point, indicating a neutral emotional state.",,'-,,8,"The agent was very helpful and knowledgeable about the account, providing clear explanations and resolving the issue of the suspended debit card in a timely manner.",10-Aug,10-Aug,Rose Cooper,1000,0.6,0.5,0,0.6666666666666666,0.58,0.37,0.4527777777777778,"The customer, Debbie, contacted Inspire Financial to verify the status of her debit card and FSA account. The agent, Deandre, confirmed that the debit card is active and the customer can use it to pay for medical expenses, dental vision, prescription drugs, and over-the-counter items. The agent also informed the customer that she has $400 available in her MRA account and $1101.07 available in her healthcare spending account. The customer asked about claiming funds back for a dental appointment paid out of pocket, and the agent explained the process of filing a reimbursement claim through the online account or by mail.",HnB,High NPS,1,1,0,1,0,0.6,1,0,0.5,0,0,0,0,1,0,1,0.6666666666666666,1,1,0,1,0,1,1,1,0,0,0,1,1,0,0,0,0,0,0
68d17ae99692de775c175032,TXN_20250922T163320_lpu81ouw8f,billing issue,transfer to billing department,copay assistance not applied,connect with copay assistance department,,,,,2025-07-29-14-46-43_679169275572_VOICE_7e2b2f5d-4a85-4d8e-8b27-2929703b78f8,"Speaker3 : Hello, Mr. Tsa.
Speaker1 : Yes.
Speaker3 : So I have Marc here and she will be the one to. Try to help us about the transaction that was done on July 20. Okay.
Speaker1 : Okay, thank you.
Speaker3 : And maybe she would need additional information for them to locate your account. Go ahead, Marcy.
Speaker2 : Hi, as you stated, my name is Marcy with Express Gris. Our call is month recorded for quality purposes. How may I help you today, sir?
Speaker1 : Yes, so there's a transaction or. Account For around $2100, which wiped out our accounts. We don't know what that is for, but I just want to find out information. About that transaction because I don't think it's correct.
Speaker2 : Okay, I can look into it. And what's your name?
Speaker1 : My name is Steve Tso, T. U. S. My wife Patricia is the primary account holder.
Speaker2 : So is the prescription for you or for your wife just so I know what account to look under or do we know who it's for?
Speaker1 : I'm assuming it's for me, but again. I don't know what the prescription is. That's part of the real problem.
Speaker2 : I understand. I just need to get into the profile so I know where I'm looking at. What is your date of birth?
Speaker1 : 1130 69.
Speaker2 : One moment. And can you also verify the zip code on your account?
Speaker1 : 18966.
Speaker2 : Thank you. And just to get permission, since we do have another representative on the line, is it okay to speak about your medications with the agent on the line with us?
Speaker1 : Yes, that's fine.
Speaker2 : Thank you.
Speaker0 : And ma'am, I'm sorry, what was your name again?
Speaker3 : Oh, my name is Norma. N O R M A E. I'm from Inspired Financial.
Speaker2 : And may I get the 1st inch of your last name as well?
Speaker3 : That would be a
Speaker2 : And what's your callback number?
Speaker3 : Our callback number. Let me just go ahead and provide it to you. Just bear with me. So our customer line would be 1844. 7293539.
Speaker2 : Thank you. And so you said the amount that you're looking at is around $2100.
Speaker1 : Yes, it's 2139 and some cents. I don't know. I got kicked out of the account. I'm waiting for the trade to get back.
Speaker3 : Okay, I can provide the exact amount, $2130.89.
Speaker2 : Okay, and for what date of service?
Speaker3 : It was May 07:20 of 2025. I'm sorry for that, Mr.. Oh yeah, that's okay.
Speaker2 : May 7, 2025, and it says express grips on it.
Speaker3 : I'm sorry. 2025.
Speaker2 : July 20.
Speaker3 : Yes, and then. Merchant name is Express Strips Pharmacy, ST. Louis, Missouri.
Speaker2 : Okay, give me just a few moments.
Speaker3 : Sure.
Speaker0 : Yeah. Okay.
Speaker2 : So sir, it looks like this is coming from an order that you get from a credo for the Let Flo. I think that's how you say that. Let Flo Capps 50 mg.
Speaker1 : Okay, all right. I am aware of that transaction. Okay. Yeah, I didn't think I was being billed for that. I thought I was on a. Yeah, copay assists. Yeah.
Speaker2 : I would have to actually get a credo. Oh, I'm sorry. Go ahead.
Speaker1 : No. You'll notice there are two other Transactions for the For around 18 hundred dollars that were canceled. So I'm just wondering, is this account going, is this going to be canceled as well?
Speaker2 : So that I would have to get a credo on the line for because their billing process is a little different from the express script side so that I am honestly not certain of. I can't see any like cancel transaction that you're referencing, but if it's coming from like a credo side, that would be why. And also if you have had copy assistance, I can definitely get them on the line so they can see why that's not being applied to your prescription.
Speaker1 : Okay.
Speaker2 : Would you like me to transfer you?
Speaker1 : Yes, sure.
Speaker2 : Okay, and do you have a Creo phone number for future reference?
Speaker1 : I'm sure I have it somewhere. Yes.
Speaker2 : Okay, give me about two to 3 min. Let me get one of their agents on the line and they can help you further pertaining to that transaction.
Speaker1 : Okay.
Speaker2 : Thank you.
Speaker3 : Hello Mr., Tuo, do you still want me on the line if ever you get transferred?
Speaker1 : No. I think I don't need you anymore, nor. So thank you very much for your assistance. I appreciate it.
Speaker3 : You're welcome before I end. I leave this call. Is there any other? Any other concern? I can help you with the account.
Speaker1 : Not at this time. No, thank you.
Speaker3 : Okay, thank you so much for calling Inspired Financial Institute. If you still need help, you can call us at any time. Okay, all right. sounds good. Thank you. Bye for now. Bye.",transaction inquiry,Transaction inquiry refers to investigating a specific transaction on an account.,transaction inquiry,Payments & Transactions,6.506666666666667,Anger,"The customer expresses frustration and annoyance throughout the conversation, particularly when discussing the transaction and the billing process. They also show signs of disappointment and concern about the situation, but the primary emotion is anger due to the frustration and confusion caused by the transaction.",,'-,,8,The agent was able to provide a clear explanation of the transaction and offered to transfer the call to a representative from the prescription copay assistance program to resolve the issue.,10-Aug,10-Aug,Rose Cooper,1000,0.6,1,0.6666666666666666,0.6666666666666666,0.83,0.5,0.7105555555555556,"The conversation is about a transaction of $2130.89 on July 20 for a prescription of Let Flo Capps 50 mg. The speaker, Steve Tso, is trying to understand why he was billed for this transaction, as he thought he was on a copay assist program. The representative from Express Scripts, Marcy, is trying to help him understand the transaction and is transferring him to a Credo agent to further discuss the issue.",HnB,High NPS,0,1,0,1,0,0.4,1,0,0.5,0,1,0,0.3333333333333333,1,0,1,0.6666666666666666,1,1,0,1,0,0,1,1,0,0,0,0,1,0,0,0,0,0,0
68d17aec9692de775c175034,TXN_20250922T163320_xngky24zhze,dental office shows no coverage,contact Delta Dental to confirm coverage,possible plan number change,check for new group and plan number,,,,,2025-07-29-15-07-38_679169334523_VOICE_af0cb2ee-28a4-4e90-8e28-c8a63493cc88,"Speaker1 : Help you
Speaker2 : Hi. I might have missed the deadline here. I've been on a Cobra through your company. For dental insurance.
Speaker1 : Okay.
Speaker2 : And I would like to continue if that's possible. I can give you my name and birth date and.
Speaker1 : Yep, let me go ahead and pull you up here. May I have your name to start?
Speaker2 : Maureen Mcgarry, M C G A R R Y.
Speaker1 : All right, thank you. And may I call you Maureen?
Speaker2 : Uh huh. That's fine. All right. Thanks, Maureen, for security on your account. May I have your mailing address and your birthday? For six, oh two, Oakwood Lane, West, Des Moines, Iowa. 50265 and then birth date is 05:23, 1961.
Speaker1 : All right, thank you. And then either the member Id or the last four of your social.
Speaker2 : 7585. Okay, perfect. And it looks like we don't have a contact phone number for you on file. Can I just add the one you're calling from? Yeah, that'd be fine. Okay, let me update that real quick.
Speaker1 : And what's a good email for you as well? For communications from us.
Speaker2 : Sure M. Mcgarry, M C G A R R Y and then the number two. At gmail.com
Speaker1 : Okay, so you said Mc Mcgarry or I'm sorry, was it?
Speaker2 : M. E E is in Elizabeth. Got it. Okay, so M. Mcgarry and then the number 2@gmail.com. Is that right?
Speaker1 : Okay, perfect. And let me take a look here at the plan and see where we are. So I show that you are still active on Delta Dental and your premiums are paid through. The end of the Cobra period, February 28 of 26.
Speaker2 : Okay, well I just wanted to double check because. Well, I got a call from a dental office that said I did not, that they did not see that I had coverage.
Speaker1 : So you are. Active still there has not been anything communicated To the contrary to the insurance company. What I would recommend is contact Delta Dental and make sure that they show you active and that you have the most recent group and plan number. Maybe they need to give you a new card. And sometimes that will resolve it. But if for some reason Delta doesn't show you active, please let us know and we will chase that down for you. But it still shows you active here.
Speaker2 : Okay, so I am paid up until February 28, 2026. Is that correct? Yes, ma'am. Okay, that's what I thought. But then I was looking through my records and I found a letter from you guys and I thought, gosh. Did I not respond? So Typically I haven't found that things change. From year to year with plan and group. And you're saying that could have changed with this new plan.
Speaker1 : I'm just guessing at what reason they would show you not active at the dentist office. So we want to confirm that Delta shows you active and why the dentist is being told that you're not. And the mismatch there could be that there's a change in your plan number, but to your point, they do usually remain the same.
Speaker2 : Yeah. Okay, well that's what, that's what I thought. I thought if you didn't, if you kind of continued on a plan, it was the same. I mean, since it was Cobra, I mean, I would assume it was the same as last year, but I was on Cobra last year. Oh, okay, here we go. I think I see what's going on. So you had a.
Speaker1 : Plan change letter that was mailed out to you on mid May. You know, the Delta Dental plan changed. It's still one Delta Dental. So maybe that's where the breakdown is. Maybe after June 30, they put you on a different plan number.
Speaker2 : Oh, okay, okay. Yeah, but unfortunately we don't have visibility to the plan details here, just the payment info. Yeah, okay. All right, so I'll contact Delta and let them and kind of find out what I need to do next. I think you're right. I might just have a different group and plan number.
Speaker1 : I'm wondering. I'm wondering, yeah, I'll go ahead. And not your account that we spoke. And if for whatever reason you need to reach back out, we'll, you know, if you let us know that Delta for some reason shows you inactive, let us know.
Speaker2 : Okay, all right. sounds good. All right. Thanks so much for your help. You're welcome.
Speaker1 : Take care. Bye.",coverage confirmation,Coverage confirmation refers to verifying the status of insurance coverage.,Coverage Confirmation,Insurance & Coverage,5.063999999999999,Neutral,"The customer's tone is calm and factual throughout the conversation. They ask questions and seek clarification, but do not express strong emotions such as anger, sadness, or joy. The customer's language is polite and cooperative, indicating a neutral emotional state.",,'-,,8,"The agent provided clear and helpful guidance on resolving the issue with the dental insurance coverage, and offered a potential solution to the problem, which was the plan change letter that was mailed out to me in mid-May.",10-Aug,10-Aug,Rose Cooper,1000,0.6,0.5,0.3333333333333333,0.6666666666666666,0.51,0.27,0.48000000000000004,"Maureen Mcgarry contacted the company to inquire about her dental insurance coverage, which she believed had lapsed due to a missed deadline. The agent confirmed that she was still active on the plan, but there was a potential issue with her plan number.",HnB,High NPS,0,1,1,1,0,0.6,1,0,0.5,0,0,1,0.3333333333333333,1,0,1,0.6666666666666666,1,1,0,0,1,1,0,0,0,0,0,0,1,0,0,0,0,0,0
68d17aed9692de775c175035,TXN_20250922T163320_0ce4ijnrwyu,missing documentation for charge,upload required documentation,document password protected,send picture of document,,,,,2025-07-29-15-11-47_679169326420_VOICE_ea4b7555-f1cf-4b49-bd20-ea1cc00749bd,"Speaker2 : Hi Alicia, how are you? Hello, Thank you. So.
Speaker1 : I'm doing well. How about you?
Speaker2 : Good
Speaker1 : Thank you so much for calling Inspire Financial. My name is Alicia and I will be able to assist you further at 1st. I need you to state your full name as it is on the account, please.
Speaker2 : My full name.
Speaker1 : Thank you, Mr.. N. Can you I was provided a phone number six and 173-86-3814. Is that a good callbacks, correct? Thank you. And you're calling in to see why your card is suspended.
Speaker2 : Yes.
Speaker1 : Hello.
Speaker2 : Yes, can you hear me?
Speaker1 : You're calling in to see why your card is suspended. Yes, correct.
Speaker2 : Can you hear me? Okay, so your card is suspended because you were asked for documentation a few times for a charge. Now the charge.
Speaker1 : Is from January the 3rd of 2025 from for $439.20 at four eyes. They were we are needing either an itemized receipt or an explanation of benefits. The itemized receipt. Does have to have a patient's name, provider's name, date of service. Type or description of the service and the final amount that you have to pay. Or you can submit an explanation of benefits, which you will get that from your insurance provider. In order to get the card reactivated.
Speaker2 : I thought, I thought that was provided the last time. No.
Speaker1 : There's no document on here. How did you send it in?
Speaker2 : Just last year, right?
Speaker1 : This is from January of 2025. It's a 2025 charge.
Speaker2 : 2025 charge
Speaker1 : What the date of payment is? One 03:20 25. That's your date of payment of one 03:20 25.
Speaker2 : Let me see.
Speaker1 : Well, it looks like it was authorized 1230 2024 and it posted one 03:20 25.
Speaker2 : Well, We have not received any document for this. Well, then we should go to like last year. Right.
Speaker1 : I'm sorry, it should go the last year, the charge. I'm giving you the date that it was authorized. I'm just telling you the date. So the date that it was authorized was 1230 2024 and your date of payment was one, three, but yes, it is on your 2024 Fsa account.
Speaker2 : Okay, so where can I put in?
Speaker1 : It's in your 2024 health care spending account.
Speaker2 : So I need to go to my 2024 account and then I'm gonna find. Something transaction over there and just verify that. Right.
Speaker1 : Yeah, you could go under your 2024 account in the online account and go to verify card purchases once you change that plan year date and you'll see that charge. But yes, sir, we need that document for that charge. Bear with me one moment. I'm trying to see if there's anything I can pull up on my end if you don't mind. Do you mind if I place you on a brief hold? Yeah, go ahead. Thank you. One moment.
Speaker2 : Right.
Speaker1 : All right, thank you so much for holding and I apologize about that hold. So I'm looking into your account here. Now I did look to see if I could find anything. That will match this claim. However, I didn't find anything that will match it, but I did find some medical charges that I can offset it with. Would you like for me to do that?
Speaker2 : Like last year, right?
Speaker1 : Yes, 2024. Yeah. Can you offset over last year?
Speaker2 : Then I actually found a receipt already.
Speaker1 : Well, if you found the receipt, I won't have to offset it with any other medical charges.
Speaker2 : Oh. So if I found a receipt, I just need to upload that. That's all.
Speaker1 : Okay, yes, sir.
Speaker2 : I was upset with last year. Sorry.
Speaker1 : You can either upload the receipt if you have it, the itemized statement if you have it, or I can try to get it offset with another out of pocket charge. Would you like to just upload the receipt?
Speaker2 : I can upload a receipt, but I just want to make sure it's gonna go to, um. It's gonna go to like, um. The Lockyer.
Speaker1 : Right, it'll be 2020. It's your 20. give me 1 s.
Speaker2 : It's weird. It's on my computer version. I don't. Sorry. go ahead.
Speaker1 : It's your 2024 funds. So yes sir, we can go in here and. Well, give me 1 s. I may not be able to offset it. Yeah, your run out has passed, so we have to have the exact document. I'm sorry. So definitely upload your document. Okay, so we could get it. Get your card reactivated.
Speaker2 : Okay. All right, um, I'm uploading right now. Are you gonna, are you guys gonna see it like immediately? Hold on.
Speaker1 : Yes.
Speaker2 : Okay, all right, give me one. one. 1 min actually upload that.
Speaker1 : But you have to allow three to five business days for it to process.
Speaker2 : I can see it, but I won't be able, I can't process it or anything. Yeah. Wait. Hold on. Verify purchase Upload document. Okay. It's kind of crazy like I, I already know that you guys can ask for it so I I have the receipt I have them email me the receipt I just didn't know, like, I felt like, you know, when you guys didn't request it, I felt like, oh, I'm good, I don't need to upload anything. but no, I have to.
Speaker1 : Yeah.
Speaker2 : Okay. Oh crap. One error. remove the password protect. Well, I don't have password protect.
Speaker1 : It may be on that document.
Speaker2 : Sorry.
Speaker1 : The password protect. if it was sent to you from a provider, it may be on that document.
Speaker2 : So they password protect this thing.
Speaker1 : Yes.
Speaker2 : Oh God.
Speaker1 : We won't be able to see it if it has a password on it.
Speaker2 : I just want to see if I can edit. Oh god, no, I cannot. If I took a picture and send it to you, is that okay though? I cannot It's not allowing me to upload this Pdf right now.
Speaker1 : A picture is fine as long as we can be able to see it.
Speaker2 : Okay. Right. Sounds good. Thank you so much. Yeah, I'm good for now, I guess. Absolutely. And so once you upload your.
Speaker1 : Okay, once you upload your document, just allow three to five business days for it to process. Okay, okay. All right. Thank you. You're welcome. Anything else I can assist you with?
Speaker2 : I'm good for now. Thank you.
Speaker1 : Yes sir. Will you have a great rest of your day? And thank you so much for calling Inspire Financial. You're welcome. Bye bye for now. Bye bye now.",reactivate card,Reactivate card refers to restoring the functionality of a suspended card.,Reactivate Card,Card Services,12.56,Anger,"The customer expresses frustration and annoyance throughout the conversation, particularly when discussing the need to upload a receipt and the password protection on the document. The customer uses phrases like 'I was upset with last year', 'Oh crap', and 'Oh God' to convey their emotions.",3. Low,"""I was upset with last year. Sorry."", ""I just want to make sure it's gonna go to, um. It's gonna go to like, um. The Lockyer.""","The customer expressed frustration and confusion, but ultimately remained engaged and cooperative throughout the conversation. They apologized for their initial frustration and seemed to understand the process for uploading the required document.",8,"The agent was patient and understanding, and provided clear instructions on how to resolve the issue with the suspended card. However, there were some technical difficulties with uploading the receipt, which caused some frustration.",10-Aug,10-Aug,Rose Cooper,1000,0.6,1,0.6666666666666666,0.6666666666666666,0.57,0.34,0.6405555555555554,"The customer's credit card was suspended due to a charge from January 3rd, 2025, for $439.20. The customer was asked to provide an itemized receipt or an explanation of benefits, but they claimed to have already provided the document last year. The agent explained that the charge was from 2025 and that the customer needed to provide the document from their 2024 health care spending account. The customer eventually found the receipt and agreed to upload it. However, they encountered issues with uploading the document due to password protection and were advised to remove the password or take a picture of the document to send to the agent.",HnB,High NPS,1,1,0,1,0,0.6,1,1,1,0,1,1,0.6666666666666666,1,0,1,0.6666666666666666,1,1,0,1,1,1,1,1,0,0,0,0,0,0,0,0,0,0,0
68d17aee9692de775c175036,TXN_20250922T163320_36et8gn1l7z,understand payment slips,explain payment slips usage,,,,,,,2025-07-29-15-36-13_679169376353_VOICE_804d9669-792d-40fc-9629-79ef1c8fa1f2,"Speaker2 : Thank you for calling in Spiral Financial. My name is Sheila. In order to better assist you, may I have the account holder's 1st and last name and the zip code?
Speaker1 : Leo Bauer 14225.
Speaker2 : Could you spell your 1st and last name for me please?
Speaker1 : L E O D I N A That's Leo Dia. Last name is Bauer. B A U E R. Middle initial is G as in George. All right.
Speaker2 : Right. And are they already enrolled in Cobra?
Speaker1 : I don't know. Really don't understand. I'm trying to help my mother. She's in an assisted living facility and I don't know if she's paying her bills or not. I get the mail for her and I see she's got these pieces of paper here, these slips of paper she's supposed to fill out and send it. I don't know if that's been done. I don't know if she's up to date on paying things.
Speaker2 : Understood. I understand. So I would be happy to look at things for you. I do need to verify some of her information. 1st, Could I have the last four of her social security number?
Speaker1 : Yes, 9593.
Speaker2 : All right, thank you. All right. Can I help you verify the address, including the city and state?
Speaker1 : 27 Ontario Drive, Chica, new York, 14225. All right.
Speaker2 : All right, just bear with me a moment. I'm still attempting to pull up the account. It's nothing other than my computer is being slow. Right. So without her verbal authorization, I can't go into a lot of details, but I can tell you what the account is about. So She doesn't have any payments due at the moment. This is basically. Covering her retirement medical as a surviving spouse. But that's basically all it is.
Speaker1 : Okay, now I know she used to fill out these slips of paper that she got. It was like just a whole bunch of them every month. You had to fill it out with a check. I think maybe what she did is she's got an automatic thing now where it's automatically taken out of her checking account because she's got a piece of paper here that said, how have to pay your premium, complete the enclosed electronic funds transfer form, an attached avoided check, and mail it to you and. Your account will be automatically charged. So it just automatically coming out of her checking account each month, then I don't have to send one of these in. That's what I was doing. We were filling these out every month and it got ridiculous. It was just like, you know, kind of hard to do every month filling out.
Speaker2 : No, it's set up on automatic payments now. Oh, thank God. Okay, All right. Yeah, she's in a nursing facility now. So, you know, I kind of got thrown into the mix here and.
Speaker1 : My brother was helping and he's no longer in the picture, so it's falling on my hands. All right, so I don't have to worry about all these slips of paper here. I was panicking.
Speaker2 : Yeah, those are just payment coupons so you can pay by check. It helps us match up the check to the.
Speaker1 : Okay, so the $70 just comes out every month automatically out of our checking account and it's paid. All right. That's good to know. Yeah, okay, I really appreciate the help on that. So all right, there's all these slips I can just. I guess throw them away. She's got a lot of them. I guess it's like for a whole year or something with them. They sent her so. Okay, well she look, I really appreciate your help. That makes me feel much better knowing that my mom's up to date on their insurance.
Speaker2 : Oh yeah, of course I was glad to be able to help. Did you have any other questions?
Speaker1 : No, I don't think so. That's it. And Sparta Financial Health, I guess that's it. That's not Aetna. Is it, was it used to be called Aetna or is that something completely different?
Speaker2 : All that we do is make making it possible for her to keep the coverage that she had with Edna. So we're more of an admin. But we just make it possible for her to keep that insurance coverage.
Speaker1 : Okay, all right. very good. Okay, appreciate your help. Thank you so much. All right, you're welcome. Have a good rest of your day. You too. Thank you. Bye bye. Goodbye.",payment method,Payment method refers to the way payments are made for services.,Payment Method,Payments & Transactions,5.125333333333333,Relief,"The customer expresses relief and gratitude throughout the conversation, especially when the support agent explains that the account is up to date and the automatic payment system is in place. The customer also mentions that they were 'panicking' and that the agent's help made them feel'much better'.",3. Low,"""I was panicking"", ""That makes me feel much better knowing that my mom's up to date on their insurance""","The customer expresses relief and gratitude for the assistance provided, indicating a positive interaction with the service.",9,"The agent provided clear and concise explanations, alleviated concerns, and ensured the customer's mother's insurance coverage was up to date, resulting in a high level of satisfaction.",10-Aug,10-Aug,Alice Walker,1001,0.6,0.5,0.6666666666666666,1,0.83,0.16,0.6261111111111112,"The customer, Leo, is calling on behalf of his mother who is in an assisted living facility. He is trying to understand her Cobra insurance coverage and is unsure if she is up to date on her payments. The agent, Sheila, helps Leo verify his mother's information and explains that her account is set up on automatic payments, eliminating the need for her to fill out payment coupons every month. The customer is relieved to know that his mother's insurance is up to date and thanks the agent for her help.",HnB,High NPS,0,1,1,1,0,0.6,1,0,0.5,1,0,1,0.6666666666666666,1,1,1,1,1,1,1,1,0,1,0,0,0,0,0,0,0,0,0,0,0,0,0
68d17aef9692de775c175037,TXN_20250922T163320_khh73gp2aoa,check card status for appointment,verify card activation for appointment,,,,,,,2025-07-29-15-42-43_679169385945_VOICE_b8f13ef9-c2c5-4642-84f6-935c9bad84b1,"Speaker2 : Good afternoon. Thank you so much for calling Inspiron. My name is Denise. To better assist you, could I please have the account holder's 1st and last name in zip code, please?
Speaker1 : Hi Denise, 1st name is Arianna A R E A N A last name Harris Zip code is 23602. Full address is 646 Hibiscus Street, Virginia.
Speaker2 : Okay, hang on just a minute. Let me get some of that information typed in. Thank you for all of that information. I so appreciate it. And what did you say your city was? No, no, you're fine. That's wonderful. Thank you. Okay, perfect. Thank you. No, it's wonderful. Thank you. Okay, perfect. And that is pulling up. So thank you so much. The only other thing I need is two more items. If you can share with me the last four numbers of your. So Number and I'll get that and the debit card. Yeah, Social Security number and last four numbers of the debit card. just the last four.
Speaker1 : 9898 for the debit and 2356
Speaker2 : For the social perfect. Thank you.
Speaker1 : Let me get that typed in and that should pull everything up.
Speaker2 : And you said 9898 for the debit card. Let me get that in. And then while I'm pulling everything up, do you have a call back number just to be safe in case I would disconnect from you?
Speaker1 : Yes, 757. Five and 28 0314
Speaker2 : Awesome 7575 and 28 0314 and everything is loading. Okay, perfect. I've got your account pulled up and thank you so much for all that information. And how can I help you today?
Speaker1 : I was having my debit card for my Fsa got cut off. Because of a charge that May or may not be taken care of. I called last week. What day did I call? Maybe like Wednesday or Thursday of last week. To basically kind of get it handled or situated and. The lady said she would try and use some of my. Claims to pay for the charge that was keeping Yeah, I'm just trying to see if that's been cleared through. Like what's the status of that because. Y'all sent emails for that. So I'm just trying to make sure before I go to my dermatologist appointment tomorrow that's taken care of. If not, I'll need to re appointment. Oh no, absolutely. Let me look here. It looks like everything's been cleared. Let me check.
Speaker2 : Let me do a couple there and then I'll make sure your cards turned back on too. Evidently whatever she did, she was able to clear it. Actually the last one cleared out yesterday, so that's perfect. So let me. See if I can make sure your cards turn back on. You have a balance of $803. $803.63 is your current balance. So it looks like that's going to be able to be used. And let me give me just a minute. Okay. So she did get that cleared. So let me go over to the debit card terminal, make sure they've turned that card back on.
Speaker1 : Okay.
Speaker2 : Another way you do not have to reschedule your appointment. everything will be great.
Speaker1 : Yeah.
Speaker2 : I know it's such a hassle sometimes understand why they do it, but it's sometimes it's like no.
Speaker1 : Exactly.
Speaker2 : Yeah, anytime us as Service rep anytime we can get them cleared. We really do try hard. Okay, your card shows active. Let me make sure they've actually turned it back on. Everything's on. Yes ma'am, you are good to go. That account has been cleared, the card is active, and everything has been turned back on. so you definitely will be able to use it tomorrow.
Speaker1 : Yay, okay, thank you so much.
Speaker2 : You're so welcome. And do you have any other questions on the account while we're here or to prevent this from happening in the future? That is. Well, thank you. I hope you have an amazing, amazing rest of your week. And thank you so much. I'm so glad I got to talk to you this morning, Miss Harris.
Speaker1 : Thank you so much for your help as well.
Speaker2 : Have a great day. Bye bye now.
Speaker1 : Bye.",reactivate card,Reactivate card refers to re-enabling a previously deactivated card.,Reactivate Card,Card Services,5.105333333333333,Joy,"The customer expresses happiness and relief throughout the conversation, especially when the issue is resolved and the debit card is activated. The customer's tone is positive and appreciative, using phrases like 'Yay, okay, thank you so much' and 'Thank you so much for your help as well'.",,'-,,9,"The agent, Denise, was very helpful and efficient in resolving the issue with the customer's debit card, providing a positive experience and ensuring that the customer's account was cleared and her card was active before the end of the call.",10-Aug,10-Aug,Alice Walker,1001,0.6,0.5,0.3333333333333333,1,0.58,0.49,0.583888889,"A customer, Arianna Harris, contacted Inspiron to resolve an issue with her debit card being cut off due to a charge. The customer had previously spoken with a representative last week, who attempted to clear the charge using her FSA claims. The current representative, Denise, checked the status and found that the charge had been cleared the previous day. Denise ensured that the customer's debit card was turned back on, and the customer was able to confirm that she could use her card for an upcoming appointment.",HnB,High NPS,0,1,1,1,0,0.6,1,0,0.5,0,0,1,0.3333333333333333,1,1,1,1,1,1,0,1,0,1,0,0,0,0,0,0,1,0,0,0,0,0,0
68d17af19692de775c175039,TXN_20250922T163320_iu0nhj8uwx,unable to pay online,send check or money order,understanding grace period,explain grace period and deadlines,,,,,2025-07-29-16-00-54_679169408101_VOICE_9c6918ee-6d4c-4125-aef8-d552c8eab105,"Speaker2 : Thank you for calling Inspire Financial. My name is Juliana. To better assist you, may I have your 1st last name and zip code?
Speaker3 : My 1st name is Gretchen, last name Peterson, zip code 48185.
Speaker4 : Thank you. And are you the account holder? Yes. Thank you. Secure your account may have the full address on file.
Speaker3 : 8650 Sherry Drive, Westland, michigan, 48185.
Speaker2 : Thank you. Just two more questions here.
Speaker4 : May I have the last four of your Inspire card?
Speaker3 : 0986.
Speaker4 : Thank you. And lastly, just a callback number in case call gets disconnected.
Speaker3 : 345-60-1402.
Speaker4 : Thank you. And how can I help you today?
Speaker3 : So I've received a notice that you're suspending my card use because there's a claim that can't be verified. I don't have the documentation to be able to verify it one way or the other anymore because it was from February. So I just want to pay back the account so that my. Card can be Reactivated
Speaker1 : And I've been told that I can go into my account, I'm in the account, and that. When I'm looking at my Fsa, it shows like under account activity there should be a spot that I can click for claims to be able to repay, like pay it back. But it's not highlighted for me to be able to click.
Speaker2 : Oh, okay, I see that. It's from 2024.
Speaker1 : No, no, it was from February of 25. Oh, is that why? Because I got to look under the 2024 account. That's why it's not showing up for me. I just scooted the page. I scooted over. I went, oh, look at that. because it was before the end of before I used up March, whatever. Okay, verify card purchases. That's where I want to click, right?
Speaker4 : Oh wait, it was in.
Speaker2 : 25.
Speaker1 : It was, but I had carryover from 2024. You understand what I'm saying? Yeah. Okay, so I click on this.
Speaker5 : Right.
Speaker2 : So since it's in 24, it may not let you pay online.
Speaker1 : Let's see. Well. Okay, how do I pay it back then? It says if you do not have supporting documents. You must pay back your account, which is fine. I'll just pay it. At this time, we can only accept an online payment for the full amount. For partial payment, no, I'm more than happy to pay the full amount. I just need to know how.
Speaker2 : Right. So. Yeah, if it's sometimes it may let you pay if it's in a prior plan year. But since the fund were in 2024, a lot of the times you'll have to send a money order or check in the mail.
Speaker1 : Oh, I can send a check. That's no problem. And there's an address on this form that was sent to me. mail and check or money order. Yep, sure is to Po Box Omaha.
Speaker2 : Yep, that's okay. That's what I will do then. Thank you so much for your help. I really, I didn't even think to look in the 2024 because I forgot all about there being carryover and that it was utilized up until March or whatever when it was shut off. Okay, cool.
Speaker1 : Awesome. Thank you so much for your help. Then I will get a check mailed out today.
Speaker4 : All righty. Was there anything else I can help with today? No, when I send it, do I need to add it? Do I need to just send this letter back with it?
Speaker1 : So whoever gets it knows what it's to go to.
Speaker2 : You can Or they'll just, if your name's on there, they'll just apply it to your account. Okay, okay. cool. Yeah.
Speaker4 : Before you go, did you know about.
Speaker2 : Your run out and how much time you'll have left.
Speaker1 : What do you mean to use your funds? Yeah, it usually it carries over into like March one, but it'll be, I'm guessing it'll be gone before that for what I have left in 25.
Speaker2 : Yeah, so this year. The employer isn't doing the carryover. Doing what we call grace period. So the grace period is basically an extra two and a half months added on to your plan year.
Speaker1 : Which is what they did last year.
Speaker2 : Yeah, so you'll have until.
Speaker1 : March 15 to spend the funds. Yep. It's right there on the. Yeah, okay. Yeah. March 15. And then you'll have until the 31st to submit claims after the 15th. Yep. No worries. I don't have that much left in here at this point, so I'm sure it'll be gone by then. I'm not worried about it, but yeah, I want to, I definitely just want to get it paid so it can be reactivated. And I had tried to do it before they shut it off and then it wasn't like I didn't realize I need to look in 24. So that was my fault. So okay, cool. I appreciate your help and I will get this sent back.
Speaker4 : Alright, no problem. Thank you for calling Inspire and you have a nice rest of your day. You too. Thank you. Bye bye. Bye bye.",reactivate card,Reactivate card refers to restoring the functionality of a suspended card.,Reactivate Card,Card Services,5.557333333333333,Neutral,"The customer's tone is calm and factual throughout the conversation. They express frustration and confusion about the issue with their account, but their language remains neutral and polite. They also show a willingness to cooperate and resolve the issue, which suggests a neutral emotional state.",3. Low,"""I didn't even think to look in the 2024 because I forgot all about there being carryover and that it was utilized up until March or whatever when it was shut off.""","The customer is frustrated with the process, but the tone is more apologetic and inquiring than angry or dissatisfied. They express gratitude for the support and seem to be working towards a resolution.",8,"The agent provided clear and helpful guidance on how to resolve the issue with the account, including explaining the reason for the suspension and the process for paying back the account.",10-Aug,10-Aug,Alice Walker,1001,0.6,0.5,0.3333333333333333,1,0.61,0.28,0.5538888888888889,"The customer, Gretchen Peterson, received a notice that her Inspire card was being suspended due to an unverified claim. She wanted to pay back the account to reactivate her card. The agent helped her understand that the claim was from 2025, but the account was in 2024, which is why she couldn't pay online. The agent suggested sending a check or money order to the address provided on the form. The customer agreed to send the payment and thanked the agent for her help.",HnB,High NPS,0,1,1,1,0,0.6,1,0,0.5,0,0,1,0.3333333333333333,1,1,1,1,0,0,0,1,1,1,1,1,0,0,0,0,1,0,0,0,0,0,0
68d17af39692de775c17503b,TXN_20250922T163320_7c1yemjids8,card not received,issue replacement card,missing apartment number,update address with apartment number,use remaining benefit funds,contact benefits office,,,2025-07-29-16-03-59_679169403038_VOICE_47bfc613-15f6-4e74-8f6a-f22e7d3ccb68,"Speaker1 : Hi Mr., Baldos, this is Alex. I'm here also with In Spiral. How are you this afternoon?
Speaker2 : Good. How about yourself?
Speaker1 : I'm good sir. Thank you for asking. I heard you had some questions regarding your account.
Speaker2 : Yes, so. Basically all I want to do is to cancel my commuter benefits, to not have that money taken out of my paycheck. I'm just going to cancel my commuter benefits. And when I went to do that. Online, I had to set up my account because I'd never actually set up my account before. And it made me provide my inspired financial card number. And I did not have an inspired financial card yet. So last time I called, they said I couldn't have those benefits canceled over the phone without having my card number. And they couldn't give me my card number over the phone. So long story short, they made me. Order that card and have that card sent to me. And they said the card would be delivered within ten to 15 business days. And when I called was, it was June 12. So it's been, I think, like 30 something business days and I haven't received that card yet. But when I called it, I know I gave them the correct address and they gave it back to me and it was the correct address. So I just wanted to call to see if I could get those canceled over the phone or if not and if I had to have the card, if I could make sure that card is sent to the correct address again.
Speaker1 : Absolutely. Well, I'll be more than happy to assist you with that. Just bear with me for a few moments and let me take a look.
Speaker2 : No worries. Thank you.
Speaker1 : All right sir, thank you for holding. So it does look like, unfortunately, I am unable to cancel that benefit for you over the phone. It does look like you would have to either wait until you receive the card and do so on the portal or you can also maybe reach out to the benefit center with the employer who set up this account. We see that that's in pro. But it does look like that debit card was likely lost in the mail. So if you maybe wanted to go through the option with the portal, I can issue a replacement. And then it takes ten to 15 business days. So maybe while you're waiting for the card, you can also be reaching out to your benefit center.
Speaker2 : Perfect. Well, yeah, could you go ahead and get that replacement sent to. My current address. I don't know if last time I had a different address I just recently moved. Can you maybe just verify your address one more time for me please? Yes, it's 25. W as in West Randolph Street and that's Chicago, Illinois, 60601 and the apartment number is 20 309.
Speaker1 : It does look like we were just missing the apartment number, so I can get that added. That may be why it was lost in the mail. To get this updated in our system, you would also have to reach out to the benefit center for that. It means they didn't include that in the documents they provided when they collected this account.
Speaker2 : Okay, sounds good. Okay, but you can get that new card sent out then.
Speaker1 : Correct. Can you just confirm, I'm sorry, repeat the apartment number one more time.
Speaker2 : It's 23 092-309-2309. Okay, and can I place on hold for just three or 5 min to place that order for you? Of course, I appreciate it. No problem. Just one moment, please.
Speaker1 : Thank you again for holding sir. I really appreciate your patience. So your replacement card has been ordered to that verified address, including the unit number 20 309. You should receive it in about ten to 15 business days. Again, while we're waiting, I can recommend you reach out to your benefit center to get this address updated and also cancel your benefits.
Speaker2 : Perfect. Thank you so much. I appreciate it.
Speaker1 : Not a problem. Are you sure there's anything else I can assist you with since I had you?
Speaker2 : I guess just a quick question since. I had that commuter benefit, I believe I started that sometime in March, and it's been pulled out of my paycheck. So I think I have a couple hundred dollars for that commuter benefit in there, even once I cancel the benefit. Am I still able to use that? a couple hundred dollars because I haven't been using that. Can I still use that money even though it's no longer being taken out of my paycheck or is that a question for my benefits office, for my company?
Speaker1 : That would be a question for your benefits office because they may allow you to just submit for claims. If not, then once the benefit is canceled, the funds would just go back to the employer and then it's up to them whether they would refund that back to you.
Speaker2 : Okay, sounds good. Thank you. I appreciate it. No problem. Thank you for calling. Inspire Financial sir. Enjoy the rest of your day. Okay, you too. Bye bye.",cancel benefits,Cancel benefits refers to stopping specific employee benefits or deductions.,Cancel Benefits,Insurance & Coverage,9.261333333333333,Neutral,"The customer's tone is calm and factual throughout the conversation. They express frustration and disappointment about the issue with their commuter benefits, but their language remains objective and polite. They ask questions and seek solutions in a clear and respectful manner.",,'-,,8,"The agent was able to assist in resolving the issue of the missing debit card and provided a replacement, which was a significant step in resolving the customer's concern.",10-Aug,10-Aug,David Freeman,1001,0.6,1,0.3333333333333333,0.6666666666666666,0.69,0.11,0.5666666666666667,"The conversation is between Alex from In Spiral and Mr. Baldos from Inspire Financial. Mr. Baldos wants to cancel his commuter benefits and has been waiting for 30+ business days to receive his Inspire Financial debit card, which he needs to cancel the benefits online. Alex assists Mr. Baldos in verifying his address and ordering a replacement card. The replacement card will be sent to his verified address, and he should receive it within 10-15 business days. Alex also recommends that Mr. Baldos reach out to his benefits office to update his address and cancel his benefits. Additionally, Mr. Baldos asks about using the funds he has accumulated for his commuter benefit, which Alex advises him to ask his benefits office about.",HnB,High NPS,0,1,0,1,0,0.4,1,0,0.5,0,1,0,0.3333333333333333,1,0,1,0.6666666666666666,1,1,0,1,0,0,1,1,0,0,0,0,1,0,0,0,0,0,0
68d17af49692de775c17503c,TXN_20250922T163320_q4qdpt9ykm,reimbursement for out-of-pocket expenses,file claim online or via fax/mail,,,,,,,2025-07-29-16-06-00_679169416164_VOICE_069df050-a999-4438-8384-0e6493bd6189,"Speaker1 : Hello, thank you for calling Inspire. My name is Jaya. To better assist, you may please have your member number, which may be the same as your Social Security number.
Speaker2 : 110. 749727.
Speaker1 : Thank you so much and may I have your full name please?
Speaker2 : Jennifer Blanche.
Speaker1 : Thank you so much. Can you please help me with the spelling of your last name?
Speaker2 : B L A N C H
Speaker1 : Same Allow me to pull up your account. Thank you so much for the way.
Speaker4 : Can you please provide or confirm rather what type of account we are calling in today?
Speaker2 : I'm sorry.
Speaker4 : Yes, may I know what type of account you're calling in today?
Speaker2 : Flexible spending. I didn't receive the card.
Speaker1 : Thank you so much for providing those information. And I just wanted to confirm if this is in regards to a. Never received debit card or a card request.
Speaker2 : I didn't get a card. I never received one. And I've never had one. Oh, I see that. I'm so sorry.
Speaker4 : Okay, I'm so sorry to hear that, Miss Blanche, but I can definitely help you to check in your account if there is already a card that was shipped, but if not, I can go ahead and request one for you. But before that, can you please verify your address on file?
Speaker2 : Yes, it's Six Cook Road, Newark, delaware, 19711.
Speaker4 : Thank you. And in case we need to follow up with you for any reason or if the call might get disconnected, can I have your best call back number?
Speaker2 : Sure, it's 315. 05:46 5214.
Speaker4 : Thank you so much. Just to confirm 355-46-5214, correct?
Speaker2 : Correct.
Speaker4 : Thank you so much for confirming Miss Blanche and I'll go ahead now and check here if there is a card that was shipped to your address.
Speaker1 : Then the line is that for you?
Speaker0 : Okay.
Speaker1 : So that if there is fun. For things that I've already paid for, Can I submit for reimbursement that I've paid out of my own pocket for the cops and things like that?
Speaker2 : Just because I didn't have a card.
Speaker1 : Yes, of course, Miss Blanche, in regard to the out of pocket expenses can definitely. The coin for that one, but for the price. You can file a claim online or you can send it via fax or mail, but I go and check it here in regards to your. Debit cards Alright then, so. I see here that you just enrolled a year from. July of 2025 up to June of 2026, one year, correct? And I'll go and request. Thank you. And I see here that there is no. Debit card that was shipped to your address. So I will go now and request one for you. Miss Blanche, bear with me for at least three to 5 min.
Speaker2 : Sure.
Speaker1 : Thank you. Stand the line.
Speaker3 : Hello, thank you so much for the wait, Miss Blanche. So I was able to successfully. Request it and create a case for a debit card. Debit card request and you will receive the debit card that will be shipped to your address within ten to 15 business days or depending on the local carrier and for the time frame, I mean for the Pm, rather it should be the same with the last four digits of your debit card number. Is there anything else that I can help?
Speaker1 : No, thank you. That's it. Thank you very much. I appreciate your help.
Speaker4 : You are very much welcome and thank you so much for your time in calling Inspire financially. Have a great day. Goodbye.",card request,Card request refers to the process of requesting a new debit card.,Card Request,Card Services,10.30933333333333,Sadness,"The customer expresses disappointment and frustration throughout the conversation, particularly when discussing the issue with the debit card. The customer apologizes multiple times and seems to be experiencing regret or emotional pain due to the situation.",,'-,,8,"The agent was able to successfully request a debit card and create a case for it, resolving the customer's issue in a timely manner.",10-Aug,10-Aug,Alice Walker,1001,0.4,0.5,0.3333333333333333,0.6666666666666666,0.82,0.37,0.515,"The customer, Jennifer Blanche, called Inspire to report that she did not receive her flexible spending debit card. The customer provided her member number, full name, and address to verify her account. The agent checked her account and found that there was no debit card shipped to her address. The agent requested a new debit card for the customer, which will be shipped to her address within 10-15 business days. The customer was satisfied with the resolution and thanked the agent for her help.",HnB,High NPS,0,1,0,1,0,0.4,1,0,0.5,0,1,0,0.3333333333333333,1,0,1,0.6666666666666666,1,1,0,1,0,0,1,1,0,0,0,0,1,0,0,0,0,0,0
68d17af59692de775c17503d,TXN_20250922T163320_xqvop91b45r,how to check balance online,create online account and download app,,,,,,,2025-07-29-16-06-31_679169418367_VOICE_7e03a8cd-ed17-4071-8c46-3f18611e5a67,"Speaker1 : Hello. In my name is Angelica as I have your number. number which may be the same as Social Security number.
Speaker2 : You said, can you have my member number?
Speaker1 : Yes, your member number, which may be the same as your Social Security number just to pull up your account.
Speaker2 : Okay, 587. 57827.
Speaker1 : I'm so sorry, just what I heard. 587. Can I have the rest number?
Speaker2 : Five, seven. 8247.
Speaker1 : Thank you so much. Can I have your full name and your zip code?
Speaker2 : Valerie Michael M I C K E L L Zip code is 30281.
Speaker1 : Thank you. And are you the account holder?
Speaker2 : I am
Speaker1 : Thank you so much, Mr.. Michael. Miss Michael, I'm so sorry. and I just want to ask what type of account are you calling on today?
Speaker2 : I'm just trying to figure out how much is on my car, my debit card in my account.
Speaker1 : Okay, and what is the name of your employer? I will take note of that.
Speaker2 : It is Children's Healthcare of Atlanta.
Speaker1 : Thank you so much. and to secure your account, can I have your full address please?
Speaker2 : 561 Sheffield Court, Stockbridge, Georgia, 30281.
Speaker1 : Thank you. Okay, and finally, can I have the last part of your Inspire financial debit card? Sure, take your time.
Speaker2 : The last, what
Speaker1 : The last four digits of your Inspire financial debit card.
Speaker2 : Seven
Speaker1 : Thank you. And in case that we need to follow up with you for any reason, can you provide us with your phone number?
Speaker2 : 404-914-2052.
Speaker1 : Thank you so much. And just to confirm 404-914-2052.
Speaker2 : 404-914-2052.
Speaker1 : Yes, just to confirm 404-914-2052. Okay, thank you so much and thank you for authenticating your information. And since you mentioned that you're calling because you wanted to know your available balance, and since you have me on the line, I'm more than happy to assist you. And as for checking you that your available balance of your Hsa account is $423.
Speaker2 : $423,
Speaker1 : Yes, that's correct. And if you wanted what I mean, if you wanted to know your available funds, you can go to our website, which is inspirational.com.
Speaker2 : Okay, is it a way that I could. Do you have an app that I could check? Like I can download the app to see how much the balance is?
Speaker1 : Okay. Yes, actually. Miss Michael that you need to create your online account so that you can log in your account and you can see your available funds and also your transaction Since as for checking here that you have no account. So 1st you need to create your online account. You need to go to our website which is www. dot inspirational.com.
Speaker2 : It's Inspire.com. Yes, that's correct. And then please.
Speaker1 : Click Create profile, manage my benefits.
Speaker2 : Okay. Manage my benefits. It's inspire final.com.
Speaker1 : Yes, that's correct.
Speaker2 : And do you not have an app?
Speaker1 : Yes, you can download that.
Speaker2 : But 1st, I need to create a profile online.
Speaker1 : Yes. Okay, and thank you so much for calling Inspired Financial. Have a great day. Goodbye. Okay. Bye bye.",check balance,Check balance refers to verifying the available funds in an account.,Check Balance,Account Management,5.094666666666667,Neutral,"The customer's tone is calm and factual throughout the conversation. They provide necessary information and ask questions in a polite manner, without expressing any strong emotions such as anger, sadness, or joy.",,'-,,8,"The agent was helpful in resolving the customer's inquiry about their available balance, but the customer had to create an online account to access their account information, which caused some inconvenience.",10-Aug,10-Aug,James William,1002,0.6,0.5,0.6666666666666666,0.6666666666666666,0.82,0.15,0.5672222222222222,"The customer, Valerie Michael Mickle, called to inquire about her available balance in her HSA account. She provided her member number, full name, zip code, employer, address, and phone number to authenticate her information. The representative confirmed her available balance as $423 and provided instructions on how to create an online account and download the Inspire Financial app to check her balance and transactions.",HnB,High NPS,0,1,1,1,0,0.6,1,0,0.5,0,0,1,0.3333333333333333,1,1,1,1,1,1,0,1,0,1,0,0,0,0,0,0,1,0,0,0,0,0,0
68d17af79692de775c17503e,TXN_20250922T163320_ju01ui6ax7g,transaction status,check transaction status,linking bank account,confirm linking process,,,,,2025-07-29-16-12-57_679169425997_VOICE_89b19164-5773-45c8-a73c-68bee125ee17,"Speaker1 : Thank you for calling Inspired Financial. My name is Christian. To better assist you, may I please have your member number, which may be the same as your Social Security number?
Speaker2 : 044 Six, four.
Speaker0 : 9651.
Speaker1 : Thank you ma'am. Give me a few seconds. Just entering that information here. Bear with me. It's loading Okay, and please provide me also your full name.
Speaker2 : Gerald and Crittenden.
Speaker1 : Thank you, Miss Crittenden. Give me a few seconds here. Okay, please provide me also the complete mailing address including the zip code.
Speaker2 : 17 Patriot Road, Windsor connecticut, 06095.
Speaker1 : Thank you. Let me just enter that. Give me a few seconds. Okay, and please provide me also the last four digits of the eplex card or the inspired card.
Speaker2 : Actually, I don't have it in front of me. Wait, maybe I do.
Speaker1 : Okay.
Speaker2 : And It is 3554.
Speaker1 : Thank you. Thank you so much for this information, Miss Kirton, and my system is now loading up and while we're waiting, I just don't want to lose you. Can you provide me your best callback number?
Speaker2 : 860 990-54-0449.
Speaker1 : Please correct me if I'm wrong. It's 869 9540 04:49. Did I get it correctly? Thank you. So how may I help you today?
Speaker2 : So I was calling because I needed to update my information. In regards to requesting some funds and I wanted to see if that transaction took place. It looks like they deposited. The dollar into my account so I just didn't know if that's updated.
Speaker1 : Before I answer that question, I would like to clarify. When you say that you are requesting funds, you're trying to get funds. Or transfer it to Or Make a payment, right?
Speaker2 : Yes.
Speaker1 : Okay, and can you confirm to me when was the date that you have requested that one?
Speaker2 : It was yesterday.
Speaker1 : Just to provide you some information, I did not see any type of request funds because it will show like our funds withdrawal here in our right. so it didn't withdraw. I needed to I set it up for.
Speaker2 : I set up for confirmation to link my account.
Speaker1 : Even if
Speaker2 : What was that when you say.
Speaker1 : I would like to confirm also, I do apologize for the inconvenience, but I'm actually glad that you called about this. Okay, I'll help you out whatever I can, but I would like to confirm when you say that you are linking it, is it? Are you sending that fund directly towards the provider or?
Speaker2 : No, it was coming to my personal account. Yes, to myself. So I fed up with banking information.
Speaker1 : Okay, I think just to make sure, okay, you are trying to do linking of your bank account so that you can do a. Request
Speaker2 : Yes.
Speaker1 : Okay, so technically you are still in the process in linking your account so that you can do a request funds on your account. Right. Okay, let me just check my tools in here regarding. The Linking because it may take up to three Business days because our system will send a micro deposit to your bank. Let's double check. But you still did mention that it was yesterday. I'll still double check. Okay, Miss Curtin and I'll place you hold maximum of 5 min. Okay, Thank you. Bear with me. Would that be okay?
Speaker2 : Yes, sir.
Speaker0 : Yes.
Speaker1 : Thank you.",transaction inquiry,Transaction inquiry refers to checking the status of a financial transaction.,transaction inquiry,Payments & Transactions,5.334666666666666,Frustrated,"The customer expresses frustration and annoyance throughout the conversation, particularly when discussing the issue with their account and the delay in the transaction. They also show signs of being upset when trying to provide information and being asked to confirm details.",2. Medium,"""I'm fed up with banking information""","The customer expresses frustration and dissatisfaction with the banking information process, but no clear intent to cancel is explicitly stated.",4,The agent's inability to clarify the customer's request and provide a clear explanation of the linking process and the status of the requested funds led to frustration and a lower satisfaction score.,7-Apr,5-Jan,James William,1002,0.6,0.5,0.6666666666666666,0.6666666666666666,0.87,0.38,0.6138888888888888,"The customer is trying to update her information and check if a transaction took place, but the linking process may take up to three business days.",HnB,Medium NPS,0,1,1,1,0,0.6,1,0,0.5,0,0,1,0.3333333333333333,1,0,1,0.6666666666666666,1,1,0,0,1,1,0,0,0,0,0,0,1,0,0,0,0,0,0
68d17afa9692de775c175041,TXN_20250922T163320_lbjp9q6uon,not enrolled yet,assist with enrollment process,,,,,,,2025-07-29-16-26-07_679169446886_VOICE_2e62e9db-6716-4a8b-b1ae-b5e00bdc748c,"Speaker1 : Thanks for calling Inspire Financial. My name is Shona. It's better assist you. I have the account holders 1st and last name along with the zip code, please.
Speaker4 : Sure, it's Michael De Salvo and that's D I S A L V O and the zip code 34698.
Speaker1 : Okay, and spell your last name again for me.
Speaker4 : C A
Speaker1 : All right, and may I have the last word of your social, please?
Speaker4 : 9959. All right, one moment.
Speaker1 : You're the account holder, correct?
Speaker4 : Correct. Uh huh.
Speaker1 : And what employee is it for?
Speaker4 : Bosh and lom.
Speaker1 : All right, and could you verify your mailing address?
Speaker4 : It's 1224 Fairway Drive, Dunedin, Florida, 34698. Thank you. And lastly, may I have a callback number for you? Sure. It's 07:27. 742. Oh, 532.
Speaker1 : All right, and how mass today, Mr. De Salvo.
Speaker4 : I just want to make sure that you've received the subsidy information. From bosh and lo, my employer They said they sent it over on Friday.
Speaker1 : Alright, give me 1 s. Friday the 25th.
Speaker0 : All right, give me one moment. just taking a look at the notes. Okay, May I place you on a brief hold? Sure.
Speaker3 : Thank you. One moment.
Speaker1 : Hello, Mr. De Salvo. Yes, thank you so much for patiently holding. Okay, so the way the subsidy works.
Speaker3 : Once you are enrolled, the subsidy automatically applies to your account, being that the account is still showing pending you, there's no benefits or anything listed. I won't be able to see if the subsidy was attached or not because there's nothing for the subsidy to be attached to if that makes sense.
Speaker2 : No, I don't understand that.
Speaker3 : Okay, so when you enroll, you pick your benefits, medical, dental, vision, whatever you want. So when you click submit, the subsidy automatically attaches to the account and it's going to show that it is for how many days, I mean, I'm sorry, how long they're paying for it and as well as. The amount that they're paying. So being that that you haven't enrolled that information we don't have right now.
Speaker2 : Okay, yeah, because they told me. They would walk me through the enrollment once the prices were changed from the $2040 for my wife and I. To the subsidy from Bosh Shalom. Uh huh.
Speaker3 : Yeah, it's possible if you were told in your packet that because this is just, you know. My experience, when you're told in your packet that they're paying for a subsidy, nine times out of ten it automatically updates on the account when you enroll. That way, it automatically attaches.
Speaker2 : Say that again.
Speaker3 : When they're, when the company is paying for the subsidy, the subsidy automatically applies to the account once the enrollment is complete.
Speaker2 : Oh, okay, okay. yes, sir. Yeah, but now I'm seeing here that you never enrolled or anything, so that's why we can't see the subsidy as of right now. Yeah, because they told me, don't enroll yet until the prices have changed and somebody was going to go ahead and walk me through that. I said call and we'll walk you through it. When we get
Speaker3 : Because the way I can see the subsidy is by clicking on your benefit. And being that there's no benefit here for me to click on because you never enrolled, I can't see that information.
Speaker2 : Okay. Is there? I know I talked to Astrid, I believe was her name. Yeah, and she said, yes, just give us a call. we can walk you through it and get you enrolled because they, I said, I don't want to click on anything and then lock it into the $2040 a month. For the two of us when the price should be a lot less than that. So I guess I I'll give y'all a call tomorrow. Maybe I can get a hold of Astrid and she can walk me through or she can get me somebody to walk me through it and enroll because I can't right now I'm not at the computer.
Speaker3 : Oh, okay. Yeah, I can assist you, but whenever you do get out of your computer, anyone that you speak with, if Astrid is not available, that's what we do as well. We can help you step by step with enrolling.
Speaker2 : Okay, great. Thank you.
Speaker3 : Yeah, right. Well, is there anything else that I can assist you with today, sir? No, that should do it. All right. Well, thank you so much for calling and you enjoy the rest of your day. All right, thank you all. No problem. Bye. bye. bye.",subsidy confirmation,Subsidy confirmation refers to verifying the receipt of subsidy information.,Coverage Confirmation,Insurance & Coverage,9.036,Anger,"The customer expresses frustration and annoyance throughout the conversation, particularly when discussing the subsidy and enrollment process. They seem to be unhappy with the current situation and are seeking assistance to resolve the issue.",,'-,,4,"The agent failed to provide clear and concise information about the subsidy enrollment process, leading to confusion and frustration for the customer.",7-Apr,5-Jan,James William,1002,0.4,1,0,0.6666666666666666,0.79,0.38,0.5394444444444444,"A customer, Michael De Salvo, calls Inspire Financial to inquire about a subsidy for his health insurance, but is unable to enroll and resolve the issue due to confusion and frustration.",HnB,Medium NPS,0,1,1,1,0,0.6,1,0,0.5,0,0,1,0.3333333333333333,1,0,1,0.6666666666666666,1,1,0,0,1,1,0,0,0,0,0,0,1,0,0,0,0,0,0
68d17afc9692de775c175043,TXN_20250922T163320_8ka9c2bj3qx,payment denial,check transaction history,card not reinstated,confirm card reinstatement,,,,,2025-07-29-16-43-53_679169470591_VOICE_8bf1a8cb-317b-4922-9114-2b137bf352e0,"Speaker2 : Hi, thank you for calling Inspire Financial. My name is Carla. In order to better assist you, can you provide me your member number? Which may be the same with your social security number.
Speaker1 : I'll give you my social security number. 474. Seven two 4238.
Speaker2 : Thank you and your 1st and last name please.
Speaker1 : Vicky Boggs.
Speaker2 : Thank you. And is it okay if I call you by your 1st name?
Speaker1 : Yes.
Speaker2 : Thank you, Vicky and Can you verify me as well what type of benefit you were calling for?
Speaker1 : What benefit
Speaker6 : Yes, what type of accounts?
Speaker1 : Oh F. do you mean a flexible spending account or a health savings account?
Speaker2 : Okay, thank you so much. And the F the security account. Can you provide me your full address?
Speaker1 : 23 Falls Road, Columbus Ohio, 43214.
Speaker2 : Thank you and your best call back number in case of the line got disconnected.
Speaker1 : 642-70-6972.
Speaker2 : Thank you. Just to verify it's 64270697 02:00 a.m., I correct.
Speaker1 : Yes, yes.
Speaker6 : Thank you. And lastly, the last four digits of your Inspire financial debit card.
Speaker1 : I don't have that on me.
Speaker2 : Okay. Since you don't have the physical card with you, can you provide me one of the latest transaction that you made for this account, the date and the amount?
Speaker1 : I paid 3382.
Speaker2 : Can you provide me the date?
Speaker5 : No, I don't have the day. It was a very.
Speaker1 : Short time ago.
Speaker2 : Okay, how about your. Yes, ma'am. I need the exact date due to you don't have the last four digits of your debit card for security and privacy reasons. How about on your payroll deduction? Do you remember any date and amount?
Speaker1 : $10 a month. I don't know. it's $10 a month, I think.
Speaker2 : Okay. Do you have the Do you remember the recent one for the date even estimated? No, I don't have a date. Oh my gosh.
Speaker5 : I've given you quite a few things to identify myself. This is ridiculous.
Speaker2 : Yes ma'am, I do understand and I do apologize for that one. I'm just following the standard process for inspired. Since you don't have the physical cards with, okay, here's the card. Here's the card. I just went and found it. 5867. Thank you. And how can I help?
Speaker1 : Oh my god.
Speaker5 : I want to know what the balance is in my account because you keep denying payment for a DR.
Speaker1 : Drug that I'm trying to pay for.
Speaker2 : Just to provide your available balance, that would be $260.
Speaker1 : Okay, so why is it keep denying I'm trying to get hell ST ST paid off.
Speaker5 : Of $70 and I keep getting a denial.
Speaker2 : Okay, for that one, let me go ahead and double check. Just kindly give me 5 min. I'll double check with your debit card set. Okay, thank you.
Speaker3 : Hiding keeper patiently waiting Vicky. And according with your concern, as I can check here, your card is active and you have a sufficient balance of $260 and you can use the card for any medical expense as long as it is eligible on your account. And as for checking with the Transaction you made is last July 22. That's the reason why you are not able to use your card because regarding with the return funds you made or payback account. We just received the payment on the time, but the card is not yet reinstated. So for this one, if you will use your card right now, the card is already active and there is no any declaration you will receive. Okay, thank you. You're welcome. And is there anything else I can help you with aside from this one? No, no, thank you.",check balance,check balance refers to verifying the available funds in an account.,Check Balance,Account Management,9.949333333333332,Frustrated,"The customer expresses frustration and annoyance throughout the conversation, particularly when discussing the denial of payment for a medical expense and the delay in reinstating their debit card. They use phrases like 'this is ridiculous,' 'I want to know what the balance is in my account,' and 'I'm trying to get hell ST ST paid off,' indicating their growing frustration and anger.",1. High,"""This is ridiculous."", ""I want to know what the balance is in my account because you keep denying payment for a DR."", ""I'm trying to get hell ST ST paid off."", ""I keep getting a denial.""","The customer expresses frustration and dissatisfaction with the support process, indicating a high risk of churn.",2,"The agent's inability to resolve the issue in a timely manner and provide clear explanations for the denial of payment, leading to frustration and a sense of being denied service.",3-Jan,5-Jan,James William,1002,0.8,0.5,0.6666666666666666,0.6666666666666666,0.83,0.39,0.6422222222222222,"A customer, Vicky, called Inspire Financial to inquire about her account balance and a denied payment for a medical expense. The agent, Carla, verified Vicky's identity and checked her account balance, which was $260. Carla explained that the card was not active due to a recent return of funds, but it was now active and Vicky could use it for eligible medical expenses.",HnB,Low NPS,1,1,1,1,0,0.8,0,1,0.5,0,1,1,0.6666666666666666,1,0,1,0.6666666666666666,1,1,1,1,0,0,0,0,0,0,0,0,1,0,0,0,0,0,0
68d17afd9692de775c175044,TXN_20250922T163320_zbxn7fxlmun,debit card stopped working,verify recent transactions,tax forms after account closure,no taxes associated with account,,,,,2025-07-29-16-45-51_679169470905_VOICE_4cc0d75f-b57c-4edc-a620-2ef93c611cfc,"Speaker2 : Thank you for calling Inspire Financial. This is Rochelle. In order to better assist you, may I please have the account holder's 1st last name and the last for the social security number, please?
Speaker1 : My 1st name is Allison A L L Y S O N. My last name is Tas Bin T like Tom A Apple Z Zebra B boy I Igloo N November.
Speaker2 : Thank you. And the last four is 7908. Thank you, Miss He. Are you the account holder? Yes. Thank you. And in order to secure the account, may I please have your address and the last four digits of the debit card?
Speaker1 : I don't have the card on me because it stopped working, so I have a new card, but I can give you my address.
Speaker2 : Okay.
Speaker1 : It's 600 Willard Street, Apartment 665, Durham, north Carolina, 27701.
Speaker2 : Thank you. And what is the telephone number for you?
Speaker1 : 9 082-793-3301. Can you say that you got a new debit card? So my company has stopped using Inspire and they moved to a different system. So I'm calling about the previous year. Because I have $120.37 left in it and I submitted a claim over. Like 13 days ago and I haven't heard back about it.
Speaker2 : 1st If you don't have the debit card, I need the date and the amount of one of the last three transactions on the account.
Speaker1 : Sure. Give me 1 s.
Speaker2 : No. Okay.
Speaker1 : All right, so. One Well, they're all claims. So do you want the most recent time I've submitted a claim or like the date of the actual?
Speaker2 : The most recent time the claims were submitted.
Speaker1 : Okay. So there's an amount I can open it up more specifically. Okay, so. On June 8, I submitted, I can give you the claim Id. The amount was $63.67. And it went through to my bank account ending 8859i can give you a claim Id for that.
Speaker2 : I just need a date and any amount, but I don't see that amount. If you're on the website and you're on the transaction, you can just give me the most recent transaction on there.
Speaker1 : Okay, let's see. Okay. Well, I didn't get it, but they're saying there's a claim sent to Td Bank for $120.37. On June 12.
Speaker2 : I don't see that one either. Hold on one moment. Oh wait, I'm sorry, I'm reading this wrong. Oh my god, how do you read this? Okay, No, it's $919.32. Are you on the Inspired website under the transactions? Because I don't see that either.
Speaker1 : Okay. There is a, yes I am. I'm looking at all of them. There is a May 30 for $34.38. A May 29 for $36.27. May 30 $34.38. I see that one here. Thank you.
Speaker2 : I just needed one. You're good. I'm just going to look at the claim that you're referring to. And the claim that you're referring to as far as the, let me see, the amount that we have here for you. Okay, it's basically what's
Speaker1 : The amount is much more, it's 400, but it's just obviously for what's left in my account.
Speaker2 : Right. Let's see. And this one is for 07:16 Pending payment process. So it's actually pending and let me look at the. Projected deposit dates Hold on 1 s here. So it looks like the projected. Deposit dates showing is going to be anywhere from seven three to eight 06:20 25 But they, um, I see, I see the transaction that's pending.
Speaker1 : Okay, so I'll get the full amount that I requested back. But By, I think you said August 6.
Speaker2 : Right. You will only, yeah, of course you'll get the amount up to the amount that. Yeah, yeah, yeah.
Speaker1 : You're not going to give me extra money, but I would take it.
Speaker2 : Yeah. Yes.
Speaker1 : No, I double check that one and then so once my plan is at zero. Like any tax forms or anything. Will you guys still send that to me or to my email address that I need?
Speaker2 : There's no taxes associated with the flexible spending account, so you don't have to worry about that.
Speaker1 : Okay, cool. Alright. No, that's it. I was just calling to double check. Thank you very much. No problem. Take care now. Thanks for calling customer service. Thank you. Thank you. Bye bye.",claim status,Claim status refers to the current processing state of a submitted claim.,Claim Status,Claims Management,5.710666666666667,Neutral,"The customer's tone is calm and factual throughout the conversation, with a focus on resolving the issue and clarifying the process. Although there are moments of frustration and confusion, the customer's language remains neutral and polite.",,'-,,8,"The agent was patient and helpful in resolving the issue, but there were some misunderstandings and miscommunications throughout the conversation that could have been avoided with clearer explanations and more active listening.",10-Aug,10-Aug,David Freeman,1001,0.6,1,0.3333333333333333,0.6666666666666666,0.75,0.26,0.6016666666666667,"The conversation is between a customer, Allison, and a customer service representative, Rochelle, from Inspire Financial. Allison is calling to inquire about a claim she submitted on June 8 for $63.67, which was processed to her bank account ending in 8859. However, she is unable to find the transaction on the Inspire website. Rochelle assists Allison in finding the transaction and confirms that the claim is pending. Allison is assured that she will receive the full amount of $120.37 back in her account by August 6. Additionally, Rochelle informs Allison that she will not receive any tax forms associated with the flexible spending account once her plan is at zero.",HnB,High NPS,1,1,1,1,0,0.8,0,1,0.5,0,1,1,0.6666666666666666,1,0,1,0.6666666666666666,1,1,1,1,0,0,0,0,0,0,0,0,1,0,0,0,0,0,0
68d17afe9692de775c175045,TXN_20250922T163320_9qxgv65y5f4,request additional cards,can request online or agent,website issues,set up new username and password,eligible expenses,check eligible expenses on website,,,2025-07-29-16-53-57_679169476642_VOICE_f1a359a7-9044-4917-8901-867e4e5a8e25,"Speaker1 : Thank you for calling in to Inspire Financial at Ut Flex Customer Service. My name is Andrea. To better assist, may I have your 1st and last name please?
Speaker2 : Yes, hi Andrea, my name is Carlene Dollar.
Speaker1 : And how do you spell your last name?
Speaker2 : D as in David O L A R.
Speaker1 : And 1st name spelling.
Speaker2 : C as in Charlie, A R L E E N.
Speaker1 : I think in the solar. and is there a good callback number in case we're disconnected?
Speaker2 : Yes, 713. 792. 4243.
Speaker1 : Thank you. May I have you verify the full address that's on your account?
Speaker2 : 12314 Shady Brook Drive, Pearland, texas, 77584.
Speaker1 : Thank you so much and I just need the last four digits of your flex debit card.
Speaker2 : 8577.
Speaker1 : All right, thank you for verifying that information. For security purposes, I've got your account pulled up here. How can I help you today?
Speaker2 : Yes, I went through the automated system to find out the account balance that I have and it showed a 06:28. And I wanted to ask, because I have to make elections for next year for coverage, Is there any carryover amount or are these funds gone once the new fiscal year starts or plans?
Speaker1 : So there isn't a carryover, but you do have a grace period. Which is basically an extension after your plan ends on August 31. That grace period ends on November 15. So you pretty much have until November 15 to use the balance that you currently have. And then November 16 is when your new balance from your new plan year would be taken out.
Speaker2 : Okay, would it be the same card or would I be expecting a new? Health care card? No, it would be the same card, which is good for five years and then we send out a replacement about a month before it expires. Okay, and it, is it something I could request because I had to add another dependent on to my coverage? Am I able to. Request additional cards or Yeah, absolutely. You can do that online or I can request those for you here if you.
Speaker0 : Let me see, did you already add them? You added the, I don't see it here. Okay, I can, if you have their social, I can go ahead and add them for you onto your flexible spending account as far as being able to be issued a debit card.
Speaker1 : Or again, you can do it online when you go into your account.
Speaker2 : Okay, I'll probably have to do it online because I don't remember their.
Speaker1 : Social
Speaker2 : I tried to log in, I guess, on the website and it said there were some issues to try later. Do you know if anybody's complained or. Mentioned any Website difficulties this morning.
Speaker1 : Not that I have heard of, but I'm actually showing that you don't have a username and password set up, so you may have had one with the previous administrator under Maestro, but I'm not showing that you have one set up under Us Inspire Financial. So. You may want to go ahead and do that at some point just so you have access to quickly check your balance, check your transactions, and of course be able to add the dependence as far as getting a debit card.
Speaker2 : Okay, okay, thank you. May I ask, does it list any eligible expenses that are. That we could use the funds for on the website. Absolutely. Yep. Let me just take a look.
Speaker1 : See what your plan covers here. Okay, yeah, so you've got over the counter, you've got prescription drugs, medical and vision, as well as dental and orthodontic. Specifics as far as over the counter, we do have a full list that's in alphabetical order. As far as with the eligible items. And then we also recommend going on to the Fsa store. So it's a website, fsa store.com. If you need to check out anything else as far as being able to kind of use up those funds before November 15, which is the last day for your grace period.
Speaker2 : Okay. Okay, well, thank you so much. I appreciate all the information. You're welcome, Michel. Is there anything else I can go over with you on the account? I still have you on the line. I don't think so. But I did want to ask, once I put in the request for additional cards, do you know typically how long that time frame is to receive?
Speaker1 : Absolutely. So that's about ten to 15 business days. We ship them out by regular mail. So it could come sooner, but we quote ten to 15 business days.
Speaker2 : Okay, all right. Well, thank you. You're welcome.
Speaker1 : Well, thank you so much for calling the Ut Flex customer service at Inspire Financial. You have a wonderful day.
Speaker2 : Thank you. You as well. Bye bye. Thank you. Bye bye.",coverage confirmation,Coverage confirmation refers to verifying the details of insurance coverage.,Coverage Confirmation,Insurance & Coverage,5.498666666666666,Neutral,"The customer's tone is calm and factual throughout the conversation, with a focus on clarifying information and resolving issues. They ask questions and seek clarification, but do not express strong emotions or opinions.",,'-,,8,"The agent provided clear and detailed information about the account balance, grace period, and eligible expenses, which helped to resolve the customer's concerns and improve their satisfaction.",10-Aug,10-Aug,David Freeman,1001,0.4,0,0.6666666666666666,0.3333333333333333,0.6,0.33,0.38833333333333336,"The conversation is between Andrea from Inspire Financial and Carlene Dollar regarding her Flexible Spending Account (FSA). Carlene inquires about the balance in her FSA and the carryover amount for the new fiscal year. Andrea explains that there isn't a carryover, but she has a grace period until November 15 to use the balance. They discuss the process of adding a dependent to her coverage and requesting additional debit cards. Andrea also helps Carlene troubleshoot issues with her online account and provides information on eligible expenses and the FSA store website. Finally, they discuss the time frame for receiving additional debit cards, which is typically 10-15 business days.",HnB,High NPS,0,1,1,1,0,0.6,1,0,0.5,1,0,1,0.6666666666666666,1,0,1,0.6666666666666666,1,1,0,1,1,1,1,1,0,0,0,0,1,0,0,0,0,0,0
68d17aff9692de775c175046,TXN_20250922T163320_t137iv2ivv,unable to find closure link,check administrative forms for closure form,form submission method,provide email for form submission,,,,,2025-07-29-16-58-14_679169485233_VOICE_01f5357f-4e7d-47d8-8e1e-7cf555df79b0,"Speaker0 : Yeah.
Speaker2 : Thank you for calling Inspire Financial. My name is Bono. To better assist you, can I have your full name?
Speaker1 : Yeah, it's Lori St.. Laurent.
Speaker2 : All right, and then Miss St. Lawrence just to SE the account. Can I get your mailing address?
Speaker1 : Yep, seven Hawthorne Lane, Ashworth, new hampshire, 03062.
Speaker2 : All right, and then can you provide the last four digits of your flex spending card?
Speaker1 : I think it's two, oh, nine, but let me pick it up. Let me. Take a look here. 219.
Speaker2 : Okay, and then just in case we get disconnected, is there also a good callback number for you?
Speaker1 : 603 4387708.
Speaker2 : Okay, thank you. And how can I assist you today? So how do I close this account since I'm no longer part of the Hsa? To close the account. Have you already created an online account?
Speaker1 : No. What do you mean? I. yeah, I'm looking at it now, I think.
Speaker2 : Okay, if you have an online account set up, what you would do is. You would From the main screen. So you click home if you're on the main screen, you're going to scroll down. And you're going to look for View account details. It
Speaker1 : Okay, I see that. Yeah, I got it.
Speaker2 : Okay, and then when you click that, it should add it at the bottom. If you want to scroll down where all the links is, you should see a little link that says close Hsa.
Speaker1 : Let's see to do list expense manager. No, I don't see it. I'm looking at the balance and then the quick links. Is it in the quick links?
Speaker2 : Well, It should just be, do you see like a whole lot of links? It's just like view Hsa statement. And I know there's one that should say manage funds, but. Normally it should show like a little link that's, but if it's not showing, I've run into it before where it doesn't show. So if you don't see it. Then what you, the other, the other thing you could do is if you go to documents and forms and look under administrative forms and then just look for the Hsa closure for now the closure process takes. 14 days to close. There is a $25 closure fee that they would deduct from the balance and then they would just send you the funds once the accounts.
Speaker1 : Okay, I still under documents. I don't see the. To close it
Speaker2 : Did you go to administrative? Documents, administrative forms, and then you Should see you should scroll down on the forms and then you'll see the Hsa. It should just just the Hsa closer for that definitely should be on. Is that what it says? Oh yeah, okay.
Speaker1 : And then how do I do that? Can I fill it out right online?
Speaker2 : I don't know if it is. A form you can fill out. I guess it actually what it boils down to is you have that Adobe writer where you can type into the form. but if not, what you would do is, and I'm going to give you an email address that you can send it to. Once you Complete it, but you can always If you can print it out. Fill it out, take a picture of it so you can scan it to get it back electronically and then email it. Back
Speaker1 : Okay, okay. what's the email or what's the fax number?
Speaker2 : Well, There is a fax number on the form, but. I wouldn't advise really fixing it. I would either say either mail it or email it.
Speaker1 : Okay, okay. what's the.
Speaker2 : The email is going to be CV S like the company. Then C, I, P, that's C as in Charlie, I as in Igloo, P as in Paul. Inspirational.com.
Speaker1 : Okay. All right, thank you very much. I appreciate it.
Speaker2 : No problem. Now, is there anything else I can answer for you?
Speaker1 : No, that's it. Thank you very much.
Speaker2 : Oh, you're more than welcome. You have a good day, Miss St.. Laurent. You too. Bye bye. Bye bye.",close account,Close account refers to the process of terminating an account.,Close Account,Account Management,5.319999999999999,Neutral,"The customer's tone is calm and factual throughout the conversation. They ask questions and seek clarification, but do not express any strong emotions such as frustration, anger, or disappointment. The customer's language is polite and appreciative, indicating a neutral emotional state.",,'-,,8,"The agent provided clear instructions on how to close the HSA account, but there were some difficulties in finding the correct link to initiate the closure process, which led to some frustration.",10-Aug,10-Aug,David Freeman,1001,0.6,1,0.6666666666666666,1,0.74,0.37,0.7294444444444445,"A customer, Lori St. Laurent, calls Inspire Financial to close her HSA account. She is assisted by a representative, Bono, who guides her through the process. The representative explains that the customer can close the account online by clicking on ""View account details"" and then ""Close HSA"" or by downloading and filling out a form, which can be emailed or faxed to the company. The representative provides the email address and fax number for the company, Inspire Financial.",HnB,High NPS,0,1,1,1,0,0.6,1,1,1,1,0,1,0.6666666666666666,1,1,1,1,1,1,0,1,1,1,0,0,0,0,0,0,1,0,1,1,1,0,0
68d17b019692de775c175047,TXN_20250922T163320_h7r7pbm0uv6,confusion about linking accounts,explain difference between Cobra and Hsa accounts,verification of bank account information,confirm need to re-enter bank information,,,,,2025-07-29-17-11-15_679169499758_VOICE_ae758d51-55cb-4934-a238-10a9cb6701c6,"Speaker1 : Thank you for calling Inspire Financial. My name is Shona to assist you and I have the account holders 1st and last name along with the zip code, please.
Speaker2 : Yes, my name is. my 1st name is Jack Woolen, J A C Q U E L I N E Last name board B O E R S.
Speaker1 : And your zip code, ma'am, 97128. Thank you. And are you the account holder? Yes, I am. Okay. And I have the last four of your social. I'm sorry, what was the last one of the social?
Speaker2 : My last four of my social are 8430.
Speaker1 : Thank you. And could you verify your mailing address?
Speaker2 : Yes, it's 702 Northwest Michael Book Court. That's Mcminnville, Oregon, nine 70 128. And lastly, may I have a callback number? My callback is 971. Excuse me, 2370910.
Speaker1 : Thank you. And do you go by a different 1st name?
Speaker2 : You can call me Jackie. Jackie. Okay. All right. How may I assist you today? Jackie? Okay, so I actually have just retired from my company, the Simpson Lumber Company, and. I've set myself up to do Cobra. And I've linked my bank account to my profile because I just want to go ahead and make my payment through that way. I have a question for you on that. So it says on here on my Hsa is to link a bank account to my Hsa. There is the only way for me to get my funds back to make my. Cobra Premium is my only way to get that back is through a check in the mail or can I get that deposited into my bank account? This link.
Speaker1 : I'm not understanding your question. Are you trying to link your bank account to your Hsa? It already is. I already have that done.
Speaker2 : So here's my question. I have to make my 1st payment and my payments due on August 1. So I actually just went in there to say, okay, I'm going to go ahead and make my payment. However, the system's wanting me to put, and I want to know if this is normal, the system is wanting me to put all my information in again. they are, which the system already has. Is that normal?
Speaker1 : Well, your Cobra account is totally different from your Hsa account.
Speaker2 : Okay, go ahead. Sorry, and I'm looking.
Speaker1 : Under their bank account information and I don't see any bank account here for you listed under Cobra.
Speaker2 : So I already got the approval. That it accepted it. So I guess That's okay. So that's really strange. So it had me enter all the information. So now you're saying I have to do it again.
Speaker1 : Through the Yes, because we don't work with Hsa. That's a totally different department.
Speaker2 : Okay, so let me ask you this. So. Is the only way and I don't know if you know the question or not. So if I make my payment online today, which I plan to. Is the only way for me to get my funds because Hsa pays for my Cobra premium. that is an acceptable coverage. is the only way for me to get my funds is for me to request funds and get a check mailed to me or can that be deposited into my account? If you look at my Hsa, you can see that my checking account is linked with my Hsa. That's what I'm trying to explain to you, Miss Jackie. I don't work in an Hsa department, so I don't have your Hsa information. So who am I talking to? I requested to talk to someone from Hsa. You're speaking with the Cobra department. Oh, well, they transferred to the wrong person then.
Speaker1 : Okay, well that's no problem. I can get you directly over.
Speaker2 : Okay, so hold on for a 2nd then. So. Okay, so. Do I have? Okay, so when I make my payment, am I going to have to go through the same thing, then again through the Cobra to set up my notification to link it with my bank account, which my bank account is already linked to my Hsa?
Speaker1 : That's what I'm trying to explain. So if you want to set up, if your Hsa is paying for your Cobra out of your Hsa account, your Hsa have to set that up through their system. But if you want to make your Cobra payment out of your own personal checking account and you want that to be like reoccurring, then yes ma'am, you will have to put your checking information under your Cobra account. Because those two are not linked together.
Speaker2 : Okay, so. Okay, so it sounds like that's what I have to do then. I don't think I need to be. I guess I. Yeah. It's so confusing. so. I thought That And you're Cobra right now and I want to make my account online is going to have, is it going to have me verify my bank account again just like it did with my Hsa? Because now I don't know why I have my bank account listed with my Hsa. I don't know if inspired can take it directly out of my Hsa to pay for Cobra.
Speaker1 : It is possible, but you will have to speak with the Hsa department so they can set that transaction up for you on a monthly basis from your Hsa balance. Okay, okay. That's what I'd like to do if you don't mind. That'd be awesome. Okay, let me just make sure if I transfer you over, you would like for your Cobra monthly balance to be paid out of your Hsa account, correct? Yes, that is correct. All right, which is something that can be done, but the Hsa department have to set that transaction up for you. Okay, okay, sounds good. All give me one moment. I'll transfer you directly over. Perfect. Thank you. No problem. 1 s.",payment setup,Payment setup refers to configuring a method for making payments.,Payment Method,Payments & Transactions,6.017333333333334,Anger,"The customer expresses frustration and annoyance throughout the conversation, particularly when discussing the need to re-enter information and the confusion around linking their bank account to their HSA and Cobra accounts. They use phrases like 'it's so confusing' and 'I don't think I need to be' to convey their frustration.",3. Low,"""I don't think I need to be"", ""It's so confusing"", ""I don't know why I have my bank account listed with my Hsa""","The customer is frustrated with the process and seems to be seeking a solution, rather than expressing intent to cancel or leave.",7,"The agent was unable to provide a clear and direct answer to the customer's question regarding the payment process for Cobra premiums, leading to confusion and frustration. However, the agent did offer to transfer the customer to the HSA department, which was a helpful and customer-centric approach.",7-Apr,7-Jun,David Freeman,1001,0.4,1,0.3333333333333333,0.6666666666666666,0.81,0.27,0.58,"The customer, Jackie, is trying to make a payment for her Cobra premium through her HSA account. She has already linked her bank account to her HSA, but the system is asking her to enter her information again. She wants to know if she can deposit the funds directly into her bank account instead of receiving a check. The agent from the Cobra department explains that the HSA department needs to set up the transaction to pay the Cobra premium from the HSA account on a monthly basis. Jackie agrees to be transferred to the HSA department to set this up.",HnB,Medium NPS,0,0,0,1,1,0.4,1,1,1,0,0,1,0.3333333333333333,1,0,1,0.6666666666666666,1,1,1,0,1,1,0,0,0,0,0,0,0,0,0,0,0,0,0
68d17b029692de775c175048,TXN_20250922T163320_q9mi23vja5h,card not received,wait a few more days or issue new card,address verification,confirm address on file,,,,,2025-07-29-17-22-02_679169512136_VOICE_a2de9186-c1de-4ec1-be27-1065ed099313,"Speaker2 : Hello, thank you for calling in Crest Griffith. And are you the account holder? Yes, ma'am. Can I have just the last four digits of your Social Security number, please? 7174. And could you please verify your address?
Speaker1 : 2111 Cent Street, Petersburg, virginia, 23805.
Speaker2 : Thank you for that and I do also need the last four digits of your debit card, please.
Speaker1 : The last digit of the card. I lost the card. I don't have it. That's why I called in like two weeks ago to get a replacement card and I still don't have the card.
Speaker2 : Okay, so. Do you happen to know the month and year from when your account 1st started with inspired financials?
Speaker1 : It would be April What was the day of April? I know it was 2024. When was in 2024?
Speaker0 : Oh.
Speaker1 : I had a plan 2025 this year. I had one Last year with Cbs and I believe I believe it will be 2024, but I can't remember the month and the phone thing just told me. I want to say it was April 2024 maybe.
Speaker2 : Okay, I know that doesnt exactly match our records. Is that your newest account with us? No, the newest one is six 01:20 25. Thank you so much. I can use that for verification. And give me just one moment and I can check on your card status.
Speaker1 : DR. can turn it down.
Speaker2 : Okay, and it does show here there was a debit card requested for you early July. Now the most recent card Was actually shipped out for you on July 15. And Yeah, it was shipped on July 15, 2025, and it would have showed up in a plain white envelope with only our Inspire financial logo. So at this point. Miss Griffith, it's it's up to you whether you would like to allow a few more days for the mail carrier to deliver that card. Because the other option would be just to pretty much. Have that one canceled out and issue a new one. Because it does show this is the 2nd card that we've shipped out for you. And I'm just going to double check the address here. Yeah, the address matches what we have on the account for you.
Speaker1 : I guess I wait if that's my house address. and I did. I checked the mailbox every day, so I waited a little bit longer.
Speaker2 : And I did just double check it. It doesn't show that the card has been returned to us for any reason either. So it's been shipped to the address on file. So. Because after this The only other option is If you don't receive that card, if you have like an alternate address that we may be able to use in case there's something going on with, you know, mail delivery in your area. But other than that, it just confirms that the card was shipped and. It was on its way.
Speaker1 : Thank you.",missing debit card,missing debit card refers to a situation where a customer has not received their debit card after requesting a replacement.,Missing Debit Card,Card Services,5.293333333333333,Neutral,"The customer's tone is calm and factual throughout the conversation, with a focus on resolving the issue of the missing debit card. They express frustration and disappointment, but it's not intense enough to be classified as anger. The customer's language is polite and cooperative, indicating a neutral emotional state.",,'-,,8,"The agent provided clear and helpful information regarding the status of my debit card, and offered a reasonable solution to the issue of delayed delivery.",10-Aug,10-Aug,David Freeman,1001,0.6,1,0.6666666666666666,1,0.55,0.15,0.6611111111111111,"The conversation is between a customer and a representative of Inspire Financials. The customer is trying to verify her identity and obtain a replacement debit card. The representative checks the customer's account and confirms that a new debit card was shipped to her address on July 15, 2025. The customer is advised to wait a few more days for the card to arrive or to provide an alternate address if there are issues with mail delivery.",HnB,High NPS,0,1,0,1,0,0.4,1,1,1,0,0,0,0,1,0,1,0.6666666666666666,1,1,0,1,1,0,0,0,0,0,0,0,1,0,0,0,0,0,0
68d17b039692de775c175049,TXN_20250922T163320_3u7z0i7j9n5,provider did not receive payment,contact provider for payment confirmation,no response to faxes,agent unable to explain lack of response,,,,,2025-07-29-17-22-55_679169515026_VOICE_34a00203-cd70-4014-a840-3db6b8f6eb22,"Speaker4 : Thank you for calling Inspire Financial. My name is Adore. To better assist you, could I please have the account holder's 1st and last name and zip code?
Speaker2 : Ann Goldman, 276. Oh, six.
Speaker1 : Thank you.
Speaker4 : And Ms. Goldman, could you also verify the last four digits of the member Id number? It may be the same as the Social Security number.
Speaker2 : 3870.
Speaker1 : Thank you. And could you also verify your full address?
Speaker2 : 6331 Deere Drive, Raleigh, North Carolina 276. Oh, six.
Speaker1 : Thank you.
Speaker4 : And can you verify? And can you verify the last four digits of the debit card?
Speaker2 : 0132.
Speaker3 : Thank you. And would you like to provide a callback number?
Speaker2 : You should have it on file.
Speaker1 : Okay. Yes.
Speaker3 : Actually, no, I do not show a phone number on file.
Speaker2 : 999-86-0782.
Speaker3 : Thank you so much. And how can I assist you today, Miss Goldman?
Speaker2 : My debit card has been suspended due to a charge that I have requested multiple times to receive information on what you received on it. And because my social security number has been incorrect until. July 10. I have not been able to get that information from you, so. Can you tell me where this card was charged at? What location? What's the date? Anything I know the is March 3.
Speaker3 : Okay, yes, it shows. Well, it looks like it was paid on the my chart, so I don't know if that was in person or online, but Duke Health my chart for $40 on March 3, that's all the only information we have from the transaction.
Speaker2 : Which is interesting because when I contacted Duke, they say they didn't receive a charge or a payment of $40.
Speaker3 : Did the payment go through on the my chart when you made the payment? Did they confirm it went through?
Speaker2 : As I said, they show they never received payment of $40. They don't know what A33 charges for from.
Speaker3 : Okay, so I understand that the provider is saying they didn't get it. Are you saying provider saying they didn't get it or?
Speaker2 : No one is showing record of receiving $40 from my Fsa card.
Speaker3 : Okay. I'm not really sure where to go from here. Well, that makes two of them. And I have almost $1000 being held.
Speaker2 : Because of this mystery $40 charge.
Speaker3 : So there's no money being held. Even if the card is suspended, you can still access the money there. You would just have to pay out of pocket and file a claim to get reimbursed.
Speaker2 : Yeah, which means my money is being held because you're not going to reimburse me until there's some 40. This mystery is solved and it's frustrating because I have sent four faxes asking for this information and no one's replied to me.
Speaker3 : You send faxes asking us for the information.
Speaker2 : Yeah, no one has returned my phone call. No one has replied back to me at all with any of this information.
Speaker3 : I'm sorry. Yeah. But yeah, as far as all we know is the card was used on the my chart for Duke Health for $40 on March 3. Our system is not going to produce any other information.
Speaker2 : Why has nobody contacted me back when I've repeatedly sent faxes requesting for information, the last one being July 21?
Speaker3 : So I can't answer that. I don't know who responds to the faxes. Apparently no.
Speaker2 : Terrible customer service So now I'm stuck in the middle here. And I have a car, I have almost $1000 I cannot use because you guys are holding it up for something that I have no idea what it is and my doctor's office doesn't know what it is. So what am I supposed to do?
Speaker3 : Okay, so some other options would be if you have any. Expenses that you've paid out of pocket for, you can file a claim and offset the $40 or you can pay back the $40 to the account to get the. So either way, you want me to pay for something that I don't even know what it's for. So how can I pay for something if I don't even know what it's for? How do you know that somebody can take my card and charge it someplace else for someone else?
Speaker2 : But I'm being responsible for this mystery. $40, a lousy $40 you want me to pay for when I don't even know what it is.
Speaker3 : Well, clearly it's a payment for a health service that Duke Health provided. Well, clearly doesn't have a.
Speaker2 : It
Speaker1 : Okay, well.
Speaker3 : That you would have to take up with my chart, why they're not showing the payment or do health as to why they do not have your payment for $40 that you made with your Fsa debit card on March 3.
Speaker1 : Okay, good bye.",transaction inquiry,Transaction inquiry refers to a request for details about a specific financial transaction.,transaction inquiry,Payments & Transactions,5.886666666666667,Frustrated,"The customer expresses frustration and annoyance throughout the conversation, particularly when discussing the lack of response to their faxes and the mystery charge on their debit card. They use strong language, such as 'terrible customer service' and 'I'm being responsible for this mystery', indicating their anger and disappointment.",1. High,"""This mystery is solved and it's frustrating"", ""No one has returned my phone call. No one has replied back to me at all with any of this information."", ""Terrible customer service"", ""I'm being responsible for this mystery. $40, a lousy $40 you want me to pay for when I don't even know what it is."", ""Maybe it's time to switch""","The customer expresses strong frustration and dissatisfaction with the customer service, feeling that they are being held responsible for a mystery charge without any clear explanation or resolution. They also mention that they have sent multiple faxes and made phone calls without receiving a response, which suggests a lack of effort from the company to address their concerns.",2,"The customer was frustrated with the lack of communication and resolution regarding the mystery $40 charge, which led to their account being suspended and their funds being held.",3-Jan,5-Jan,David Freeman,1001,0.4,1,0.3333333333333333,0.6666666666666666,0.63,0.12,0.525,"The customer's debit card was suspended due to a $40 charge to Duke Health, but Duke Health claims they did not receive the payment. The customer is frustrated with the lack of communication and customer service from Inspire Financial.",HnB,Low NPS,0,1,1,1,0,0.6,1,1,1,1,0,1,0.6666666666666666,1,1,1,1,1,1,0,1,1,1,0,0,0,0,0,0,1,0,1,1,1,0,0
68d17b049692de775c17504a,TXN_20250922T163320_hm7l0kzmm44,missing eligibility information in email,provide email details for verification,,,,,,,2025-07-29-17-29-54_679169523675_VOICE_f883a8d1-848f-46b8-ad34-150adb56633b,"Speaker2 : Thank you for calling Inspire Financial Customer Service. To your account, may I add the account holders 1st and last name please?
Speaker1 : Hi Shayla, this is Dawn from Blue Cross Blue Shield of Illinois. I am calling for Richard. Cheeky G E T E A K
Speaker2 : A You said T E A K.
Speaker1 : No T E. G E A K
Speaker2 : Okay, I got it. Okay, are you able to provide me with the last four digits of Mr. Ti's social security number?
Speaker1 : 0804.
Speaker2 : His address
Speaker1 : It is 2824 Cedar Drive, Naperville Illinois, 60565.
Speaker2 : Okay, and how about a good callback number for the account holder?
Speaker1 : 630-660-9443.
Speaker2 : And that was 630-660-9443. Yes. All right, and you said you're from Edna. What was your name? No, I'm from Blue Cross Blue Shield. My name is Dawn. Dawn. That's right. Who calls from Illinois? All right, and how can I assist you today?
Speaker1 : Okay, we have the Tiki family. As has terminated in our system. I just spoke with Ray from your side over there. Gave me, you know, the time and date email was sent and all that. So my membership team went in to look for those emails and we have emails, but it's nothing regarding. Eligibility or reinstating them for Cobra. And then I have the member on the back line stating, yeah, they should be. Active and They're not, they're not active and we don't have any email. From Cobra regarding the status of their Application Or anything. Seeing that they should be active.
Speaker2 : They sent out multiple seven nine and they sent two on 07:22. Correct.
Speaker1 : Yep, if you open those emails, there's nothing with their names on it according to my. Membership team. there's nothing with their names on it stating that they are to be reinstated for eligibility.
Speaker2 : This was a long SE. Let's see. So yeah, I do see that. I see that they And it's a long fee. like it looks like they did a list from the same company eligibility update. Global Market is SE Boy Global Market Inc. and they have a list of account holders for eligibility update. And I do see. Mr. Tiki and his family listed on there for eligibility.
Speaker1 : Okay, what was the. What date and time was that sent?
Speaker2 : That was seven. 22. It looks like 03:55. This is central time.
Speaker1 : So p. m. Or am possible it'll say Am or Pm. It just say 03:55. I know it's central time. Okay, but
Speaker2 : It looks like the fee was long. It didn't send one account holder. It sent multiple from the same employer. Employer. Excuse me.
Speaker0 : And is the subject line Cobra eligibility update?
Speaker2 : Yes.
Speaker1 : Ok. Do you have an inquiry number for. That email there so they can pinpoint it on our side.
Speaker2 : No, they don't ever put that. Went to Blue Cross Blue Shield. Underscore eligibility, Underscore Illinois at Blue Cross blue shield.com.
Speaker1 : Yep.
Speaker0 : Okay, let me try again on our side.
Speaker2 : All right, any other questions or concerns for me today?
Speaker1 : Nope, that is it. Thank you so much.
Speaker2 : Thank you for calling customer service. Have a good day. You too. Bye.",eligibility update,Eligibility update refers to verifying the status of coverage for an insurance policy.,Eligibility Update,Insurance & Coverage,6.557333333333333,Anger,"The customer's tone is frustrated and annoyed throughout the conversation. They express dissatisfaction with the lack of information and the inability to resolve the issue, using phrases like 'it's nothing regarding' and 'there's nothing with their names on it'. The customer also seems to be trying to clarify and verify information, which suggests a sense of urgency and frustration.",,'-,,8,"The agent was able to locate the eligibility update email sent by Global Market Inc. and provided the date and time it was sent, which helped resolve the issue.",10-Aug,10-Aug,David Freeman,1001,0.6,1,0.3333333333333333,0.6666666666666666,0.75,0.16,0.5850000000000001,"The customer, Dawn from Blue Cross Blue Shield of Illinois, is calling to inquire about the status of Richard Tiki's Cobra eligibility.",HnB,High NPS,0,1,1,1,0,0.6,1,1,1,0,0,1,0.3333333333333333,1,0,1,0.6666666666666666,1,1,0,0,1,0,0,0,0,0,0,0,1,0,0,0,0,0,0
68d17b059692de775c17504b,TXN_20250922T163320_7thx4xlr8uy,unable to find account,reach out to backend team,,,,,,,2025-07-29-17-32-22_679169508889_VOICE_6ba8c23b-8700-4f31-b845-9ea36ba063e3,"Speaker1 : Thank you for calling Inspire Financial. My name is Roger. In order for me to better assist you, may I please have your member number, which may be the same as your Social Security number?
Speaker2 : This is not for me. I'm calling for a. About a check that we received from our company. We're trying to identify what it is that you are paying for.
Speaker1 : You received the check from your company.
Speaker2 : We received a check.
Speaker1 : Inspire
Speaker2 : Yes, from Inspire and we need a copy of what it is. Who or what it is that you're paying for.
Speaker1 : Well, may I know your name and. Which department are you calling for? Are you the provider?
Speaker2 : Yes, provider.
Speaker1 : Can you have the check number?
Speaker2 : Yes, the check number is 587-53-0101.
Speaker1 : 5875301. The date of the check, please.
Speaker2 : July 23 of 25.
Speaker1 : Thank you so much. May I know your name for me to address you?
Speaker2 : My name is Tish.
Speaker1 : Thank you. Bear with me. I'll be. Checking all the information here on my end. Bear with me.
Speaker2 : Okay.
Speaker1 : Don't care one moment.
Speaker2 : Sure.
Speaker0 : Sure.
Speaker1 : So you don't have any name on the. Check Where Or paying for
Speaker2 : No.
Speaker1 : No. So Do you have your callback number in case our line got disconnected?
Speaker2 : Yes, my number is hold on. It's 256. 615. 8554554.
Speaker1 : Thank you. I'll put you on hold and I'll be checking more information. 1st. I'll get back to you. Give me three to 5 min. Thank you so much for holding on the line, Bisha. Sorry for the long wait. I was able to or I tried to search the check number here on my end. Unfortunately, I cannot be able to find any account. What I'm going to do is I'm going to reach out to our back end team. To check the details Of the check that was sent And once they replied, I'll be calling you back to inform which the payment is for. Can you be able to provide me? The amount of that check.
Speaker2 : The amount is $100 even.
Speaker1 : Thank you. Just to verify, the check date will be July 2320, 25.
Speaker2 : Yes.
Speaker1 : Your call up number is 256-65-8554. Thank you and Once I receive the response from our backend team, I'll be calling you back. If that's okay with you.
Speaker2 : Yes. Just to make sure that I am The right place. This is inspire financial help.
Speaker1 : Correct, we're from Inspire Financial Health Services. May I know also your name or the name of the provider?
Speaker2 : North Shore Li urgent care.
Speaker1 : And also The Check Came from Omaha, Nebraska.
Speaker2 : Yes.
Speaker1 : Correct, that is actually our address. So We'll Send the request or for the backend team to check that for you and I'll be reaching out to you to inform which the payment for.
Speaker2 : Okay. Do you have like how many, how long will it take? Will it take more like 24 h or?
Speaker1 : Yeah, 24 to 48 h.
Speaker2 : 24 to 48 h. Okay. Okay. Can I provide you my email address just in case you couldn't give me? Contact me over the phone. Contact me over the phone.
Speaker1 : Sure thing. Can I have the email address?
Speaker2 : Sure, it's Tsa. That's T as in Tom, E as in Edward, S as in Sam, H as in Harry, A as in Apple. Davis D as in dog, A as in apple, B as in victor. Go health Go health Uc Dot com
Speaker1 : Just to verify that ST ST shot at Davis at go help. Us us.com.
Speaker2 : Go help you see.com. I'm sorry.com.
Speaker1 : They got it.
Speaker2 : Okay, and what was your name? What was your name? My name is Roger.
Speaker1 : They want me to spell it. Correct.
Speaker2 : Okay, all right. Well, thank you so much, Roger, for your help.
Speaker1 : You're welcome. Thank you for calling Inspire off, you know, show. Bye now.
Speaker2 : Bye.",check inquiry,Check inquiry refers to identifying the purpose of a received check.,Check Inquiry,Payments & Transactions,9.8,Neutral,"The customer's tone is calm and factual throughout the conversation, with a focus on providing information and clarifying details. They ask questions and seek clarification, but do not express strong emotions or opinions.",,'-,,8,"The agent, Roger, was patient and helpful in trying to resolve the issue, but unfortunately, he was unable to find any information about the check, so he had to put the customer on hold to reach out to the backend team for further assistance.",10-Aug,10-Aug,David Freeman,1001,0.4,0,0.6666666666666666,0.3333333333333333,0.52,0.39,0.385,"The customer, Tish, received a check from Inspire Financial and is trying to identify what it is paying for. The customer provides the check number (5875301) and date (July 23, 25). The agent, Roger, checks the information and is unable to find the account. He promises to reach out to the backend team and will call the customer back with the payment details once they respond. The customer provides their callback number (256-615-8554) and email address (Tish Davis at gohealthuc.com). The agent estimates that it will take 24 to 48 hours to receive the response from the backend team.",HnB,High NPS,0,1,0,1,0,0.4,0,0,0,0,1,1,0.6666666666666666,0,0,1,0.3333333333333333,1,1,0,1,0,1,1,1,0,0,0,0,1,0,0,0,0,0,0
68d17b069692de775c17504c,TXN_20250922T163320_vp6xg437wdk,account verification process too lengthy,relay feedback to supervisor,card setup issue,advise to contact employer,,,,,2025-07-29-17-35-29_679169531745_VOICE_0fe7c7df-6125-4730-98e9-6ca1cb547dd0,"Speaker1 : Thank you for calling Inspire Financial. My name is Renan. To better assist you, may I please have your full name and your zip code?
Speaker2 : Michelle Alford, 37122.
Speaker1 : Thank you so much for that information, ma'am. Can you spell out the last name for me?
Speaker2 : A L F O R D
Speaker1 : You so much, Miss Alfred, and let me And I just want to make sure if I have or if I spell out the 1st name correctly, it's M I C H E L L E. Thank you. When I'm in here, let me pull up your account information.
Speaker2 : Excuse me.
Speaker1 : Just give me one moment here. Let me pull up your information. Thank you. Okay, so I already have your account information pulled up, Miss Alford, just for ver. Can I also have the address on file?
Speaker0 : I've just verified what they need. This is something they need. This is taking up too much time. I just went through a verification process and I still have to verify. They need to revamp that because I'm on my work hour and it just doesn't make any sense. 1702 Eagle Trace Drive, Mount Juliet, Tennessee, 37122.
Speaker1 : I Yes, I will relate your feedback to my supervisor to have this issue fixed as well and. I'm so sorry, ma'am. Lastly, to complete the account verification, can I have the last four digits of your Pay Flex debit card or Inspire financial card 675? Thank you so much for fully verifying your account before we proceed, just in case we get disconnected or there's a future follow up. Can I have your phone number?
Speaker2 : So we don't know. I'm, I just left the store. And I tried to use my flip card to buy over the counter medications and it didn't go through.
Speaker1 : I see. I apologize for that inconvenience. Let me check here what happened, why your card got declined. Can I put you on hold for three to 5 min for me to go over on your card information? Thank you so much, ma'am. Please bear with me. Thank you. Thank you for patiently waiting and I apologize for the long haul, Miss Alford. So yes, I checked the account here. It shows that on how they set up your account, it's in auto pay setup, so you can only use your card for prescription. But when I check the transaction here or the previous transaction that you did today. I show an attempt for $15.94 in Walmart Super Center and Reason why it got declined because Shows none Iaas transaction or Maybe The item that you're trying to purchase wasn't coded as. Fsa eligible item because sometimes they're the medication over the counter medicine over the counter, all three of them aspirin. I apologize for that inconvenience, ma'am, but yes, if it's over the counter. It shows that your card can be only used for prescription drugs and the rest. it's set up as auto pay. So how auto pay works is that after you made a purchase or after the provider completed the service, they will.
Speaker2 : Are you telling me that over the counter medicines aren't covered under flex spending?
Speaker1 : No, ma'am, I'm sorry. Oh sorry, go ahead.
Speaker2 : Are you saying that over the counter medicine is covered?
Speaker1 : It's covered. It's just that how they set up your account. Based on the covered expenses on your account here, you can use the fund for deductible dental orthodontic, but how they set up your card is you can only use your card for. Prescription drugs and the rest is in a setup.
Speaker2 : The way who set up my car because that's not the way it should be.
Speaker1 : Normally, ma'am, the employer is the one who set up the account or. What expenses you can use your card and we're just the receiving end for this transaction.
Speaker2 : Okay, alright, I'll call them. Thank you.",transaction inquiry,Transaction inquiry refers to a request for details about a specific transaction.,transaction inquiry,Payments & Transactions,6.024,Frustrated,"The customer expresses frustration and annoyance throughout the conversation, particularly when discussing the limitations of their Flex spending card and the inconvenience caused by the auto-pay setup. They also show signs of disappointment and disapproval when explaining the issue to the support agent.",2. Medium,"""This is taking up too much time"", ""I'm on my work hour and it just doesn't make any sense"", ""The way who set up my car because that's not the way it should be""","The customer expresses frustration and dissatisfaction with the current setup of their account and the process of verifying their information. They seem to be unhappy with the limitations of their card usage and the time it's taking to resolve the issue. However, there's no clear intent to cancel or leave the service.",2,"The customer was not satisfied with the explanation provided by the agent regarding the limitations of her Flex Spending card, specifically regarding the coverage of over-the-counter medications.",3-Jan,5-Jan,David Freeman,1001,0.6,1,0.6666666666666666,1,0.55,0.17,0.6644444444444444,"The customer, Michelle Alford, is experiencing issues with her Inspire Financial card, specifically with a declined transaction at Walmart Super Center for over-the-counter medications. The agent, Renan, is assisting her in verifying her account information and explaining the auto-pay setup, which restricts the use of her card for prescription drugs only. The customer is unhappy with the setup and plans to contact her employer to resolve the issue.",HnB,Low NPS,1,1,0,1,0,0.6,1,1,1,0,1,1,0.6666666666666666,1,1,1,1,1,1,0,0,1,1,0,0,0,0,0,0,1,0,0,0,1,1,0
68d17b079692de775c17504d,TXN_20250922T163320_0v0sibi1vvf,funds flagged as fraud,send email to fraud team,,,,,,,2025-07-29-17-38-43_679169534493_VOICE_566eb876-79f7-4206-8a35-670ec84a8a08,"Speaker3 : Thank you for calling Inspire Financial. This is Joan. To better assist, you may have your full name and zip code.
Speaker2 : That's Natalie Surratt. The zip code is 06907.
Speaker3 : Thank you. Can you spell your 1st and last name, ma'am? 1st name is Natalie N A T A L I E. Last name is Sarah S U R E T T E. All right, thank you. Let me just pull up your account here one moment. All to secure your account. Miss Srem, your address. One address, ma'am, the one in file. It's 34 Twin Brook Drive, Stamford, Connecticut, 06907. All right, thank you. And how about the last four digit of your pay flex or inspired debit card? Can you please confirm it's 7078? Thank you. Can I have your callback number please in case we'll get disconnected?
Speaker2 : 773. 968. 3287.
Speaker3 : Thank you. To confirm that. 773-968-3287, right? Yes. Thank you so much. And how can I help?
Speaker2 : I received an email. From Inspir'd Fraud Management team. Suggesting that I did initiate an electronic funds withdrawal. Well, a transfer to my bank account because I paid something with my credit card and I was trying to pay myself back and that it seems like it was flagged as fraud.
Speaker6 : As
Speaker1 : Okay.
Speaker3 : I'm so sorry to hear about this. Let me check on it.
Speaker1 : Yes, indeed there is a funds withdrawal initiated last July 27. One for $530.40. Another Withdrawal for $2571.70. So you made these transactions right? Yes.
Speaker6 : Yes.
Speaker3 : Right. Thank you. They're actually Checking just to make sure that it was you who made the transaction. So they wanted you to verify, ma'am, the Bank account name.
Speaker1 : And also the last pre digit on the account number.
Speaker2 : The account, is it Chase? Is that like the bank account name that you're looking for? It's a Chase account. The Jp Morgan Chase.
Speaker3 : Thank you. And then the last
Speaker2 : For 9713
Speaker3 : Right. Thank you. I'm sorry, I think there's a delay on the audio. Thank you for confirming that information. Here's what I'm going to do. I'll be sending.
Speaker1 : An email To our fraud management team informing them that you were able to verify these withdrawals and that it was you who made the. Transactions. I'm gonna send them a request to release this. Once Withdrawal. please bear with me for a while. Allow me three to 5 min to send an email. Okay, thank you.
Speaker5 : Thank you for patiently waiting on the line. Mr. S has already sent an email to our product management team informing them to release the withdrawal request since you were able to verify the information. So okay, like up to five business days for this funds to be.
Speaker4 : Transferred to your bank account. Okay, anything else? No, that was all. Thank you.
Speaker3 : You're welcome. You may also visit the website Pam inspire final.com to check status and his.
Speaker4 : Withdrawal. Thank you so much for calling Inspire Financial and you have a great day. Take care. Bye for now. Thank you. You too. Bye.
Speaker1 : Bye bye.
Speaker0 : You",report fraud,Report fraud refers to notifying the institution about suspicious transactions.,Report Fraud,Fraud & Investigation,9.904,Neutral,"The customer's tone is calm and factual throughout the conversation. They provide necessary information and confirm transactions without expressing any strong emotions. The customer's language is straightforward and cooperative, indicating a neutral emotional state.",,'-,,8,"The agent was helpful and patient in resolving the issue, and provided clear explanations and instructions to verify the transactions.",10-Aug,10-Aug,James William,1002,0.8,0.5,0.6666666666666666,0.6666666666666666,0.5,0.3,0.5722222222222222,"A customer, Natalie Surratt, contacted Inspire Financial regarding a flagged transaction. She was asked to verify her account information, including her address and the last four digits of her debit card. After verifying the information, the customer was assured that the transaction would be released, and the funds would be transferred to her bank account within 5 business days.",HnB,High NPS,1,1,1,1,0,0.8,0,1,0.5,0,1,1,0.6666666666666666,1,0,1,0.6666666666666666,1,1,1,1,0,0,0,0,0,0,0,0,1,0,0,0,0,0,0
68d17b089692de775c17504e,TXN_20250922T163320_gmd2ram8lif,need letter for coverage end date,use severance paperwork for coverage end date,,,,,,,2025-07-29-17-51-14_679169553396_VOICE_f8628581-eb29-4821-a93c-1b422478b6f8,"Speaker2 : Thank you for calling Inspired Financial. My name is Sheila. In order to better assist you, may I have the account holder's 1st and last name in the zip code?
Speaker1 : Yes, Christopher Smith, zip code is 28173. Thank you, Mr.. Smith, may I have the last four of your social security number please? Yes, 0005.
Speaker2 : Great, thank you. What is the address we have on file for you?
Speaker1 : It should be 3014 Burton Point Court. That's Waxhaw, North Carolina, 28173. Excellent. And what's the best phone number for you if we're disconnected? Sure it's 631 seven 93. 1994.
Speaker2 : Hi, thank you. How may I help you today?
Speaker1 : I just have a couple of questions actually. When I left The Coca Cola Company. I had six months of health coverage, including my severance, and my coverage is ending on 10 August. So I just wanted to see what my options are for continuation and what that would look like.
Speaker2 : Right. Well, I'd be happy to look at that for you. I'm still trying to pull up your account. I apologize. My computer is running a little slowly. It'll be just another moment.
Speaker0 : Oh.
Speaker2 : All right, so is your account ending, you've had the entire 18 months, or is Coca Cola just not paying past a certain point?
Speaker1 : Yeah, I think they were covering up until. It was six months, so I think they were covering it up until 10 August.
Speaker2 : Okay, all right. so there's a couple of things here. So if you decide that you want to terminate the coverage after they stop paying for it in part or all. We can have you send us an email to terminate coverage or you can continue the coverage and pay for it all the entire premium yourself. Or if that's going to be too much money for you, going back again to terminating the coverage. What I recommend people do is check out the healthcare Dot Gov marketplace for something with a better rate.
Speaker1 : And so What would be the monthly cost?
Speaker2 : Well, I'm still trying to get your information to pull up and it turned out that there were so many Christopher Smiths in our system that it wasn't finding you. Would it be Actually, bear with me one moment. I apologize. I'm trying something else. There we go. Okay. All right, so right now. The medical alone, if you were paying for it yourself, is $2314.45 per month.
Speaker1 : Okay.
Speaker2 : And that's just for the medical.
Speaker1 : That's just for medical Okay. Oh, and the dental actually, I'm looking at my paperwork now because I was trying to, it looks like the dental is 127.
Speaker2 : That's what I have as well. 2730. That would be 20 400 a month.
Speaker1 : Okay, and so. What do you want me to ask her? I already told you the date. So are you able to. Send me An email On that or is that that my coverage is ending because my wife has the option to get health insurance through her company but she needs a letter. With a Verifying when our coverage ends or can I just use my. I don't know if I could use this. Paperwork I got originally from the company, but.
Speaker2 : Right. So it looks like your coverage isn't actually ending until August 10 of 2026, Not this year. Now I know that there is a date that Coca Cola is paying up through, which is August 1 of this year. But that's the difference is it's not ending. It's just if you want to continue paying for it yourself.
Speaker1 : Okay, so I'll have to use my severance paperwork then because it specifies the August 10 date. All right, All right. Fair enough. Was there anything else I could answer for you today, Mr.? Smith? No, thanks. All right, thank you. You have a good rest of your day and thank you for calling you too. Take care.",coverage continuation,Coverage continuation refers to extending health insurance after initial coverage ends.,Coverage Continuation,Insurance & Coverage,5.022666666666667,Neutral,"The customer's tone is calm and factual throughout the conversation, with a focus on clarifying information and understanding options for health coverage. They ask questions and seek clarification, but do not express strong emotions such as frustration, anger, or disappointment.",,'-,,8,"The agent provided accurate and detailed information about the coverage options, including the correct end date of August 10, 2026, which addressed my main concern and improved my satisfaction.",10-Aug,10-Aug,James William,1002,0.6,0.5,0.6666666666666666,0.6666666666666666,0.77,0.36,0.5938888888888888,"The customer, Christopher Smith, is inquiring about his health insurance coverage after leaving The Coca Cola Company. He had six months of coverage, including his severance, which is ending on August 10. The agent explains that the coverage isn't actually ending until August 10, 2026, and that the customer can choose to continue paying for it himself or terminate the coverage. The agent also provides information on the monthly cost of the medical and dental coverage.",HnB,High NPS,1,1,0,1,0,0.6,1,0,0.5,0,1,1,0.6666666666666666,1,0,1,0.6666666666666666,1,1,0,1,1,0,1,1,0,0,0,0,1,0,0,0,0,0,0
68d17b099692de775c17504f,TXN_20250922T163320_uc3uhszwjd,verification code not received,verify email and phone number,account not created,guide through account creation,,,,,2025-07-29-17-52-52_679169554323_VOICE_75bad488-678a-4bb6-836e-9ad1ddbffc13,"Speaker1 : My name is to better assist. May I have the account holder's name?
Speaker2 : The account holder's name is Angel Sagara.
Speaker1 : Angel, can I have you spell the last name, please?
Speaker2 : S E G A R A
Speaker1 : Thank you. And are you the account owner?
Speaker2 : I am not
Speaker1 : Okay, may I have your 1st and last name?
Speaker2 : My 1st name is Miranda, M Y R A N D A. Same last name Sagara.
Speaker1 : Okay, and what's your relationship to the account owner?
Speaker2 : I'm his wife.
Speaker1 : Okay. Right. Okay, to secure the account, can you verify the address, please?
Speaker2 : It's 85 Cranston Drive in Groton. Connecticut, Oh 634, Oh.
Speaker1 : 1 s All right, and what would be the last four numbers of the Inspire card?
Speaker2 : The inspired card are 9778.
Speaker0 : Okay.
Speaker1 : I do have the right Can I have you verify the address one more time, please?
Speaker2 : It's 85 Cranston Drive in Groton, Connecticut, 0634. Oh.
Speaker1 : Okay, correct. And this is for the Hsa account.
Speaker2 : Yeah.
Speaker0 : All right, just in case we get disconnected, may I have a callback number? Yep, 304.
Speaker2 : Six and 29 3473.
Speaker1 : Okay, how can I assist?
Speaker2 : So we're having trouble getting. On the online portal. We have a username and password, but every time it asks us for the verification code, it says it's being sent to an email and it's not. Getting to my husband. It's not getting to his work email, so we don't know how else to sign in. And I thought when I originally made the account, I clicked text the verification code to his phone number, but it chose the email instead of text.
Speaker1 : Okay, and what's the employer's name?
Speaker2 : Dominion Healthcare or Dominion. Oh my gosh, Dominion Energy. Sorry, I'm in healthcare, so. Just stop me.
Speaker1 : So for this Hsa account, I don't think that the account holder has. A profile on the website, it doesn't show that they have created an account online.
Speaker2 : Okay.
Speaker1 : So Yes. We just made
Speaker2 : Like just To make the account this weekend. And it's asking for a verification code. is it possibly because. We haven't done the verification yet. Is that why it's not saying that there's not an account?
Speaker1 : No, because when you create an account, it has to create all the way and you into the account, if you did not finish and it didn't take you into the account, it would not create an account. So you have to do all the way until it takes you into the account. So we did as far as it would let us. and then it said, okay, log in. And we tried to log in and it said, okay, we need a verification code. And that's where we got stuck. No. We have to start over and create a new account if you're able to. I can guide you through to make sure your account is created online.
Speaker2 : Perfect. I mean, I can do that. My little one might come in and out of the room.
Speaker1 : And do you have the member with you to give you content?
Speaker2 : He's at work at the moment.
Speaker1 : Oh, okay, Because they need to give consent. I don't see you on this account as an authorized representative for that. So if you have them on the line, if they give a consent, we will be able to guide you through the website.
Speaker2 : Is there a link that you can send to the email on file and he can do it and then he can just give me the information.
Speaker1 : No. There's no link for that. No.
Speaker2 : Okay, how late are you guys open?
Speaker1 : Until 07:00 p.m., central time. Okay, perfect.
Speaker2 : Then I will give you guys a call back as soon as he gets home from work and we'll. Get this taken care of. All right, ma'am. Any other questions? Nope, that was it. Okay. All right, thank you for calling.
Speaker1 : Thank you and have a good day. Bye you too. Bye bye.",account setup,Account setup refers to the process of creating a new account.,Account Setup,Account Management,4.909333333333334,Anger,"The customer expresses frustration and annoyance throughout the conversation, particularly when discussing the issue with the online portal and the verification code. They also show signs of being stuck and seeking a solution, which indicates a sense of anger or frustration.",,'-,,8,"The agent was patient and helpful in guiding me through the process of creating an online account for my husband's HSA, and was willing to assist me in resolving the issue even after the call was ended.",10-Aug,10-Aug,James William,1002,0.4,1,0,0.6666666666666666,0.7,0.12,0.4811111111111111,"The customer, Miranda Sagara, is trying to access her husband's HSA account online but is having trouble receiving the verification code. She initially thought she had opted for text verification, but it was sent to an email instead. The agent guides her through the process, explaining that the account is not created online and that they need to start over. The agent also informs Miranda that her husband needs to be present to give consent for her to access the account. They schedule a callback for after the husband returns home from work.",HnB,High NPS,0,1,0,1,0,0.4,1,1,1,0,0,0,0,1,0,1,0.6666666666666666,1,1,0,1,1,0,0,0,0,0,0,0,1,0,0,0,0,0,0
68d17b0b9692de775c175051,TXN_20250922T163320_7azewt06u8f,missing EOB,create ticket for re-review,,,,,,,2025-07-29-18-13-12_679348584675_VOICE_d09197dc-5d5c-4933-80fc-387b76502c03,"Speaker1 : Thank you for calling Inspire Financial. My name is Angel and to better help you, can I have the account holder's 1st and last name?
Speaker2 : Hi Angel, Steven Jule.
Speaker1 : And is that Steven with a P or a V? And can I get the spelling of that last name?
Speaker2 : J as in Jack. U L O V like Victor I C H.
Speaker1 : Thank you.
Speaker3 : Okay, and can I get your name?
Speaker2 : My name is Cindy.
Speaker1 : Thank you, Cindy.
Speaker3 : And is it okay if I call you Cindy? Yes, that's my name. Perfect. Okay. Can I get you to verify the address on file?
Speaker2 : 439 Southfield Lane, Valparaiso, Indiana, 46385.
Speaker3 : And what's a good callback number for you?
Speaker2 : 2 195-082-8204.
Speaker1 : Thank you. And how can I help you?
Speaker0 : I just submitted a claim by fax to you this morning and my husband just looked it up and we've already gotten a denial on something. I don't understand why.
Speaker1 : Okay, let me take a look at that.
Speaker2 : Makes no sense
Speaker3 : Okay. What was the amount of the claim that was denied? 08:20 07:26 Was the total amount submitted? He said you paid one 7726.
Speaker2 : But denied the six five. And that's something I say every month. I don't understand.
Speaker4 : Okay, let me take a look at that. And you said that you send in the same documents all the time every single month. Been doing it for a year and a month now. Okay.
Speaker0 : Okay, I'm going to pull up that document.
Speaker4 : And then if that is the case, then I'm just, I'm going to create a ticket to have it reviewed again.
Speaker2 : There should be no reason this got denied. None. This is a joke, I swear to God.
Speaker1 : Okay, I'm just waiting for it to load. Sorry about that.
Speaker3 : Okay, I'm sorry. Okay, Cindy, what I'm gonna do is.
Speaker4 : I'm gonna take a look at the documents you submitted. And then I'm going to compare it to a previous document. And then if everything is identical, then I'm just going to go ahead and ask for a re review and just. Point out the fact that you've been submitting the same documents.
Speaker2 : Tell me why it was denied.
Speaker0 : So it's asking for the Eob. There is no Eob. There never has been an Eob.
Speaker4 : Yeah, that's why I think this was. Probably an error.
Speaker2 : Yeah.
Speaker4 : Yeah.
Speaker2 : A claim and everybody be happy. You guys can't ever do that.
Speaker4 : I'm sorry about that. So. I'm going to go ahead and create a ticket for re review. Do you mind if I place you on a brief hold? No, I appreciate it. Absolutely, I'll be back in about three to 5 min.
Speaker3 : Thank you so much for holding Cindy. I was able to get that ticket in for you. Now with these tickets, they can take three to five business days for resolution. But once the case is resolved, I will be giving you a call back on the number that you provided.
Speaker2 : Okay, all right. it just makes no sense. All right, thank you.
Speaker3 : Ma'am, have a good day.",claim denial,Claim denial refers to the rejection of an insurance claim.,Claim Denial,Claims Management,7.758666666666667,Frustrated,"The customer expresses frustration and annoyance throughout the conversation, using phrases such as 'This is a joke, I swear to God', 'Makes no sense', and 'You guys can't ever do that'. The customer's tone is confrontational and critical, indicating a strong emotional response.",1. High,"""This is a joke, I swear to God"", ""There should be no reason this got denied. None. This is a joke, I swear to God""","The customer expresses strong frustration and disbelief towards the situation, indicating a high risk of churn.",2,"The customer experienced frustration and confusion due to the repeated denial of their claim, which they believed was an error, and the agent's inability to provide a clear explanation or resolution in a timely manner.",3-Jan,5-Jan,James William,1002,0.8,0.5,0.6666666666666666,0.6666666666666666,0.64,0.28,0.5922222222222223,"A customer, Cindy, called Inspire Financial to inquire about a denied claim. The representative, Angel, helped Cindy by creating a ticket for re-review, comparing the submitted documents to previous ones, and pointing out the error that led to the denial. The representative apologized for the inconvenience and promised to call Cindy back once the case is resolved.",HnB,Low NPS,0,1,0,1,0,0.4,1,1,1,0,0,0,0,1,0,1,0.6666666666666666,1,1,0,1,1,0,0,0,0,0,0,0,1,0,0,0,0,0,0
68d17b0c9692de775c175052,TXN_20250922T163320_h93nptubh7s,need letter of medical necessity,advise to secure letter for IRS,,,,,,,2025-07-29-18-15-57_679348588612_VOICE_4784d863-efea-4eb4-941b-73a08338b02a,"Speaker2 : Thank you for calling Inspire Financial. My name is Christine. In order to better assist you, may I please have your full name and zip code?
Speaker1 : Eba 92596.
Speaker0 : Six
Speaker2 : Thank you so much for that one, Mr.. Barry. And yes, just one quick 2nd. Let me pull up your account here. One moment, please. And thank you. And in case we need to follow up with you for any reason, can you provide us with your phone number?
Speaker1 : 909. 5782139.
Speaker2 : Thank you. So just to make sure that would be 909-578-2139.
Speaker1 : Yes.
Speaker2 : Thank you. And may I know also what type of account are you calling on today?
Speaker1 : Hsa
Speaker2 : Thank you. Thank you so much for that one. And yes, and also can you verify your current address please?
Speaker1 : 35228 Orchid, Winchester, California.
Speaker2 : Thank you so much. And finally, can you also verify the last four digits of your current Inspire financial debit card number?
Speaker1 : 4277.
Speaker2 : Thank you so much for fully authenticating your account and may know also the reason why you are calling on today.
Speaker1 : I have a question on a purchase. Like What's eligible
Speaker2 : Okay, but just in case you have a specific. Item or service that you want to verify.
Speaker1 : Yes, I have a specific item.
Speaker2 : Can you provide me that one so that I can check her? My aunt?
Speaker1 : Okay, it's it's a weight set. Like a gym weight set that they're saying that. I could use That they'll accept Hsa. So I just want to make sure that. I could use my card for that.
Speaker2 : Got it. So just to make sure it's a weight set, it's W E I G H T S E T. Is that correct?
Speaker1 : Yeah. Yeah.
Speaker2 : Okay, thank you. So just for this one, I will go ahead and further check here in my end just to make sure. Okay, so by the way, Miss Java, while I'm still trying, did I pronounce your last name right? Java.
Speaker1 : Yes.
Speaker2 : Oh, thank you. So yes, for this one, I will go ahead and further check here in my end. So can I ask if I can put this call on hold for three to 5 min please?
Speaker1 : Sure.
Speaker2 : Thank you. And aside from the weight set, is there anything else that you would like to verify?
Speaker1 : No. I want to make this purchase, so I want to make sure that it. Eligible
Speaker2 : Yes, I do understand that one, but yes, I will go ahead and check here in my end. Please bear with me. Um, hello Mr.. Barry. Thank you so much for patiently waiting on the other line. So regarding the concern. As long as the weight set is Needed for medical Or it is a medically necessary so it is an eligible expense under your. Account And Also For this one, I advise that You can or you need to secure a medical or letter of medical necessity. Just in case the I mean, just in case the Irs will ask for a documentation regarding with this purchase.
Speaker1 : Okay, so if I use my card, even though they say that it's an Hsa product. It's not. I can't, I can't get it. Get it
Speaker2 : Actually, for that one, let me check here. Sorry to cut you off Miss Java, but yes, um, actually for that one, just one quick 2nd Let me go ahead and check here in my end just to make sure. Please bear with me. Okay. One moment, please. Okay. Are you still tracking here? Okay. Thank you so much for reading. So yes, actually for the one Miss Jae and use your debit card to make a purchase for this weight set so it will be eligible and. Regarding with the information that I have provided you, it will be eligible as long as it is medically necessary. And the reason why I advise that you need to secure a letter medical necessity just in case Irs will need a documentation regarding with the purchase because sometimes Irs will do a random audit on your on the Hsa account
Speaker1 : Okay, but would you guys, would you guys ask for a doctor's letter or you or I should just get a doctor's letter just in case for the Irs? Would you guys that
Speaker2 : No, a actually for yours account, we don't require that one. The letter of medical necessity is for Irs purpose.
Speaker1 : Okay, but as long as it's as long as whatever I purchase. Is an Hsa item. Then it'll get approved. It'll get approved.
Speaker2 : Correct. Yes, correct. Correct.
Speaker1 : Okay. Thank you. Thank you. You're welcome and yes.
Speaker2 : Aside from this one, is there anything else?
Speaker1 : No, that's it. No, that's it. Okay, sure. So thank you so much also for calling Inspire Financial and for future reference. You can also access our website which is www. dot inspire final.com and you can check there any it is a eligible expenses on your account and also you can access
Speaker2 : Any information on your account? So yes, thank you so much and have a great day. Goodbye for now. You too.",eligibility update,Eligibility update refers to verifying if a purchase is covered.,Eligibility Update,Insurance & Coverage,11.52933333333333,Neutral,"The customer's tone is calm and factual throughout the conversation. They ask questions and seek clarification, but do not express strong emotions such as anger, sadness, or frustration. The customer's language is direct and to the point, indicating a neutral emotional state.",,'-,,8,"The agent provided clear and accurate information regarding the eligibility of the weight set purchase under the HSA account, but there were some inconsistencies and unclear explanations in the conversation that affected the overall satisfaction.",10-Aug,10-Aug,James William,1002,0.6,1,0.6666666666666666,1,0.89,0.25,0.7344444444444443,"The customer, Eba, called Inspire Financial to inquire about the eligibility of a weight set purchase using their HSA account.",HnB,High NPS,0,1,1,1,0,0.6,1,1,1,1,0,1,0.6666666666666666,1,1,1,1,1,1,0,1,1,1,0,0,0,0,0,0,1,0,1,1,1,0,0
