conversation id,Date,Status,Escalated,Escalated_2,Escalation Reason,Abandoned,Abandoned_during_VA,Abandonment by customer - flag,Abandonment_Last_Completed_Stage,Authentication by VA success flag,Authentication by VA failure reason,AHT,AHT_Bucket,MPU_AHT,Verification_AHT,Intent_Identified_1,Intent_Identified_2,Intent_Identified_3,Intent_Identified_4,Intent_Identified_5,Intent_Identified_N,Intent_Identified_1stattempt_1,Intent_Identified_1stattempt_2,Intent_Identified_1stattempt_3,Intent_Identified_1stattempt_4,Intent_Identified_1stattempt_5,Intent_Identified_1stattempt_N,MPU_Intent_Identified_Flag,MPU_Intent_Identified_1stattempt_Flag,Here_for_MPU_Flag,Out of scope intent,MPU_Eligible_flag,MPU_Case_Closure,Number of Prompts from AI,Number of Successful Prompts from AI,Missed_Utterance,Missed_Utterance_Auth,Missed_Utterance_IntentIdentification,Missed_Utterance_MPU,AI_Prompts_Auth,AI_Prompts_IntentIdentification,AI_Prompts_MPU,Handled by Agentic AI flag,Retry of authentication flag,Retry of MPU flag,Auth_Retry_Prompt,MPU_Retry_Prompt,Half_hourly_interval,Caller_Type
08159URk9qaSWW4Vlsh219HcQ,2025-09-17 10:01:42.518065 UTC,0,false,0,0,,0,,0,,,40,30-60 sec,0,0,0,0,0,0,0,0,0,0,0,0,0,0,0,0,,0,,0,0,0,0,0,0,0,0,0,0,0,0,0,0,0,0,0
103sP7m-NVySROocAU2vecD8g,2025-09-17 10:05:02.492136 UTC,0,false,0,0,,0,,0,,,227,>120 sec,0,0,0,0,0,0,0,0,0,0,0,0,0,0,0,0,,0,,0,0,0,0,0,0,0,0,0,0,0,0,0,0,0,0,0
119lx_Z_GR5QkeeevbOB6Qhhw,2025-09-17 10:16:22.523272 UTC,0,false,0,0,,0,,0,,,66,60-120 sec,0,0,0,0,0,0,0,0,0,0,0,0,0,0,0,0,,0,,0,0,0,0,0,0,0,0,0,0,0,0,0,0,0,0,0
0819ALq8IbbTDS0KVx3nr2zJQ,2025-09-17 10:35:15.718598 UTC,0,false,0,0,,0,,0,,,266,>120 sec,0,0,0,0,0,0,0,0,0,0,0,0,0,0,0,0,,0,,0,0,0,0,0,0,0,0,0,0,0,0,0,0,0,0,0
065EERxTi_7RVqeIHEFwJkNLA,2025-09-17 10:35:27.999111 UTC,0,false,0,0,,0,,0,,,0,0-5 sec,0,0,0,0,0,0,0,0,0,0,0,0,0,0,0,0,,0,,0,0,0,0,0,0,0,0,0,0,0,0,0,0,0,0,0
0657PGCJOhyQO2Lu8E-uFU8cA,2025-09-17 11:01:11.952442 UTC,0,false,0,0,,0,,0,,,111,60-120 sec,0,0,0,0,0,0,0,0,0,0,0,0,0,0,0,0,,0,,0,0,0,0,0,0,0,0,0,0,0,0,0,0,0,0,0
d2ef3596-cf6c-4ebb-a909-f0f7974b1645,2025-09-17 14:50:53.659936 UTC,0,false,0,0,,0,,0,,,20,5-30 sec,0,0,0,0,0,0,0,0,0,0,0,0,0,0,0,0,,0,,0,0,0,0,0,0,0,0,0,0,0,0,0,0,0,0,0
f394c35b-9be7-45ba-9595-7b3bbeae2ad1,2025-09-17 19:20:33.321160 UTC,0,,0,0,,0,,0,,,36,30-60 sec,0,0,0,0,0,0,0,0,0,0,0,0,0,0,0,0,,0,,0,0,0,0,0,0,0,0,0,0,0,0,0,0,0,0,0
5b52c345-101d-466a-ba35-53637aff516e,2025-09-17 19:32:04.687072 UTC,0,,0,0,,0,,0,,,8,5-30 sec,0,0,0,0,0,0,0,0,0,0,0,0,0,0,0,0,,0,,0,0,0,0,0,0,0,0,0,0,0,0,0,0,0,0,0
aaff00a6-d3dd-48b2-bb6c-c9e63d1b111b,2025-09-17 19:41:58.014715 UTC,0,,0,0,,0,,0,,,8,5-30 sec,0,0,0,0,0,0,0,0,0,0,0,0,0,0,0,0,,0,,0,0,0,0,0,0,0,0,0,0,0,0,0,0,0,0,0
065R72NOd4gT-iRtimouXP4hA,2025-09-18 08:05:56.208094 UTC,0,,0,0,,0,,0,,,61,60-120 sec,0,0,0,0,0,0,0,0,0,0,0,0,0,0,0,0,,0,,0,0,0,0,0,0,0,0,0,0,0,0,0,0,0,0,0
5de9e791-854a-49e4-881d-28286e311a36,2025-09-18 13:22:32.602113 UTC,0,,0,0,,0,,0,,,0,0-5 sec,0,0,0,0,0,0,0,0,0,0,0,0,0,0,0,0,,0,,0,0,0,0,0,0,0,0,0,0,0,0,0,0,0,0,0
ff4914e1-f03e-4efa-8019-7ef0194128a0,2025-09-18 13:29:51.373245 UTC,0,,0,0,,0,,0,,,0,0-5 sec,0,0,0,0,0,0,0,0,0,0,0,0,0,0,0,0,,0,,0,0,0,0,0,0,0,0,0,0,0,0,0,0,0,0,0
b87f5e55-f8de-4807-a5a7-fbc76353d6fa,2025-09-18 13:30:10.574888 UTC,0,,0,0,,0,,0,,,0,0-5 sec,0,0,0,0,0,0,0,0,0,0,0,0,0,0,0,0,,0,,0,0,0,0,0,0,0,0,0,0,0,0,0,0,0,0,0
2233a8f3-d5aa-45ce-8c5b-3869c56bd660,2025-09-18 13:30:44.130092 UTC,0,,0,0,,0,,0,,,0,0-5 sec,0,0,0,0,0,0,0,0,0,0,0,0,0,0,0,0,,0,,0,0,0,0,0,0,0,0,0,0,0,0,0,0,0,0,0
4037ce37-a69f-40cf-8b45-a3c9acfa96c9,2025-09-18 13:31:00.116544 UTC,0,,0,0,,0,,0,,,0,0-5 sec,0,0,0,0,0,0,0,0,0,0,0,0,0,0,0,0,,0,,0,0,0,0,0,0,0,0,0,0,0,0,0,0,0,0,0
010683f7-7177-4c28-9e88-4ee6114c2e6c,2025-09-18 13:31:34.695307 UTC,0,,0,0,,0,,0,,,0,0-5 sec,0,0,0,0,0,0,0,0,0,0,0,0,0,0,0,0,,0,,0,0,0,0,0,0,0,0,0,0,0,0,0,0,0,0,0
2047d88d-9825-483a-98fa-15c8356a0c45,2025-09-18 13:31:41.187708 UTC,0,,0,0,,0,,0,,,0,0-5 sec,0,0,0,0,0,0,0,0,0,0,0,0,0,0,0,0,,0,,0,0,0,0,0,0,0,0,0,0,0,0,0,0,0,0,0
a1cb9f0a-6943-4848-ac24-34a962cba221,2025-09-18 13:36:29.380301 UTC,0,,0,0,,0,,0,,,0,0-5 sec,0,0,0,0,0,0,0,0,0,0,0,0,0,0,0,0,,0,,0,0,0,0,0,0,0,0,0,0,0,0,0,0,0,0,0
383a2dc9-839b-4c32-987c-4058866f6bdb,2025-09-18 13:39:44.644822 UTC,0,,0,0,,0,,0,,,156,>120 sec,0,0,0,0,0,0,0,0,0,0,0,0,0,0,0,0,,0,,0,0,0,0,0,0,0,0,0,0,0,0,0,0,0,0,0
c92ad55c-df40-459f-afcc-555881900d44,2025-09-18 13:43:33.419944 UTC,0,false,0,0,,0,,0,,,262,>120 sec,0,0,0,0,0,0,0,0,0,0,0,0,0,0,0,0,false,0,false,0,0,0,0,0,0,0,0,0,0,0,0,0,0,0,0,0
065TK4rROyWTKalfm-sTD2nFA,2025-09-18 16:27:24.551050 UTC,0,,0,0,,0,,0,,,17,5-30 sec,0,0,0,0,0,0,0,0,0,0,0,0,0,0,0,0,,0,,0,0,0,0,0,0,0,0,0,0,0,0,0,0,0,0,0
065ofFx-5uMS86rgd8agIM4LA,2025-09-18 16:35:15.510712 UTC,0,,0,0,,0,,0,,,0,0-5 sec,0,0,0,0,0,0,0,0,0,0,0,0,0,0,0,0,,0,,0,0,0,0,0,0,0,0,0,0,0,0,0,0,0,0,0
065YvU1u69vTs62XG50HEl6WA,2025-09-18 16:37:47.185766 UTC,0,,0,0,,0,,0,,,15,5-30 sec,0,0,0,0,0,0,0,0,0,0,0,0,0,0,0,0,,0,,0,0,0,0,0,0,0,0,0,0,0,0,0,0,0,0,0
19029efa-f1dd-4ff2-97b1-4240f320234b,2025-09-18 17:07:00.025539 UTC,0,,0,0,,0,,0,,,30,5-30 sec,0,0,0,0,0,0,0,0,0,0,0,0,0,0,0,0,,0,,0,0,0,0,0,0,0,0,0,0,0,0,0,0,0,0,0
b66ab441-f985-4418-a3a4-a4b01b94e8bb,2025-09-18 17:17:22.548094 UTC,0,,0,0,,0,,0,,,8,5-30 sec,0,0,0,0,0,0,0,0,0,0,0,0,0,0,0,0,,0,,0,0,0,0,0,0,0,0,0,0,0,0,0,0,0,0,0
189b9b15-84c0-4979-8647-8206e12b1ec6,2025-09-18 17:30:15.805300 UTC,0,,0,0,,0,,0,,,93,60-120 sec,0,0,0,0,0,0,0,0,0,0,0,0,0,0,0,0,,0,,0,0,0,0,0,0,0,0,0,0,0,0,0,0,0,0,0
142afb6e-4248-4a60-8fcd-da7a7cca8b04,2025-09-18 18:01:13.826504 UTC,0,,0,0,,0,,0,,,95,60-120 sec,0,0,0,0,0,0,0,0,0,0,0,0,0,0,0,0,,0,,0,0,0,0,0,0,0,0,0,0,0,0,0,0,0,0,0
d46ee379-110b-4083-a0ef-1f7455149dd4,2025-09-18 18:05:39.491285 UTC,0,,0,0,,0,,0,,,959,>120 sec,0,0,0,0,0,0,0,0,0,0,0,0,0,0,0,0,,0,,0,0,0,0,0,0,0,0,0,0,0,0,0,0,0,0,0
c07d6cb2-e7d0-445c-8efb-3919aa10a375,2025-09-18 19:00:50.746836 UTC,0,,0,0,,0,,0,,,0,0-5 sec,0,0,0,0,0,0,0,0,0,0,0,0,0,0,0,0,,0,,0,0,0,0,0,0,0,0,0,0,0,0,0,0,0,0,0
8ec8c118-f100-4a28-9d50-7769a313c03d,2025-09-18 19:55:08.268221 UTC,0,,0,0,,0,,0,,,45,30-60 sec,0,0,0,0,0,0,0,0,0,0,0,0,0,0,0,0,,0,,0,0,0,0,0,0,0,0,0,0,0,0,0,0,0,0,0
081srHEQT-GTuiy4QfjAXw7CQ,2025-09-18 19:56:40.351808 UTC,0,,0,0,,0,,0,,,164,>120 sec,0,0,0,0,0,0,0,0,0,0,0,0,0,0,0,0,,0,,0,0,0,0,0,0,0,0,0,0,0,0,0,0,0,0,0
e258200c-fab4-4e20-aa75-c263d45434d4,2025-09-18 20:11:26.674496 UTC,0,,0,0,,0,,0,,,22,5-30 sec,0,0,0,0,0,0,0,0,0,0,0,0,0,0,0,0,,0,,0,0,0,0,0,0,0,0,0,0,0,0,0,0,0,0,0
065WMVhLZjnSyKhP_wcMO5zmA,2025-09-18 20:32:43.451477 UTC,0,,0,0,,0,,0,,,11,5-30 sec,0,0,0,0,0,0,0,0,0,0,0,0,0,0,0,0,,0,,0,0,0,0,0,0,0,0,0,0,0,0,0,0,0,0,0
065obCztqMZQ2KkXvaX7nq9uA,2025-09-18 20:52:04.977773 UTC,0,,0,0,,0,,0,,,0,0-5 sec,0,0,0,0,0,0,0,0,0,0,0,0,0,0,0,0,,0,,0,0,0,0,0,0,0,0,0,0,0,0,0,0,0,0,0
081_nmqK1DgTFWLx8a7weZ5kQ,2025-09-18 20:57:25.652286 UTC,0,,0,0,,0,,0,,,0,0-5 sec,0,0,0,0,0,0,0,0,0,0,0,0,0,0,0,0,,0,,0,0,0,0,0,0,0,0,0,0,0,0,0,0,0,0,0
119oTbe5awVSeiE3vd4tC0YAw,2025-09-18 21:05:06.146292 UTC,0,,0,0,,0,,0,,,0,0-5 sec,0,0,0,0,0,0,0,0,0,0,0,0,0,0,0,0,,0,,0,0,0,0,0,0,0,0,0,0,0,0,0,0,0,0,0
202f6ab8-e79b-4411-848e-b910f95e3b89,2025-09-18 22:08:54.824697 UTC,0,,0,0,,0,,0,,,194,>120 sec,0,0,0,0,0,0,0,0,0,0,0,0,0,0,0,0,,0,,0,0,0,0,0,0,0,0,0,0,0,0,0,0,0,0,0
ec995d0a-2284-490a-9ca2-97cf1891378f,2025-09-18 22:14:37.420561 UTC,0,,0,0,,0,,0,,,6,5-30 sec,0,0,0,0,0,0,0,0,0,0,0,0,0,0,0,0,,0,,0,0,0,0,0,0,0,0,0,0,0,0,0,0,0,0,0
bfefbacc-bef3-4119-9354-6dd88261dac3,2025-09-18 22:15:43.954427 UTC,0,,0,0,,0,,0,,,55,30-60 sec,0,0,0,0,0,0,0,0,0,0,0,0,0,0,0,0,,0,,0,0,0,0,0,0,0,0,0,0,0,0,0,0,0,0,0
7195e8f9-f7de-4777-8c68-caea0e6de16e,2025-09-18 22:17:56.549119 UTC,0,,0,0,,0,,0,,,8,5-30 sec,0,0,0,0,0,0,0,0,0,0,0,0,0,0,0,0,,0,,0,0,0,0,0,0,0,0,0,0,0,0,0,0,0,0,0
3e8ad038-8717-4da7-a2a3-15e32bd5c418,2025-09-18 22:21:03.515208 UTC,0,,0,0,,0,,0,,,8,5-30 sec,0,0,0,0,0,0,0,0,0,0,0,0,0,0,0,0,,0,,0,0,0,0,0,0,0,0,0,0,0,0,0,0,0,0,0
21073344-2bf2-4366-82b8-9f8d672062cf,2025-09-18 22:21:37.772809 UTC,0,,0,0,,0,,0,,,49,30-60 sec,0,0,0,0,0,0,0,0,0,0,0,0,0,0,0,0,,0,,0,0,0,0,0,0,0,0,0,0,0,0,0,0,0,0,0
d5df4430-36b4-4349-9420-cf0addc98cba,2025-09-18 22:27:30.503861 UTC,0,,0,0,,0,,0,,,81,60-120 sec,0,0,0,0,0,0,0,0,0,0,0,0,0,0,0,0,,0,,0,0,0,0,0,0,0,0,0,0,0,0,0,0,0,0,0
89718238-5723-49dc-a881-c47f248fbb63,2025-09-18 22:31:05.224346 UTC,0,,0,0,,0,,0,,,69,60-120 sec,0,0,0,0,0,0,0,0,0,0,0,0,0,0,0,0,,0,,0,0,0,0,0,0,0,0,0,0,0,0,0,0,0,0,0
08266c98-f0bb-4d4c-bd77-b92bacc5df5a,2025-09-18 22:36:46.981982 UTC,0,,0,0,,0,,0,,,106,60-120 sec,0,0,0,0,0,0,0,0,0,0,0,0,0,0,0,0,,0,,0,0,0,0,0,0,0,0,0,0,0,0,0,0,0,0,0
66681c5b-e83b-464b-b9b5-4fc85090e3d4,2025-09-18 22:39:51.867248 UTC,0,,0,0,,0,,0,,,11,5-30 sec,0,0,0,0,0,0,0,0,0,0,0,0,0,0,0,0,,0,,0,0,0,0,0,0,0,0,0,0,0,0,0,0,0,0,0
21b0438e-96e4-4847-a579-2c1c0e7387ff,2025-09-18 22:40:54.824280 UTC,0,,0,0,,0,,0,,,76,60-120 sec,0,0,0,0,0,0,0,0,0,0,0,0,0,0,0,0,,0,,0,0,0,0,0,0,0,0,0,0,0,0,0,0,0,0,0
ff31506c-772d-413d-94f9-0e3a2ee3a785,2025-09-18 22:43:43.100856 UTC,0,,0,0,,0,,0,,,72,60-120 sec,0,0,0,0,0,0,0,0,0,0,0,0,0,0,0,0,,0,,0,0,0,0,0,0,0,0,0,0,0,0,0,0,0,0,0
6249656e-f620-4a4c-9541-e4b52907c7e8,2025-09-18 22:48:47.910215 UTC,0,,0,0,,0,,0,,,70,60-120 sec,0,0,0,0,0,0,0,0,0,0,0,0,0,0,0,0,,0,,0,0,0,0,0,0,0,0,0,0,0,0,0,0,0,0,0
4fdb2dfe-4e29-40ac-8e5e-00b7b813a030,2025-09-18 22:50:35.452908 UTC,0,false,0,0,,0,,0,,,67,60-120 sec,0,0,0,0,0,0,0,0,0,0,0,0,0,0,0,0,false,0,false,0,0,0,0,0,0,0,0,0,0,0,0,0,0,0,0,0
820448c7-e918-417f-aed0-58be0e160d04,2025-09-18 22:52:07.558267 UTC,0,false,0,0,,0,,0,,,43138,>120 sec,0,0,0,0,0,0,0,0,0,0,0,0,0,0,0,0,false,0,false,0,0,0,0,0,0,0,0,0,0,0,0,0,0,0,0,0
a41ac53d-7bd4-46fe-abed-ad39fdb4a507,2025-09-19 09:39:46.959668 UTC,0,,0,0,,0,,0,,,20,5-30 sec,0,0,0,0,0,0,0,0,0,0,0,0,0,0,0,0,,0,,0,0,0,0,0,0,0,0,0,0,0,0,0,0,0,0,0
c7ec0b26-8d9e-4830-ba14-5314883bce49,2025-09-19 10:00:54.914284 UTC,0,,0,0,,0,,0,,,92,60-120 sec,0,0,0,0,0,0,0,0,0,0,0,0,0,0,0,0,,0,,0,0,0,0,0,0,0,0,0,0,0,0,0,0,0,0,0
b4cc8461-10dc-48ac-a26f-b5206c84feba,2025-09-19 10:08:34.074295 UTC,0,,0,0,,0,,0,,,7,5-30 sec,0,0,0,0,0,0,0,0,0,0,0,0,0,0,0,0,,0,,0,0,0,0,0,0,0,0,0,0,0,0,0,0,0,0,0
065O6h4nANzRFWPQexX2U_4HA,2025-09-19 10:26:27.968195 UTC,0,,0,0,,0,,0,,,224,>120 sec,0,0,0,0,0,0,0,0,0,0,0,0,0,0,0,0,,0,,0,0,0,0,0,0,0,0,0,0,0,0,0,0,0,0,0
a7b6b691-0f75-41a3-9442-57a8493ca620,2025-09-19 10:51:15.713533 UTC,0,,0,0,,0,,0,,,269,>120 sec,0,0,0,0,0,0,0,0,0,0,0,0,0,0,0,0,,0,,0,0,0,0,0,0,0,0,0,0,0,0,0,0,0,0,0
13a90508-37b7-455c-8b86-080416365e2f,2025-09-19 10:55:56.689915 UTC,0,,0,0,,0,,0,,,27,5-30 sec,0,0,0,0,0,0,0,0,0,0,0,0,0,0,0,0,,0,,0,0,0,0,0,0,0,0,0,0,0,0,0,0,0,0,0
14faa47d-bb56-4e30-95d6-512b5ef7adb1,2025-09-19 10:56:39.554144 UTC,0,,0,0,,0,,0,,,106,60-120 sec,0,0,0,0,0,0,0,0,0,0,0,0,0,0,0,0,,0,,0,0,0,0,0,0,0,0,0,0,0,0,0,0,0,0,0
b0ace4a4-6f80-4377-80b5-70108443c4b1,2025-09-19 11:07:22.152251 UTC,0,,0,0,,0,,0,,,115,60-120 sec,0,0,0,0,0,0,0,0,0,0,0,0,0,0,0,0,,0,,0,0,0,0,0,0,0,0,0,0,0,0,0,0,0,0,0
119xDDpE0-PTj2safhj7f3H4w,2025-09-19 11:10:05.800135 UTC,0,,0,0,,0,,0,,,88,60-120 sec,0,0,0,0,0,0,0,0,0,0,0,0,0,0,0,0,,0,,0,0,0,0,0,0,0,0,0,0,0,0,0,0,0,0,0
081iqfioOqNR6GUVIpdAEx57Q,2025-09-19 11:14:57.641959 UTC,0,,0,0,,0,,0,,,64,60-120 sec,0,0,0,0,0,0,0,0,0,0,0,0,0,0,0,0,,0,,0,0,0,0,0,0,0,0,0,0,0,0,0,0,0,0,0
1519d4bb-9b51-40b2-a91a-1bd7acd4123c,2025-09-19 11:20:57.038813 UTC,0,,0,0,,0,,0,,,4,0-5 sec,0,0,0,0,0,0,0,0,0,0,0,0,0,0,0,0,,0,,0,0,0,0,0,0,0,0,0,0,0,0,0,0,0,0,0
0818ASbEiSYSleUkKeWFrrIHQ,2025-09-19 11:36:45.728791 UTC,0,,0,0,,0,,0,,,78,60-120 sec,0,0,0,0,0,0,0,0,0,0,0,0,0,0,0,0,,0,,0,0,0,0,0,0,0,0,0,0,0,0,0,0,0,0,0
119QpxEiNsDQUmngLJNlpFbHw,2025-09-19 11:41:35.388539 UTC,0,,0,0,,0,,0,,,73,60-120 sec,0,0,0,0,0,0,0,0,0,0,0,0,0,0,0,0,,0,,0,0,0,0,0,0,0,0,0,0,0,0,0,0,0,0,0
119Yz35RKDxTFaPQm2lhlOsZw,2025-09-19 11:47:09.730159 UTC,0,,0,0,,0,,0,,,104,60-120 sec,0,0,0,0,0,0,0,0,0,0,0,0,0,0,0,0,,0,,0,0,0,0,0,0,0,0,0,0,0,0,0,0,0,0,0
a5a95e76-c56a-44c1-b2fa-9a6b4950cb7f,2025-09-19 11:49:50.915352 UTC,0,,0,0,,0,,0,,,34,30-60 sec,0,0,0,0,0,0,0,0,0,0,0,0,0,0,0,0,,0,,0,0,0,0,0,0,0,0,0,0,0,0,0,0,0,0,0
065RY4JlZE7Q4-h0MLVyyrudA,2025-09-19 11:53:14.874331 UTC,0,,0,0,,0,,0,,,100,60-120 sec,0,0,0,0,0,0,0,0,0,0,0,0,0,0,0,0,,0,,0,0,0,0,0,0,0,0,0,0,0,0,0,0,0,0,0
103uEzZhAIpTFipnVZGuGwxxg,2025-09-19 12:00:04.689040 UTC,0,,0,0,,0,,0,,,59,30-60 sec,0,0,0,0,0,0,0,0,0,0,0,0,0,0,0,0,,0,,0,0,0,0,0,0,0,0,0,0,0,0,0,0,0,0,0
1196SdPILQrSMqC7l10mFfpGw,2025-09-19 12:08:08.519602 UTC,0,,0,0,,0,,0,,,77,60-120 sec,0,0,0,0,0,0,0,0,0,0,0,0,0,0,0,0,,0,,0,0,0,0,0,0,0,0,0,0,0,0,0,0,0,0,0
1191KrUqODgSCW8xjiDWJsZNw,2025-09-19 12:11:47.820433 UTC,0,,0,0,,0,,0,,,134,>120 sec,0,0,0,0,0,0,0,0,0,0,0,0,0,0,0,0,,0,,0,0,0,0,0,0,0,0,0,0,0,0,0,0,0,0,0
081HQj0zCJ-TeWbUXMPkt2jUQ,2025-09-19 12:24:05.727189 UTC,0,,0,0,,0,,0,,,36,30-60 sec,0,0,0,0,0,0,0,0,0,0,0,0,0,0,0,0,,0,,0,0,0,0,0,0,0,0,0,0,0,0,0,0,0,0,0
103BGqValX7SNu22oGcIa9u6g,2025-09-19 12:26:16.129997 UTC,0,,0,0,,0,,0,,,19,5-30 sec,0,0,0,0,0,0,0,0,0,0,0,0,0,0,0,0,,0,,0,0,0,0,0,0,0,0,0,0,0,0,0,0,0,0,0
081DnszAyiNRkKJo_WT7Z509Q,2025-09-19 12:33:14.521916 UTC,0,,0,0,,0,,0,,,45,30-60 sec,0,0,0,0,0,0,0,0,0,0,0,0,0,0,0,0,,0,,0,0,0,0,0,0,0,0,0,0,0,0,0,0,0,0,0
103ljnFHyO_QL6g51WqQImjmg,2025-09-19 12:34:52.986546 UTC,0,,0,0,,0,,0,,,44,30-60 sec,0,0,0,0,0,0,0,0,0,0,0,0,0,0,0,0,,0,,0,0,0,0,0,0,0,0,0,0,0,0,0,0,0,0,0
0812BjxctuYT92EamZkfwzoGQ,2025-09-19 13:06:30.172316 UTC,0,,0,0,,0,,0,,,48,30-60 sec,0,0,0,0,0,0,0,0,0,0,0,0,0,0,0,0,,0,,0,0,0,0,0,0,0,0,0,0,0,0,0,0,0,0,0
119BYqHHpuYRTqihnNpVB2_vw,2025-09-19 13:11:40.208792 UTC,0,,0,0,,0,,0,,,94,60-120 sec,0,0,0,0,0,0,0,0,0,0,0,0,0,0,0,0,,0,,0,0,0,0,0,0,0,0,0,0,0,0,0,0,0,0,0
081d_h9PHlvRY2M5KSg4nzUDQ,2025-09-19 13:22:17.856775 UTC,0,,0,0,,0,,0,,,70,60-120 sec,0,0,0,0,0,0,0,0,0,0,0,0,0,0,0,0,,0,,0,0,0,0,0,0,0,0,0,0,0,0,0,0,0,0,0
081ZiEMLT-fTHiHWnln9WEMwQ,2025-09-19 13:24:58.371627 UTC,0,,0,0,,0,,0,,,16,5-30 sec,0,0,0,0,0,0,0,0,0,0,0,0,0,0,0,0,,0,,0,0,0,0,0,0,0,0,0,0,0,0,0,0,0,0,0
119xdqvTBQpSYuO9l7SUd4ZEw,2025-09-19 13:30:35.849121 UTC,0,,0,0,,0,,0,,,34,30-60 sec,0,0,0,0,0,0,0,0,0,0,0,0,0,0,0,0,,0,,0,0,0,0,0,0,0,0,0,0,0,0,0,0,0,0,0
103_N9yn0ZVQD63GltR4gLCPg,2025-09-19 13:32:56.123288 UTC,0,,0,0,,0,,0,,,18,5-30 sec,0,0,0,0,0,0,0,0,0,0,0,0,0,0,0,0,,0,,0,0,0,0,0,0,0,0,0,0,0,0,0,0,0,0,0
119MRvJ4xMBSKmHp3c_kAG7yw,2025-09-19 13:52:29.897060 UTC,0,,0,0,,0,,0,,,21,5-30 sec,0,0,0,0,0,0,0,0,0,0,0,0,0,0,0,0,,0,,0,0,0,0,0,0,0,0,0,0,0,0,0,0,0,0,0
065Ma32lZFUSXSU7VbthIDr0A,2025-09-19 13:56:56.036325 UTC,0,,0,0,,0,,0,,,49,30-60 sec,0,0,0,0,0,0,0,0,0,0,0,0,0,0,0,0,,0,,0,0,0,0,0,0,0,0,0,0,0,0,0,0,0,0,0
081WfInbb46QimiJ1hXso6zUQ,2025-09-19 13:58:48.952131 UTC,0,,0,0,,0,,0,,,57,30-60 sec,0,0,0,0,0,0,0,0,0,0,0,0,0,0,0,0,,0,,0,0,0,0,0,0,0,0,0,0,0,0,0,0,0,0,0
081COk8K0P4REO1BRSEFaT7CQ,2025-09-19 14:11:18.162600 UTC,0,,0,0,,0,,0,,,59,30-60 sec,0,0,0,0,0,0,0,0,0,0,0,0,0,0,0,0,,0,,0,0,0,0,0,0,0,0,0,0,0,0,0,0,0,0,0
1037FK3_TxdSTmyXYxjoh0etg,2025-09-19 14:13:12.618236 UTC,0,,0,0,,0,,0,,,44,30-60 sec,0,0,0,0,0,0,0,0,0,0,0,0,0,0,0,0,,0,,0,0,0,0,0,0,0,0,0,0,0,0,0,0,0,0,0
119WIIXhft3Tg-oH7SAaDGHSw,2025-09-19 14:14:51.910640 UTC,0,,0,0,,0,,0,,,33,30-60 sec,0,0,0,0,0,0,0,0,0,0,0,0,0,0,0,0,,0,,0,0,0,0,0,0,0,0,0,0,0,0,0,0,0,0,0
08108-0PXrFQbGUm5dJoaYcbQ,2025-09-19 14:21:11.380340 UTC,0,,0,0,,0,,0,,,49,30-60 sec,0,0,0,0,0,0,0,0,0,0,0,0,0,0,0,0,,0,,0,0,0,0,0,0,0,0,0,0,0,0,0,0,0,0,0
25e0634f-a658-480f-b94d-301bf719cf8b,2025-09-19 14:22:57.160517 UTC,0,,0,0,,0,,0,,,15,5-30 sec,0,0,0,0,0,0,0,0,0,0,0,0,0,0,0,0,,0,,0,0,0,0,0,0,0,0,0,0,0,0,0,0,0,0,0
0653vs5CTKGTfGolQbLtG8WrA,2025-09-19 14:24:58.899753 UTC,0,,0,0,,0,,0,,,33,30-60 sec,0,0,0,0,0,0,0,0,0,0,0,0,0,0,0,0,,0,,0,0,0,0,0,0,0,0,0,0,0,0,0,0,0,0,0
119IPcpzy_eR5ekb1ajiuOFqw,2025-09-19 14:28:57.943055 UTC,0,,0,0,,0,,0,,,51,30-60 sec,0,0,0,0,0,0,0,0,0,0,0,0,0,0,0,0,,0,,0,0,0,0,0,0,0,0,0,0,0,0,0,0,0,0,0
0655Tzu8pVYRsO6itxpFE709A,2025-09-19 14:33:39.557193 UTC,0,,0,0,,0,,0,,,33,30-60 sec,0,0,0,0,0,0,0,0,0,0,0,0,0,0,0,0,,0,,0,0,0,0,0,0,0,0,0,0,0,0,0,0,0,0,0
96934e91-0325-4571-a2a4-e6d4ff8545e0,2025-09-19 14:51:23.249619 UTC,0,,0,0,,0,,0,,,26,5-30 sec,0,0,0,0,0,0,0,0,0,0,0,0,0,0,0,0,,0,,0,0,0,0,0,0,0,0,0,0,0,0,0,0,0,0,0
081NjYptcafSsK3Xm5ZWw3aBQ,2025-09-19 15:24:15.289296 UTC,0,,0,0,,0,,0,,,79,60-120 sec,0,0,0,0,0,0,0,0,0,0,0,0,0,0,0,0,,0,,0,0,0,0,0,0,0,0,0,0,0,0,0,0,0,0,0
065REc4f6pCTwSdVsw8SeySlA,2025-09-19 15:34:01.204991 UTC,0,,0,0,,0,,0,,,76,60-120 sec,0,0,0,0,0,0,0,0,0,0,0,0,0,0,0,0,,0,,0,0,0,0,0,0,0,0,0,0,0,0,0,0,0,0,0
119RZE-MOL0SVOv_58PBAsZdw,2025-09-19 15:36:56.280512 UTC,0,,0,0,,0,,0,,,116,60-120 sec,0,0,0,0,0,0,0,0,0,0,0,0,0,0,0,0,,0,,0,0,0,0,0,0,0,0,0,0,0,0,0,0,0,0,0
119CDdT_KRxSjuBdcqHDNMmdw,2025-09-19 15:43:07.390736 UTC,0,,0,0,,0,,0,,,127,>120 sec,0,0,0,0,0,0,0,0,0,0,0,0,0,0,0,0,,0,,0,0,0,0,0,0,0,0,0,0,0,0,0,0,0,0,0
119dgvxsJkhRSC5N46sOwc4sw,2025-09-19 15:49:12.681566 UTC,0,,0,0,,0,,0,,,133,>120 sec,0,0,0,0,0,0,0,0,0,0,0,0,0,0,0,0,,0,,0,0,0,0,0,0,0,0,0,0,0,0,0,0,0,0,0
a693389a-95cc-4fb5-8112-f69369aa7070,2025-09-19 15:53:52.011879 UTC,0,,0,0,,0,,0,,,1193,>120 sec,0,0,0,0,0,0,0,0,0,0,0,0,0,0,0,0,,0,,0,0,0,0,0,0,0,0,0,0,0,0,0,0,0,0,0
081WwOOL8P2TTKnuchLOCZ5XQ,2025-09-19 16:23:43.134261 UTC,0,,0,0,,0,,0,,,16,5-30 sec,0,0,0,0,0,0,0,0,0,0,0,0,0,0,0,0,,0,,0,0,0,0,0,0,0,0,0,0,0,0,0,0,0,0,0
081tDkEyKg0S8CGtuOzYZt0pQ,2025-09-19 16:24:54.706227 UTC,0,,0,0,,0,,0,,,120,60-120 sec,0,0,0,0,0,0,0,0,0,0,0,0,0,0,0,0,,0,,0,0,0,0,0,0,0,0,0,0,0,0,0,0,0,0,0
081efBVZtTASOmvGS4hmaWPUQ,2025-09-19 16:45:25.244900 UTC,0,,0,0,,0,,0,,,0,0-5 sec,0,0,0,0,0,0,0,0,0,0,0,0,0,0,0,0,,0,,0,0,0,0,0,0,0,0,0,0,0,0,0,0,0,0,0
103may87Fd2T2CP5dOEIxix-g,2025-09-19 17:09:49.969016 UTC,0,,0,0,,0,,0,,,15,5-30 sec,0,0,0,0,0,0,0,0,0,0,0,0,0,0,0,0,,0,,0,0,0,0,0,0,0,0,0,0,0,0,0,0,0,0,0
10327nZSEfjTxizweuf-5BoHg,2025-09-19 17:11:29.545754 UTC,0,,0,0,,0,,0,,,3,0-5 sec,0,0,0,0,0,0,0,0,0,0,0,0,0,0,0,0,,0,,0,0,0,0,0,0,0,0,0,0,0,0,0,0,0,0,0
119dvzQFSgfRZWM7yNRhf_uCw,2025-09-19 17:12:29.674223 UTC,0,,0,0,,0,,0,,,37,30-60 sec,0,0,0,0,0,0,0,0,0,0,0,0,0,0,0,0,,0,,0,0,0,0,0,0,0,0,0,0,0,0,0,0,0,0,0
065aR9pDXm5RneQw2wsP35T9A,2025-09-19 17:14:59.989516 UTC,0,,0,0,,0,,0,,,4,0-5 sec,0,0,0,0,0,0,0,0,0,0,0,0,0,0,0,0,,0,,0,0,0,0,0,0,0,0,0,0,0,0,0,0,0,0,0
119Sgyq88eRQ1-RR1JXFqHKMw,2025-09-19 18:53:00.855679 UTC,0,,0,0,,0,,0,,,0,0-5 sec,0,0,0,0,0,0,0,0,0,0,0,0,0,0,0,0,,0,,0,0,0,0,0,0,0,0,0,0,0,0,0,0,0,0,0
06577a1PwsITbOn94a1c_gaXA,2025-09-19 18:54:44.938256 UTC,0,,0,0,,0,,0,,,0,0-5 sec,0,0,0,0,0,0,0,0,0,0,0,0,0,0,0,0,,0,,0,0,0,0,0,0,0,0,0,0,0,0,0,0,0,0,0
081tQWhQktzRmqOgkT0ANTE8Q,2025-09-19 19:03:04.148474 UTC,0,,0,0,,0,,0,,,0,0-5 sec,0,0,0,0,0,0,0,0,0,0,0,0,0,0,0,0,,0,,0,0,0,0,0,0,0,0,0,0,0,0,0,0,0,0,0
ff6b95e5-7187-41e3-bfc6-82bb43092cdd,2025-09-19 19:18:24.457388 UTC,0,,0,0,,0,,0,,,0,0-5 sec,0,0,0,0,0,0,0,0,0,0,0,0,0,0,0,0,,0,,0,0,0,0,0,0,0,0,0,0,0,0,0,0,0,0,0
21c22c3f-bb2e-45bd-9766-faecc6ec4f21,2025-09-19 19:23:47.212558 UTC,0,,0,0,,0,,0,,,8,5-30 sec,0,0,0,0,0,0,0,0,0,0,0,0,0,0,0,0,,0,,0,0,0,0,0,0,0,0,0,0,0,0,0,0,0,0,0
1a0067ee-6797-437e-9455-8bb6bb01b66d,2025-09-19 19:23:54.956747 UTC,0,,0,0,,0,,0,,,0,0-5 sec,0,0,0,0,0,0,0,0,0,0,0,0,0,0,0,0,,0,,0,0,0,0,0,0,0,0,0,0,0,0,0,0,0,0,0
103IyXjWC39TGag5a6ZXkVRUg,2025-09-19 19:44:20.166972 UTC,0,,0,0,,0,,0,,,281,>120 sec,0,0,0,0,0,0,0,0,0,0,0,0,0,0,0,0,,0,,0,0,0,0,0,0,0,0,0,0,0,0,0,0,0,0,0
0812WPlekG9Rca1fMcUPtx3nQ,2025-09-19 19:57:25.841606 UTC,0,,0,0,,0,,0,,,142,>120 sec,0,0,0,0,0,0,0,0,0,0,0,0,0,0,0,0,,0,,0,0,0,0,0,0,0,0,0,0,0,0,0,0,0,0,0
103ngkDn-TUS0WXircswxh5Yg,2025-09-19 20:01:16.039441 UTC,0,,0,0,,0,,0,,,93,60-120 sec,0,0,0,0,0,0,0,0,0,0,0,0,0,0,0,0,,0,,0,0,0,0,0,0,0,0,0,0,0,0,0,0,0,0,0
1036C0Y-CV5RJOE94e3gk-ZXg,2025-09-19 20:03:59.102261 UTC,0,,0,0,,0,,0,,,79,60-120 sec,0,0,0,0,0,0,0,0,0,0,0,0,0,0,0,0,,0,,0,0,0,0,0,0,0,0,0,0,0,0,0,0,0,0,0
081gsxRnVwjSJ6W-6NrUQNKUQ,2025-09-19 20:05:52.874579 UTC,0,,0,0,,0,,0,,,48,30-60 sec,0,0,0,0,0,0,0,0,0,0,0,0,0,0,0,0,,0,,0,0,0,0,0,0,0,0,0,0,0,0,0,0,0,0,0
1039kPsbeVlT--9dPYc7lcDNg,2025-09-19 20:07:26.749337 UTC,0,,0,0,,0,,0,,,132,>120 sec,0,0,0,0,0,0,0,0,0,0,0,0,0,0,0,0,,0,,0,0,0,0,0,0,0,0,0,0,0,0,0,0,0,0,0
065aJGUsBuRQTK1NKB8-xMLUA,2025-09-19 20:13:17.428224 UTC,0,,0,0,,0,,0,,,83,60-120 sec,0,0,0,0,0,0,0,0,0,0,0,0,0,0,0,0,,0,,0,0,0,0,0,0,0,0,0,0,0,0,0,0,0,0,0
103nJyQSO88TumsLv2JIkpA3g,2025-09-19 20:15:22.569693 UTC,0,,0,0,,0,,0,,,47,30-60 sec,0,0,0,0,0,0,0,0,0,0,0,0,0,0,0,0,,0,,0,0,0,0,0,0,0,0,0,0,0,0,0,0,0,0,0
119NkDl0LroRjm6AGCL9JGx-w,2025-09-19 20:17:48.819455 UTC,0,,0,0,,0,,0,,,373,>120 sec,0,0,0,0,0,0,0,0,0,0,0,0,0,0,0,0,,0,,0,0,0,0,0,0,0,0,0,0,0,0,0,0,0,0,0
103VI3CktLAR8-W8xSu7Qgmng,2025-09-19 20:24:45.889498 UTC,0,,0,0,,0,,0,,,236,>120 sec,0,0,0,0,0,0,0,0,0,0,0,0,0,0,0,0,,0,,0,0,0,0,0,0,0,0,0,0,0,0,0,0,0,0,0
119urV70MnMTXmQ7kj0ngZAKw,2025-09-19 20:29:28.870309 UTC,0,,0,0,,0,,0,,,106,60-120 sec,0,0,0,0,0,0,0,0,0,0,0,0,0,0,0,0,,0,,0,0,0,0,0,0,0,0,0,0,0,0,0,0,0,0,0
081n5YIJ5hkRm2XO2evs9cnCQ,2025-09-19 20:31:55.276247 UTC,0,,0,0,,0,,0,,,169,>120 sec,0,0,0,0,0,0,0,0,0,0,0,0,0,0,0,0,,0,,0,0,0,0,0,0,0,0,0,0,0,0,0,0,0,0,0
081Hrr3lh1NRZ-YxooVBMXiCQ,2025-09-19 20:35:12.871998 UTC,0,,0,0,,0,,0,,,5,0-5 sec,0,0,0,0,0,0,0,0,0,0,0,0,0,0,0,0,,0,,0,0,0,0,0,0,0,0,0,0,0,0,0,0,0,0,0
103aNSb7D5dT9uRfDTHS4wsxg,2025-09-19 20:35:15.167578 UTC,0,,0,0,,0,,0,,,108,60-120 sec,0,0,0,0,0,0,0,0,0,0,0,0,0,0,0,0,,0,,0,0,0,0,0,0,0,0,0,0,0,0,0,0,0,0,0
119fZE8K9nNQ4ag77PeeLmN9w,2025-09-19 20:40:16.491752 UTC,0,,0,0,,0,,0,,,36,30-60 sec,0,0,0,0,0,0,0,0,0,0,0,0,0,0,0,0,,0,,0,0,0,0,0,0,0,0,0,0,0,0,0,0,0,0,0
1193DjPQcd9RtKqRGCJhTZAcw,2025-09-19 20:43:51.134051 UTC,0,,0,0,,0,,0,,,41,30-60 sec,0,0,0,0,0,0,0,0,0,0,0,0,0,0,0,0,,0,,0,0,0,0,0,0,0,0,0,0,0,0,0,0,0,0,0
1037kQh4JI3Rqmi21W0D6J4wg,2025-09-19 20:45:26.112192 UTC,0,,0,0,,0,,0,,,74,60-120 sec,0,0,0,0,0,0,0,0,0,0,0,0,0,0,0,0,,0,,0,0,0,0,0,0,0,0,0,0,0,0,0,0,0,0,0
9003cc28-dddf-4e25-b609-d85d4655279c,2025-09-20 00:11:55.707205 UTC,0,,0,0,,0,,0,,,163,>120 sec,0,0,0,0,0,0,0,0,0,0,0,0,0,0,0,0,,0,,0,0,0,0,0,0,0,0,0,0,0,0,0,0,0,0,0
fe0dfbd6-99dd-4d9a-bf1e-82fe77b009de,2025-09-21 13:16:53.870034 UTC,0,,0,0,,0,,0,,,103,60-120 sec,0,0,0,0,0,0,0,0,0,0,0,0,0,0,0,0,,0,,0,0,0,0,0,0,0,0,0,0,0,0,0,0,0,0,0
403a0ba3-5bcc-4efb-9369-414b5a89a19f,2025-09-21 14:16:35.304880 UTC,0,,0,0,,0,,0,,,6,5-30 sec,0,0,0,0,0,0,0,0,0,0,0,0,0,0,0,0,,0,,0,0,0,0,0,0,0,0,0,0,0,0,0,0,0,0,0
1437ca7d-52e2-433b-a84b-7e58938030ca,2025-09-21 14:21:42.770136 UTC,0,false,0,0,,0,,0,,,84,60-120 sec,0,0,0,0,0,0,0,0,0,0,0,0,0,0,0,0,false,0,false,0,0,0,0,0,0,0,0,0,0,0,0,0,0,0,0,0
e13eaee7-9414-4944-a850-d40398d87ec3,2025-09-21 14:34:30.240875 UTC,0,false,0,0,,0,,0,,,8,5-30 sec,0,0,0,0,0,0,0,0,0,0,0,0,0,0,0,0,false,0,false,0,0,0,0,0,0,0,0,0,0,0,0,0,0,0,0,0
739bf3d3-993c-4714-ba80-8ff73bf9a848,2025-09-21 14:35:49.808900 UTC,0,false,0,0,,0,,0,,,110,60-120 sec,0,0,0,0,0,0,0,0,0,0,0,0,0,0,0,0,false,0,false,0,0,0,0,0,0,0,0,0,0,0,0,0,0,0,0,0
103Yq2kxBMPSMSn0eTeJ9YPGg,2025-09-22 09:36:21.164368 UTC,0,,0,0,,0,,0,,,7,5-30 sec,0,0,0,0,0,0,0,0,0,0,0,0,0,0,0,0,,0,,0,0,0,0,0,0,0,0,0,0,0,0,0,0,0,0,0
103SkJgeMumR2-xRdOep06Nrg,2025-09-22 09:51:35.724169 UTC,0,,0,0,,0,,0,,,41,30-60 sec,0,0,0,0,0,0,0,0,0,0,0,0,0,0,0,0,,0,,0,0,0,0,0,0,0,0,0,0,0,0,0,0,0,0,0
103kFuRjt4wQ0qH7ZJvcq_Jpg,2025-09-22 09:53:29.113128 UTC,0,,0,0,,0,,0,,,48,30-60 sec,0,0,0,0,0,0,0,0,0,0,0,0,0,0,0,0,,0,,0,0,0,0,0,0,0,0,0,0,0,0,0,0,0,0,0
f8c9dc25-9078-467c-85f8-a099d204eca6,2025-09-22 09:57:50.004655 UTC,0,,0,0,,0,,0,,,46,30-60 sec,0,0,0,0,0,0,0,0,0,0,0,0,0,0,0,0,,0,,0,0,0,0,0,0,0,0,0,0,0,0,0,0,0,0,0
103OmLm8WvaQ9WAIpGp3Dnqyg,2025-09-22 09:58:11.890679 UTC,0,,0,0,,0,,0,,,51,30-60 sec,0,0,0,0,0,0,0,0,0,0,0,0,0,0,0,0,,0,,0,0,0,0,0,0,0,0,0,0,0,0,0,0,0,0,0
a8580679-db74-44b3-97a7-7693e1071916,2025-09-22 10:05:48.304292 UTC,0,,0,0,,0,,0,,,37,30-60 sec,0,0,0,0,0,0,0,0,0,0,0,0,0,0,0,0,,0,,0,0,0,0,0,0,0,0,0,0,0,0,0,0,0,0,0
b31e84e3-b335-482f-bd41-dfb3a9eaaf56,2025-09-22 10:08:28.677016 UTC,0,,0,0,,0,,0,,,27,5-30 sec,0,0,0,0,0,0,0,0,0,0,0,0,0,0,0,0,,0,,0,0,0,0,0,0,0,0,0,0,0,0,0,0,0,0,0
103ad8GhmZRQ12VPLqfwWhvlg,2025-09-22 10:53:51.839010 UTC,0,false,0,0,,0,,0,,,188,>120 sec,0,0,0,0,0,0,0,0,0,0,0,0,0,0,0,0,false,0,false,0,0,0,0,0,0,0,0,0,0,0,0,0,0,0,0,0
103z9lmd_PFR32_Uv4xuDXjNg,2025-09-22 14:30:53.748690 UTC,0,,0,0,,0,,0,,,67,60-120 sec,0,0,0,0,0,0,0,0,0,0,0,0,0,0,0,0,,0,,0,0,0,0,0,0,0,0,0,0,0,0,0,0,0,0,0
081a4o6oPl2SPyodW1BTNCHjQ,2025-09-22 14:33:11.210805 UTC,0,,0,0,,0,,0,,,96,60-120 sec,0,0,0,0,0,0,0,0,0,0,0,0,0,0,0,0,,0,,0,0,0,0,0,0,0,0,0,0,0,0,0,0,0,0,0
103n1lLyM-STtSZHH7D0hrORg,2025-09-22 14:41:31.283304 UTC,0,,0,0,,0,,0,,,35,30-60 sec,0,0,0,0,0,0,0,0,0,0,0,0,0,0,0,0,,0,,0,0,0,0,0,0,0,0,0,0,0,0,0,0,0,0,0
081a1YpHx1iStec5XMH_N6bGQ,2025-09-22 14:44:40.500866 UTC,0,,0,0,,0,,0,,,16,5-30 sec,0,0,0,0,0,0,0,0,0,0,0,0,0,0,0,0,,0,,0,0,0,0,0,0,0,0,0,0,0,0,0,0,0,0,0
0654-6UibQvRAOlo98OJvCnkA,2025-09-22 14:47:03.779522 UTC,0,,0,0,,0,,0,,,36,30-60 sec,0,0,0,0,0,0,0,0,0,0,0,0,0,0,0,0,,0,,0,0,0,0,0,0,0,0,0,0,0,0,0,0,0,0,0
081keX7WXdLSdy4WcU37YbphQ,2025-09-22 14:48:05.248663 UTC,0,,0,0,,0,,0,,,50,30-60 sec,0,0,0,0,0,0,0,0,0,0,0,0,0,0,0,0,,0,,0,0,0,0,0,0,0,0,0,0,0,0,0,0,0,0,0
119BV-_h5wISSqPMGxi_truew,2025-09-22 14:50:50.669084 UTC,0,,0,0,,0,,0,,,37,30-60 sec,0,0,0,0,0,0,0,0,0,0,0,0,0,0,0,0,,0,,0,0,0,0,0,0,0,0,0,0,0,0,0,0,0,0,0
119VFpHhjMoSG-PH_0fuJiAWw,2025-09-22 14:50:51.110803 UTC,0,,0,0,,0,,0,,,53,30-60 sec,0,0,0,0,0,0,0,0,0,0,0,0,0,0,0,0,,0,,0,0,0,0,0,0,0,0,0,0,0,0,0,0,0,0,0
103DCIEDvEhSI20-2rYwGYvQg,2025-09-22 14:53:12.495346 UTC,0,,0,0,,0,,0,,,0,0-5 sec,0,0,0,0,0,0,0,0,0,0,0,0,0,0,0,0,,0,,0,0,0,0,0,0,0,0,0,0,0,0,0,0,0,0,0
103iXF16evVSLOw9IykdqfpMg,2025-09-22 14:55:33.379016 UTC,0,,0,0,,0,,0,,,0,0-5 sec,0,0,0,0,0,0,0,0,0,0,0,0,0,0,0,0,,0,,0,0,0,0,0,0,0,0,0,0,0,0,0,0,0,0,0
065BXAVocXuREqddB0PZEDwhA,2025-09-22 14:56:00.238145 UTC,0,,0,0,,0,,0,,,42,30-60 sec,0,0,0,0,0,0,0,0,0,0,0,0,0,0,0,0,,0,,0,0,0,0,0,0,0,0,0,0,0,0,0,0,0,0,0
081xd4U0t5FTY2EdqI5w1zuoQ,2025-09-22 14:56:59.897115 UTC,0,,0,0,,0,,0,,,70,60-120 sec,0,0,0,0,0,0,0,0,0,0,0,0,0,0,0,0,,0,,0,0,0,0,0,0,0,0,0,0,0,0,0,0,0,0,0
0653hQ_InL9TfyF1eh1o_FgQA,2025-09-22 15:01:33.238991 UTC,0,,0,0,,0,,0,,,128,>120 sec,0,0,0,0,0,0,0,0,0,0,0,0,0,0,0,0,,0,,0,0,0,0,0,0,0,0,0,0,0,0,0,0,0,0,0
065r2g6zXCLS0-ncAViprROmA,2025-09-22 15:03:44.712449 UTC,0,,0,0,,0,,0,,,60,30-60 sec,0,0,0,0,0,0,0,0,0,0,0,0,0,0,0,0,,0,,0,0,0,0,0,0,0,0,0,0,0,0,0,0,0,0,0
119CP-5gjGcR56YJRGuVeVtYw,2025-09-22 15:14:12.135959 UTC,0,,0,0,,0,,0,,,40,30-60 sec,0,0,0,0,0,0,0,0,0,0,0,0,0,0,0,0,,0,,0,0,0,0,0,0,0,0,0,0,0,0,0,0,0,0,0
7a7cc609-a0e6-42db-8909-10c0d23023ea,2025-09-22 15:23:36.065147 UTC,0,,0,0,,0,,0,,,0,0-5 sec,0,0,0,0,0,0,0,0,0,0,0,0,0,0,0,0,,0,,0,0,0,0,0,0,0,0,0,0,0,0,0,0,0,0,0
94f37cf3-c847-45dd-817d-9bcd651e8dc1,2025-09-22 15:23:44.561394 UTC,0,,0,0,,0,,0,,,30,5-30 sec,0,0,0,0,0,0,0,0,0,0,0,0,0,0,0,0,,0,,0,0,0,0,0,0,0,0,0,0,0,0,0,0,0,0,0
119q46lCz3CR8qi97J50Uy8Ow,2025-09-22 15:25:37.458090 UTC,0,,0,0,,0,,0,,,101,60-120 sec,0,0,0,0,0,0,0,0,0,0,0,0,0,0,0,0,,0,,0,0,0,0,0,0,0,0,0,0,0,0,0,0,0,0,0
103H_frVbfSQR6GaS6lpB8xqg,2025-09-22 15:28:06.864558 UTC,0,,0,0,,0,,0,,,33,30-60 sec,0,0,0,0,0,0,0,0,0,0,0,0,0,0,0,0,,0,,0,0,0,0,0,0,0,0,0,0,0,0,0,0,0,0,0
119Kpjosdp8Rt2PEgZ8X0aWow,2025-09-22 15:28:53.847228 UTC,0,,0,0,,0,,0,,,16,5-30 sec,0,0,0,0,0,0,0,0,0,0,0,0,0,0,0,0,,0,,0,0,0,0,0,0,0,0,0,0,0,0,0,0,0,0,0
103EG2iO-CPTvCTCsO8jLnAdg,2025-09-22 15:30:53.586689 UTC,0,,0,0,,0,,0,,,0,0-5 sec,0,0,0,0,0,0,0,0,0,0,0,0,0,0,0,0,,0,,0,0,0,0,0,0,0,0,0,0,0,0,0,0,0,0,0
065U3Y2Sm9dTbasE8HrLT_EDA,2025-09-22 15:31:52.571559 UTC,0,,0,0,,0,,0,,,76,60-120 sec,0,0,0,0,0,0,0,0,0,0,0,0,0,0,0,0,,0,,0,0,0,0,0,0,0,0,0,0,0,0,0,0,0,0,0
081_fIKUaqURm23l3BH6gsMsQ,2025-09-22 15:35:48.618794 UTC,0,,0,0,,0,,0,,,32,30-60 sec,0,0,0,0,0,0,0,0,0,0,0,0,0,0,0,0,,0,,0,0,0,0,0,0,0,0,0,0,0,0,0,0,0,0,0
065X7lIPukeQiC2fLA5kGAp0A,2025-09-22 15:38:24.032907 UTC,0,,0,0,,0,,0,,,46,30-60 sec,0,0,0,0,0,0,0,0,0,0,0,0,0,0,0,0,,0,,0,0,0,0,0,0,0,0,0,0,0,0,0,0,0,0,0
08173kzOo0vQp61AcyUV_lXiQ,2025-09-22 15:43:37.403897 UTC,0,,0,0,,0,,0,,,4,0-5 sec,0,0,0,0,0,0,0,0,0,0,0,0,0,0,0,0,,0,,0,0,0,0,0,0,0,0,0,0,0,0,0,0,0,0,0
103NQBQjkYgQ5uLbeodXui4tg,2025-09-22 15:44:09.347129 UTC,0,,0,0,,0,,0,,,53,30-60 sec,0,0,0,0,0,0,0,0,0,0,0,0,0,0,0,0,,0,,0,0,0,0,0,0,0,0,0,0,0,0,0,0,0,0,0
119Z4GzCYHAQS2DxqUM1xNRtw,2025-09-22 15:45:38.663937 UTC,0,,0,0,,0,,0,,,33,30-60 sec,0,0,0,0,0,0,0,0,0,0,0,0,0,0,0,0,,0,,0,0,0,0,0,0,0,0,0,0,0,0,0,0,0,0,0
119JHDZ5impSCqYaTgC_B3EOw,2025-09-22 15:46:39.191783 UTC,0,,0,0,,0,,0,,,3,0-5 sec,0,0,0,0,0,0,0,0,0,0,0,0,0,0,0,0,,0,,0,0,0,0,0,0,0,0,0,0,0,0,0,0,0,0,0
11960i5n07iRYSP7o53RX_ukw,2025-09-22 15:48:33.106488 UTC,0,,0,0,,0,,0,,,61,60-120 sec,0,0,0,0,0,0,0,0,0,0,0,0,0,0,0,0,,0,,0,0,0,0,0,0,0,0,0,0,0,0,0,0,0,0,0
103rw3tUlo9Se2Im1hgyO7v2g,2025-09-22 15:51:27.668146 UTC,0,,0,0,,0,,0,,,71,60-120 sec,0,0,0,0,0,0,0,0,0,0,0,0,0,0,0,0,,0,,0,0,0,0,0,0,0,0,0,0,0,0,0,0,0,0,0
119K-1VGbtFScKRVGRaO8JD2w,2025-09-22 15:55:40.782257 UTC,0,false,0,0,,0,,0,,,162,>120 sec,0,0,0,0,0,0,0,0,0,0,0,0,0,0,0,0,false,0,false,0,0,0,0,0,0,0,0,0,0,0,0,0,0,0,0,0
ba69d758-a47c-43e0-a8e3-6cebe36ddd24,2025-09-22 16:11:49.410828 UTC,0,,0,0,,0,,0,,,33,30-60 sec,0,0,0,0,0,0,0,0,0,0,0,0,0,0,0,0,,0,,0,0,0,0,0,0,0,0,0,0,0,0,0,0,0,0,0
d567b2aa-4af7-4c80-b1c2-70d0152e219d,2025-09-22 18:42:07.427610 UTC,0,,0,0,,0,,0,,,3296,>120 sec,0,0,0,0,0,0,0,0,0,0,0,0,0,0,0,0,,0,,0,0,0,0,0,0,0,0,0,0,0,0,0,0,0,0,0
6626e46b-2521-451d-93b0-cd1c8c794d96,2025-09-22 19:38:43.468073 UTC,0,,0,0,,0,,0,,,3,0-5 sec,0,0,0,0,0,0,0,0,0,0,0,0,0,0,0,0,,0,,0,0,0,0,0,0,0,0,0,0,0,0,0,0,0,0,0
07c8b203-1cc2-4c01-80eb-32ba8dd2b85f,2025-09-22 19:38:52.896688 UTC,0,,0,0,,0,,0,,,3,0-5 sec,0,0,0,0,0,0,0,0,0,0,0,0,0,0,0,0,,0,,0,0,0,0,0,0,0,0,0,0,0,0,0,0,0,0,0
bd395212-a40c-40ff-bd08-7b92af30f63a,2025-09-22 19:39:14.414494 UTC,0,,0,0,,0,,0,,,23,5-30 sec,0,0,0,0,0,0,0,0,0,0,0,0,0,0,0,0,,0,,0,0,0,0,0,0,0,0,0,0,0,0,0,0,0,0,0
cbf5788a-e683-4ee2-9ff8-5a67489f5ac2,2025-09-22 19:40:24.380642 UTC,0,,0,0,,0,,0,,,3,0-5 sec,0,0,0,0,0,0,0,0,0,0,0,0,0,0,0,0,,0,,0,0,0,0,0,0,0,0,0,0,0,0,0,0,0,0,0
7a869f81-1bcd-4965-bf81-279248eb1e19,2025-09-22 19:42:12.333321 UTC,0,,0,0,,0,,0,,,73,60-120 sec,0,0,0,0,0,0,0,0,0,0,0,0,0,0,0,0,,0,,0,0,0,0,0,0,0,0,0,0,0,0,0,0,0,0,0
2db97512-01d2-4745-ad64-6aa0f3c6cdde,2025-09-22 19:47:06.891966 UTC,0,,0,0,,0,,0,,,7,5-30 sec,0,0,0,0,0,0,0,0,0,0,0,0,0,0,0,0,,0,,0,0,0,0,0,0,0,0,0,0,0,0,0,0,0,0,0
d6174596-98b7-4800-9ee4-b2b2eee1d65c,2025-09-22 19:47:25.168865 UTC,0,,0,0,,0,,0,,,5,0-5 sec,0,0,0,0,0,0,0,0,0,0,0,0,0,0,0,0,,0,,0,0,0,0,0,0,0,0,0,0,0,0,0,0,0,0,0
858221b8-9f35-4016-b237-aa074cd5751c,2025-09-22 19:47:56.548017 UTC,0,,0,0,,0,,0,,,1,0-5 sec,0,0,0,0,0,0,0,0,0,0,0,0,0,0,0,0,,0,,0,0,0,0,0,0,0,0,0,0,0,0,0,0,0,0,0
1d13c0d9-d2f4-41d1-84d9-13ef873a2c2c,2025-09-22 19:49:14.461137 UTC,0,,0,0,,0,,0,,,11,5-30 sec,0,0,0,0,0,0,0,0,0,0,0,0,0,0,0,0,,0,,0,0,0,0,0,0,0,0,0,0,0,0,0,0,0,0,0
c430192a-9299-4264-a8cc-686fb8ce52ac,2025-09-22 19:49:54.966736 UTC,0,,0,0,,0,,0,,,3,0-5 sec,0,0,0,0,0,0,0,0,0,0,0,0,0,0,0,0,,0,,0,0,0,0,0,0,0,0,0,0,0,0,0,0,0,0,0
130daefa-b360-41c7-a8f2-4f1e36272fe8,2025-09-22 19:54:30.075334 UTC,0,,0,0,,0,,0,,,3,0-5 sec,0,0,0,0,0,0,0,0,0,0,0,0,0,0,0,0,,0,,0,0,0,0,0,0,0,0,0,0,0,0,0,0,0,0,0
30154325-e0e7-45ab-87ef-df2bb877894f,2025-09-22 19:56:01.783374 UTC,0,,0,0,,0,,0,,,4,0-5 sec,0,0,0,0,0,0,0,0,0,0,0,0,0,0,0,0,,0,,0,0,0,0,0,0,0,0,0,0,0,0,0,0,0,0,0
1dcf3b1d-7d4c-49f6-a808-84c31aaa7a0b,2025-09-22 19:57:57.715852 UTC,0,,0,0,,0,,0,,,3,0-5 sec,0,0,0,0,0,0,0,0,0,0,0,0,0,0,0,0,,0,,0,0,0,0,0,0,0,0,0,0,0,0,0,0,0,0,0
8928912b-b7fd-4581-864e-68355c2938b0,2025-09-22 20:07:56.256838 UTC,0,,0,0,,0,,0,,,3,0-5 sec,0,0,0,0,0,0,0,0,0,0,0,0,0,0,0,0,,0,,0,0,0,0,0,0,0,0,0,0,0,0,0,0,0,0,0
44f5c22a-885e-4e5d-8dd2-fe3559108fc3,2025-09-22 20:16:04.620739 UTC,0,,0,0,,0,,0,,,3,0-5 sec,0,0,0,0,0,0,0,0,0,0,0,0,0,0,0,0,,0,,0,0,0,0,0,0,0,0,0,0,0,0,0,0,0,0,0
c6bc63a6-c8e9-490e-a98a-68a6f8ec7a79,2025-09-22 20:17:01.234794 UTC,0,,0,0,,0,,0,,,6,5-30 sec,0,0,0,0,0,0,0,0,0,0,0,0,0,0,0,0,,0,,0,0,0,0,0,0,0,0,0,0,0,0,0,0,0,0,0
0214d6db-5299-49e9-b8ad-d7566ca6f8e4,2025-09-22 20:17:22.957554 UTC,0,,0,0,,0,,0,,,12,5-30 sec,0,0,0,0,0,0,0,0,0,0,0,0,0,0,0,0,,0,,0,0,0,0,0,0,0,0,0,0,0,0,0,0,0,0,0
c7df825b-b14b-49b6-aaf8-9b598aced63f,2025-09-22 20:18:47.100830 UTC,0,,0,0,,0,,0,,,7,5-30 sec,0,0,0,0,0,0,0,0,0,0,0,0,0,0,0,0,,0,,0,0,0,0,0,0,0,0,0,0,0,0,0,0,0,0,0
ab0de27d-5459-47e6-9bce-2e6b4b569a3d,2025-09-23 09:43:08.609019 UTC,0,,0,0,,0,,0,,,24,5-30 sec,0,0,0,0,0,0,0,0,0,0,0,0,0,0,0,0,,0,,0,0,0,0,0,0,0,0,0,0,0,0,0,0,0,0,0
a5b5a94b-bb3b-4cfe-bfdd-5bc8875d5ebc,2025-09-23 09:47:54.394416 UTC,0,,0,0,,0,,0,,,8,5-30 sec,0,0,0,0,0,0,0,0,0,0,0,0,0,0,0,0,,0,,0,0,0,0,0,0,0,0,0,0,0,0,0,0,0,0,0
aa894de0-0cd5-431e-ba49-4684abf32f06,2025-09-23 09:48:08.376361 UTC,0,,0,0,,0,,0,,,137,>120 sec,0,0,0,0,0,0,0,0,0,0,0,0,0,0,0,0,,0,,0,0,0,0,0,0,0,0,0,0,0,0,0,0,0,0,0
5ef200aa-a279-45fe-9b35-8182a1f275eb,2025-09-23 10:03:13.297162 UTC,0,,0,0,,0,,0,,,74,60-120 sec,0,0,0,0,0,0,0,0,0,0,0,0,0,0,0,0,,0,,0,0,0,0,0,0,0,0,0,0,0,0,0,0,0,0,0
a1280717-bfd7-478e-bd23-e6178db7e4a1,2025-09-23 10:05:39.334441 UTC,0,,0,0,,0,,0,,,0,0-5 sec,0,0,0,0,0,0,0,0,0,0,0,0,0,0,0,0,,0,,0,0,0,0,0,0,0,0,0,0,0,0,0,0,0,0,0
8618a5fb-9ff1-4f3f-a9b1-732c4c678d9e,2025-09-23 10:06:02.248832 UTC,0,,0,0,,0,,0,,,2210,>120 sec,0,0,0,0,0,0,0,0,0,0,0,0,0,0,0,0,,0,,0,0,0,0,0,0,0,0,0,0,0,0,0,0,0,0,0
784ec3cc-9b94-4046-b148-f6d38b6115b1,2025-09-23 11:02:39.018927 UTC,0,false,0,0,,0,,0,,,11,5-30 sec,0,0,0,0,0,0,0,0,0,0,0,0,0,0,0,0,false,0,false,0,0,0,0,0,0,0,0,0,0,0,0,0,0,0,0,0
621f4a51-e50c-4f6d-b208-b78e4fb0e0bf,2025-09-23 11:47:39.934742 UTC,0,,0,0,,0,,0,,,28,5-30 sec,0,0,0,0,0,0,0,0,0,0,0,0,0,0,0,0,,0,,0,0,0,0,0,0,0,0,0,0,0,0,0,0,0,0,0
8cbd4437-8557-4761-9f1c-e38729668014,2025-09-23 12:46:49.162929 UTC,0,,0,0,,0,,0,,,38,30-60 sec,0,0,0,0,0,0,0,0,0,0,0,0,0,0,0,0,,0,,0,0,0,0,0,0,0,0,0,0,0,0,0,0,0,0,0
2acd3662-f5c4-457b-82d9-7b242960fdc2,2025-09-23 12:50:34.679111 UTC,0,,0,0,,0,,0,,,432,>120 sec,0,0,0,0,0,0,0,0,0,0,0,0,0,0,0,0,,0,,0,0,0,0,0,0,0,0,0,0,0,0,0,0,0,0,0
065v-jpu2vNTce16n-ubB4-nA,2025-09-23 13:37:55.334274 UTC,0,,0,0,,0,,0,,,42,30-60 sec,0,0,0,0,0,0,0,0,0,0,0,0,0,0,0,0,,0,,0,0,0,0,0,0,0,0,0,0,0,0,0,0,0,0,0
081MvcQeo7LS2uDItUsbHAoOQ,2025-09-23 14:58:01.809558 UTC,0,,0,0,,0,,0,,,179,>120 sec,0,0,0,0,0,0,0,0,0,0,0,0,0,0,0,0,,0,,0,0,0,0,0,0,0,0,0,0,0,0,0,0,0,0,0
d6ce7f2a-e205-4b66-b8ac-2db281ddef7b,2025-09-23 15:13:02.953183 UTC,0,,0,0,,0,,0,,,65,60-120 sec,0,0,0,0,0,0,0,0,0,0,0,0,0,0,0,0,,0,,0,0,0,0,0,0,0,0,0,0,0,0,0,0,0,0,0
bc219e00-1e8e-40c9-8b40-328a5f417fff,2025-09-23 15:15:51.021966 UTC,0,,0,0,,0,,0,,,9,5-30 sec,0,0,0,0,0,0,0,0,0,0,0,0,0,0,0,0,,0,,0,0,0,0,0,0,0,0,0,0,0,0,0,0,0,0,0
d7c80cce-bb08-4e81-8c10-bcb09bfd3660,2025-09-23 15:16:41.604686 UTC,0,,0,0,,0,,0,,,9,5-30 sec,0,0,0,0,0,0,0,0,0,0,0,0,0,0,0,0,,0,,0,0,0,0,0,0,0,0,0,0,0,0,0,0,0,0,0
df689c07-5bd1-4634-b7a7-46d1aeb6a315,2025-09-23 15:18:36.410904 UTC,0,,0,0,,0,,0,,,9,5-30 sec,0,0,0,0,0,0,0,0,0,0,0,0,0,0,0,0,,0,,0,0,0,0,0,0,0,0,0,0,0,0,0,0,0,0,0
887a9b6b-5836-45b4-bc5a-ccc78ff02609,2025-09-23 15:27:15.138303 UTC,0,,0,0,,0,,0,,,43,30-60 sec,0,0,0,0,0,0,0,0,0,0,0,0,0,0,0,0,,0,,0,0,0,0,0,0,0,0,0,0,0,0,0,0,0,0,0
c0536b58-2af6-4fc6-80a8-4cb63b783ede,2025-09-23 15:31:06.615773 UTC,0,,0,0,,0,,0,,,6,5-30 sec,0,0,0,0,0,0,0,0,0,0,0,0,0,0,0,0,,0,,0,0,0,0,0,0,0,0,0,0,0,0,0,0,0,0,0
dcc82066-6601-4b3a-9c10-20704ac5bf25,2025-09-23 15:31:19.494376 UTC,0,,0,0,,0,,0,,,132,>120 sec,0,0,0,0,0,0,0,0,0,0,0,0,0,0,0,0,,0,,0,0,0,0,0,0,0,0,0,0,0,0,0,0,0,0,0
88a8fb27-d61e-4ed8-ba68-611a8f5440a3,2025-09-23 15:40:57.883490 UTC,0,,0,0,,0,,0,,,83,60-120 sec,0,0,0,0,0,0,0,0,0,0,0,0,0,0,0,0,,0,,0,0,0,0,0,0,0,0,0,0,0,0,0,0,0,0,0
8579766d-3ea9-434b-9ef3-6ea7ce8a0311,2025-09-23 15:46:44.014429 UTC,0,,0,0,,0,,0,,,15,5-30 sec,0,0,0,0,0,0,0,0,0,0,0,0,0,0,0,0,,0,,0,0,0,0,0,0,0,0,0,0,0,0,0,0,0,0,0
42a4eb32-6f99-4ef9-87dc-b8b524a7db12,2025-09-23 15:47:06.378030 UTC,0,,0,0,,0,,0,,,122,>120 sec,0,0,0,0,0,0,0,0,0,0,0,0,0,0,0,0,,0,,0,0,0,0,0,0,0,0,0,0,0,0,0,0,0,0,0
103V1Gl0QLcSgCEeir4y_mtjg,2025-09-23 15:48:42.658968 UTC,0,,0,0,,0,,0,,,40,30-60 sec,0,0,0,0,0,0,0,0,0,0,0,0,0,0,0,0,,0,,0,0,0,0,0,0,0,0,0,0,0,0,0,0,0,0,0
3e797132-25fb-45c5-9d2b-a7325cbd0297,2025-09-23 15:50:18.682288 UTC,0,,0,0,,0,,0,,,0,0-5 sec,0,0,0,0,0,0,0,0,0,0,0,0,0,0,0,0,,0,,0,0,0,0,0,0,0,0,0,0,0,0,0,0,0,0,0
ae195f50-69d3-4cc6-9cb2-4b986a51dfab,2025-09-23 15:50:29.415074 UTC,0,,0,0,,0,,0,,,71,60-120 sec,0,0,0,0,0,0,0,0,0,0,0,0,0,0,0,0,,0,,0,0,0,0,0,0,0,0,0,0,0,0,0,0,0,0,0
9abc232c-fb1c-4b69-83ce-92c8675293ef,2025-09-23 15:55:55.513385 UTC,0,,0,0,,0,,0,,,14,5-30 sec,0,0,0,0,0,0,0,0,0,0,0,0,0,0,0,0,,0,,0,0,0,0,0,0,0,0,0,0,0,0,0,0,0,0,0
b07998f6-1e64-41cb-ab47-9c1e0631e36d,2025-09-23 15:56:16.680618 UTC,0,,0,0,,0,,0,,,98,60-120 sec,0,0,0,0,0,0,0,0,0,0,0,0,0,0,0,0,,0,,0,0,0,0,0,0,0,0,0,0,0,0,0,0,0,0,0
2c8b56e3-e374-4133-b5aa-a845843206c8,2025-09-23 15:58:48.421574 UTC,0,,0,0,,0,,0,,,11,5-30 sec,0,0,0,0,0,0,0,0,0,0,0,0,0,0,0,0,,0,,0,0,0,0,0,0,0,0,0,0,0,0,0,0,0,0,0
081TlPwiBcjTyqM7bMYiVrD1Q,2025-09-23 16:11:17.179825 UTC,0,false,0,0,,0,,0,,,233,>120 sec,0,0,0,0,0,0,0,0,0,0,0,0,0,0,0,0,false,0,false,0,0,0,0,0,0,0,0,0,0,0,0,0,0,0,0,0
119qqlC7a8GQgi7IdZD_OKb-w,2025-09-23 16:29:59.047456 UTC,0,,0,0,,0,,0,,,42,30-60 sec,0,0,0,0,0,0,0,0,0,0,0,0,0,0,0,0,,0,,0,0,0,0,0,0,0,0,0,0,0,0,0,0,0,0,0
8570c53f-4767-42b3-959a-85af7d832554,2025-09-23 16:33:23.222260 UTC,0,,0,0,,0,,0,,,201,>120 sec,0,0,0,0,0,0,0,0,0,0,0,0,0,0,0,0,,0,,0,0,0,0,0,0,0,0,0,0,0,0,0,0,0,0,0
119Vj68YdCjQOGqut6i932dPw,2025-09-23 16:45:43.954194 UTC,0,false,0,0,,0,,0,,,337,>120 sec,0,0,0,0,0,0,0,0,0,0,0,0,0,0,0,0,false,0,false,0,0,0,0,0,0,0,0,0,0,0,0,0,0,0,0,0
f793c807-b028-48ca-8119-7a91482a41dc,2025-09-23 16:46:26.311861 UTC,0,,0,0,,0,,0,,,20,5-30 sec,0,0,0,0,0,0,0,0,0,0,0,0,0,0,0,0,,0,,0,0,0,0,0,0,0,0,0,0,0,0,0,0,0,0,0
f707e049-000f-433d-9b55-25fb49f1bf8d,2025-09-23 16:49:47.771714 UTC,0,,0,0,,0,,0,,,22,5-30 sec,0,0,0,0,0,0,0,0,0,0,0,0,0,0,0,0,,0,,0,0,0,0,0,0,0,0,0,0,0,0,0,0,0,0,0
89139915-90bf-4ce8-9013-da504b2d0c28,2025-09-23 16:50:26.037783 UTC,0,,0,0,,0,,0,,,56,30-60 sec,0,0,0,0,0,0,0,0,0,0,0,0,0,0,0,0,,0,,0,0,0,0,0,0,0,0,0,0,0,0,0,0,0,0,0
4dfcc12d-7e0c-4cf6-af84-aa462a35564f,2025-09-23 16:54:11.023684 UTC,0,,0,0,,0,,0,,,43,30-60 sec,0,0,0,0,0,0,0,0,0,0,0,0,0,0,0,0,,0,,0,0,0,0,0,0,0,0,0,0,0,0,0,0,0,0,0
28f5f795-4745-4968-961a-2d50baaf4b5d,2025-09-23 16:54:41.244387 UTC,0,,0,0,,0,,0,,,59,30-60 sec,0,0,0,0,0,0,0,0,0,0,0,0,0,0,0,0,,0,,0,0,0,0,0,0,0,0,0,0,0,0,0,0,0,0,0
47342da2-9b13-4809-8f71-910fdf7294ec,2025-09-23 16:56:08.223185 UTC,0,,0,0,,0,,0,,,629,>120 sec,0,0,0,0,0,0,0,0,0,0,0,0,0,0,0,0,,0,,0,0,0,0,0,0,0,0,0,0,0,0,0,0,0,0,0
af50adcc-dac7-4d2b-a080-7ba34e85474b,2025-09-23 17:00:03.959992 UTC,0,,0,0,,0,,0,,,7,5-30 sec,0,0,0,0,0,0,0,0,0,0,0,0,0,0,0,0,,0,,0,0,0,0,0,0,0,0,0,0,0,0,0,0,0,0,0
103Xl4eipxCRVK03s3K7BS1qg,2025-09-23 17:00:25.420856 UTC,0,,0,0,,0,,0,,,224,>120 sec,0,0,0,0,0,0,0,0,0,0,0,0,0,0,0,0,,0,,0,0,0,0,0,0,0,0,0,0,0,0,0,0,0,0,0
218eab0c-4d13-4418-9dbd-09e6dfcd889f,2025-09-23 17:00:48.252775 UTC,0,,0,0,,0,,0,,,6,5-30 sec,0,0,0,0,0,0,0,0,0,0,0,0,0,0,0,0,,0,,0,0,0,0,0,0,0,0,0,0,0,0,0,0,0,0,0
8d64db2c-0831-465e-ba85-a6b169bded65,2025-09-23 17:09:27.409161 UTC,0,,0,0,,0,,0,,,150,>120 sec,0,0,0,0,0,0,0,0,0,0,0,0,0,0,0,0,,0,,0,0,0,0,0,0,0,0,0,0,0,0,0,0,0,0,0
103X9kqE9stTLq1iWoWkmsBHg,2025-09-23 17:20:11.339339 UTC,0,false,0,0,,0,,0,,,410,>120 sec,0,0,0,0,0,0,0,0,0,0,0,0,0,0,0,0,false,0,false,0,0,0,0,0,0,0,0,0,0,0,0,0,0,0,0,0
fc7a4c6b-ab32-444a-b353-92f0be9f98c1,2025-09-23 17:23:26.078316 UTC,0,,0,0,,0,,0,,,2,0-5 sec,0,0,0,0,0,0,0,0,0,0,0,0,0,0,0,0,,0,,0,0,0,0,0,0,0,0,0,0,0,0,0,0,0,0,0
e22e8644-6a85-470b-b9d4-4eefaf4a6579,2025-09-23 17:23:38.638448 UTC,0,,0,0,,0,,0,,,72,60-120 sec,0,0,0,0,0,0,0,0,0,0,0,0,0,0,0,0,,0,,0,0,0,0,0,0,0,0,0,0,0,0,0,0,0,0,0
065LyBG_g-tT7-37Ku30VrwIA,2025-09-23 17:51:25.240261 UTC,0,,0,0,,0,,0,,,194,>120 sec,0,0,0,0,0,0,0,0,0,0,0,0,0,0,0,0,,0,,0,0,0,0,0,0,0,0,0,0,0,0,0,0,0,0,0
103-fcI5iCVRcKnpcza31Nomg,2025-09-23 17:55:39.163326 UTC,0,false,0,0,,0,,0,,,219,>120 sec,0,0,0,0,0,0,0,0,0,0,0,0,0,0,0,0,false,0,false,0,0,0,0,0,0,0,0,0,0,0,0,0,0,0,0,0
065OcYM3v06QVu-Il-ZJygCDA,2025-09-23 18:19:36.881014 UTC,0,,0,0,,0,,0,,,91,60-120 sec,0,0,0,0,0,0,0,0,0,0,0,0,0,0,0,0,,0,,0,0,0,0,0,0,0,0,0,0,0,0,0,0,0,0,0
065FHmBNxBOTb-4Ev1X5yIg0A,2025-09-23 18:22:13.524769 UTC,0,,0,0,,0,,0,,,200,>120 sec,0,0,0,0,0,0,0,0,0,0,0,0,0,0,0,0,,0,,0,0,0,0,0,0,0,0,0,0,0,0,0,0,0,0,0
b4ffb19c-6039-4aba-babf-102c2f505142,2025-09-23 18:33:55.342327 UTC,0,,0,0,,0,,0,,,148,>120 sec,0,0,0,0,0,0,0,0,0,0,0,0,0,0,0,0,,0,,0,0,0,0,0,0,0,0,0,0,0,0,0,0,0,0,0
081QHcKQ1mDSYW1ZlgpN_CLUQ,2025-09-23 18:37:45.052712 UTC,0,,0,0,,0,,0,,,63,60-120 sec,0,0,0,0,0,0,0,0,0,0,0,0,0,0,0,0,,0,,0,0,0,0,0,0,0,0,0,0,0,0,0,0,0,0,0
065H9JkFzc6R46lLgIEf4QwTA,2025-09-23 18:41:26.335184 UTC,0,,0,0,,0,,0,,,95,60-120 sec,0,0,0,0,0,0,0,0,0,0,0,0,0,0,0,0,,0,,0,0,0,0,0,0,0,0,0,0,0,0,0,0,0,0,0
103N6zbLbn-T0SDh58QYQxcig,2025-09-23 18:41:41.242372 UTC,0,,0,0,,0,,0,,,314,>120 sec,0,0,0,0,0,0,0,0,0,0,0,0,0,0,0,0,,0,,0,0,0,0,0,0,0,0,0,0,0,0,0,0,0,0,0
33c823f8-92ba-44cc-9a02-b09b4cc45f83,2025-09-23 18:49:44.339985 UTC,0,,0,0,,0,,0,,,72,60-120 sec,0,0,0,0,0,0,0,0,0,0,0,0,0,0,0,0,,0,,0,0,0,0,0,0,0,0,0,0,0,0,0,0,0,0,0
b5362302-04c9-4fcc-b8f8-5c64772a7981,2025-09-23 18:52:27.672734 UTC,0,,0,0,,0,,0,,,11,5-30 sec,0,0,0,0,0,0,0,0,0,0,0,0,0,0,0,0,,0,,0,0,0,0,0,0,0,0,0,0,0,0,0,0,0,0,0
28689ce4-d381-42ea-9f05-26f2bd158bcf,2025-09-23 18:54:09.013671 UTC,0,,0,0,,0,,0,,,10,5-30 sec,0,0,0,0,0,0,0,0,0,0,0,0,0,0,0,0,,0,,0,0,0,0,0,0,0,0,0,0,0,0,0,0,0,0,0
b273017e-e2b5-416c-b10b-bbf5a0b4402a,2025-09-23 18:58:20.131493 UTC,0,,0,0,,0,,0,,,14,5-30 sec,0,0,0,0,0,0,0,0,0,0,0,0,0,0,0,0,,0,,0,0,0,0,0,0,0,0,0,0,0,0,0,0,0,0,0
103wULKOyItTYmdjNmENRxm-g,2025-09-23 18:58:41.109301 UTC,0,false,0,0,,0,,0,,,235,>120 sec,0,0,0,0,0,0,0,0,0,0,0,0,0,0,0,0,false,0,false,0,0,0,0,0,0,0,0,0,0,0,0,0,0,0,0,0
b34a7315-41cf-4ea7-8c92-b2f3dface9a6,2025-09-23 19:00:28.818465 UTC,0,,0,0,,0,,0,,,10,5-30 sec,0,0,0,0,0,0,0,0,0,0,0,0,0,0,0,0,,0,,0,0,0,0,0,0,0,0,0,0,0,0,0,0,0,0,0
081v51Odf8LTWe2GNROx8yshQ,2025-09-23 19:03:08.132606 UTC,0,false,0,0,,0,,0,,,174,>120 sec,0,0,0,0,0,0,0,0,0,0,0,0,0,0,0,0,false,0,false,0,0,0,0,0,0,0,0,0,0,0,0,0,0,0,0,0
7d7c78da-4624-4342-8927-bc9857cedcc2,2025-09-23 21:10:38.035631 UTC,0,,0,0,,0,,0,,,39,30-60 sec,0,0,0,0,0,0,0,0,0,0,0,0,0,0,0,0,,0,,0,0,0,0,0,0,0,0,0,0,0,0,0,0,0,0,0
b66159dd-9dcb-4ebd-85f0-124954fba0f9,2025-09-23 21:13:48.556792 UTC,0,,0,0,,0,,0,,,2,0-5 sec,0,0,0,0,0,0,0,0,0,0,0,0,0,0,0,0,,0,,0,0,0,0,0,0,0,0,0,0,0,0,0,0,0,0,0
75cb5514-da9e-4279-acac-84b368a70672,2025-09-23 21:28:29.461890 UTC,0,,0,0,,0,,0,,,2,0-5 sec,0,0,0,0,0,0,0,0,0,0,0,0,0,0,0,0,,0,,0,0,0,0,0,0,0,0,0,0,0,0,0,0,0,0,0
e8a9b9ec-dcbb-47f6-bfe7-d0cff41a35c1,2025-09-23 21:28:36.042334 UTC,0,,0,0,,0,,0,,,2,0-5 sec,0,0,0,0,0,0,0,0,0,0,0,0,0,0,0,0,,0,,0,0,0,0,0,0,0,0,0,0,0,0,0,0,0,0,0
725d000b-d329-42ec-b186-5e86aa8ab480,2025-09-23 21:35:25.323558 UTC,0,,0,0,,0,,0,,,44,30-60 sec,0,0,0,0,0,0,0,0,0,0,0,0,0,0,0,0,,0,,0,0,0,0,0,0,0,0,0,0,0,0,0,0,0,0,0
19f8a0f6-0734-4852-a9a6-2462dba6dc7c,2025-09-23 21:40:02.822731 UTC,0,,0,0,,0,,0,,,2,0-5 sec,0,0,0,0,0,0,0,0,0,0,0,0,0,0,0,0,,0,,0,0,0,0,0,0,0,0,0,0,0,0,0,0,0,0,0
f46e9faf-bfd2-4470-8a45-98797f9ba780,2025-09-23 21:59:37.962720 UTC,0,,0,0,,0,,0,,,2,0-5 sec,0,0,0,0,0,0,0,0,0,0,0,0,0,0,0,0,,0,,0,0,0,0,0,0,0,0,0,0,0,0,0,0,0,0,0
79c8f208-8d07-4165-b025-8b4ea3fa6a6e,2025-09-23 22:05:52.474543 UTC,0,,0,0,,0,,0,,,1,0-5 sec,0,0,0,0,0,0,0,0,0,0,0,0,0,0,0,0,,0,,0,0,0,0,0,0,0,0,0,0,0,0,0,0,0,0,0
bdd142a4-a91b-43cc-8ac8-537437f5f95f,2025-09-23 22:24:12.890544 UTC,0,,0,0,,0,,0,,,3,0-5 sec,0,0,0,0,0,0,0,0,0,0,0,0,0,0,0,0,,0,,0,0,0,0,0,0,0,0,0,0,0,0,0,0,0,0,0
94d1c4d9-5521-4362-8f97-9d97ce2b7e6f,2025-09-23 22:25:48.922441 UTC,0,,0,0,,0,,0,,,91,60-120 sec,0,0,0,0,0,0,0,0,0,0,0,0,0,0,0,0,,0,,0,0,0,0,0,0,0,0,0,0,0,0,0,0,0,0,0
16666314-7c8b-4c26-8ae1-e32823b60a89,2025-09-23 22:32:51.276480 UTC,0,,0,0,,0,,0,,,3,0-5 sec,0,0,0,0,0,0,0,0,0,0,0,0,0,0,0,0,,0,,0,0,0,0,0,0,0,0,0,0,0,0,0,0,0,0,0
c5d695a1-32c3-4da0-8e9b-187716bc4644,2025-09-23 22:35:18.266252 UTC,0,,0,0,,0,,0,,,0,0-5 sec,0,0,0,0,0,0,0,0,0,0,0,0,0,0,0,0,,0,,0,0,0,0,0,0,0,0,0,0,0,0,0,0,0,0,0
a3f5610d-85ca-4cfd-b2ba-8b35f3b52072,2025-09-23 22:36:47.173124 UTC,0,,0,0,,0,,0,,,9,5-30 sec,0,0,0,0,0,0,0,0,0,0,0,0,0,0,0,0,,0,,0,0,0,0,0,0,0,0,0,0,0,0,0,0,0,0,0
249f74a9-9ca2-4782-a81f-50a6bf48a514,2025-09-23 22:40:53.924860 UTC,0,,0,0,,0,,0,,,18,5-30 sec,0,0,0,0,0,0,0,0,0,0,0,0,0,0,0,0,,0,,0,0,0,0,0,0,0,0,0,0,0,0,0,0,0,0,0
065IBoeoeguSryMZlXPIeD2sA,2025-09-24 08:40:17.094977 UTC,0,,0,0,,0,,0,,,66,60-120 sec,0,0,0,0,0,0,0,0,0,0,0,0,0,0,0,0,,0,,0,0,0,0,0,0,0,0,0,0,0,0,0,0,0,0,0
081sA6BRqUnROmj68VmxNcpeQ,2025-09-24 08:42:17.795248 UTC,0,,0,0,,0,,0,,,88,60-120 sec,0,0,0,0,0,0,0,0,0,0,0,0,0,0,0,0,,0,,0,0,0,0,0,0,0,0,0,0,0,0,0,0,0,0,0
1033v7sMNwmRReXQokeI1lEDg,2025-09-24 08:51:19.681532 UTC,0,false,0,0,,0,,0,,,45,30-60 sec,0,0,0,0,0,0,0,0,0,0,0,0,0,0,0,0,false,0,false,0,0,0,0,0,0,0,0,0,0,0,0,0,0,0,0,0
065RlfOf91aT7yDa2Joi5F5JA,2025-09-24 08:56:52.280566 UTC,0,,0,0,,0,,0,,,75,60-120 sec,0,0,0,0,0,0,0,0,0,0,0,0,0,0,0,0,,0,,0,0,0,0,0,0,0,0,0,0,0,0,0,0,0,0,0
613e3249-966f-4bfa-ac0c-ae2b38da00ba,2025-09-24 08:57:30.495878 UTC,0,,0,0,,0,,0,,,494,>120 sec,0,0,0,0,0,0,0,0,0,0,0,0,0,0,0,0,,0,,0,0,0,0,0,0,0,0,0,0,0,0,0,0,0,0,0
3dcb6afd-2a49-4075-b73d-eb15356d9f0a,2025-09-24 09:04:12.698147 UTC,0,,0,0,,0,,0,,,37,30-60 sec,0,0,0,0,0,0,0,0,0,0,0,0,0,0,0,0,,0,,0,0,0,0,0,0,0,0,0,0,0,0,0,0,0,0,0
932eef92-6fa3-4ec4-ac13-342197370625,2025-09-24 09:12:02.423020 UTC,0,,0,0,,0,,0,,,61,60-120 sec,0,0,0,0,0,0,0,0,0,0,0,0,0,0,0,0,,0,,0,0,0,0,0,0,0,0,0,0,0,0,0,0,0,0,0
7f9dceb8-6b77-479c-80db-276e8c7bc40e,2025-09-24 09:16:00.468899 UTC,0,,0,0,,0,,0,,,2,0-5 sec,0,0,0,0,0,0,0,0,0,0,0,0,0,0,0,0,,0,,0,0,0,0,0,0,0,0,0,0,0,0,0,0,0,0,0
0c7c86a1-fc60-4e0f-85b2-705fd40f425f,2025-09-24 09:24:01.817273 UTC,0,,0,0,,0,,0,,,70,60-120 sec,0,0,0,0,0,0,0,0,0,0,0,0,0,0,0,0,,0,,0,0,0,0,0,0,0,0,0,0,0,0,0,0,0,0,0
ceac5a43-0e4a-48e0-9ad9-6e51d986abe2,2025-09-24 09:25:59.365835 UTC,0,,0,0,,0,,0,,,157,>120 sec,0,0,0,0,0,0,0,0,0,0,0,0,0,0,0,0,,0,,0,0,0,0,0,0,0,0,0,0,0,0,0,0,0,0,0
8dfeb2c9-e71d-44bf-b27f-cb3306abf22e,2025-09-24 09:28:50.836837 UTC,0,,0,0,,0,,0,,,186,>120 sec,0,0,0,0,0,0,0,0,0,0,0,0,0,0,0,0,,0,,0,0,0,0,0,0,0,0,0,0,0,0,0,0,0,0,0
0653rxzaU2rSbygDoyz0e19DA,2025-09-24 10:08:02.616673 UTC,0,false,0,0,,0,,0,,,100,60-120 sec,0,0,0,0,0,0,0,0,0,0,0,0,0,0,0,0,false,0,false,0,0,0,0,0,0,0,0,0,0,0,0,0,0,0,0,0
081Zc3vMah6Sx-Oajgea99_mQ,2025-09-24 10:17:34.191219 UTC,0,,0,0,,0,,0,,,104,60-120 sec,0,0,0,0,0,0,0,0,0,0,0,0,0,0,0,0,,0,,0,0,0,0,0,0,0,0,0,0,0,0,0,0,0,0,0
065WxMXq76JSiqEXqBbfMJ6aA,2025-09-24 10:19:56.042226 UTC,0,,0,0,,0,,0,,,89,60-120 sec,0,0,0,0,0,0,0,0,0,0,0,0,0,0,0,0,,0,,0,0,0,0,0,0,0,0,0,0,0,0,0,0,0,0,0
119-t3AetfmSwaYSDOu4absEw,2025-09-24 10:21:52.373016 UTC,0,,0,0,,0,,0,,,199,>120 sec,0,0,0,0,0,0,0,0,0,0,0,0,0,0,0,0,,0,,0,0,0,0,0,0,0,0,0,0,0,0,0,0,0,0,0
103YsQjRjqxSJe2UHHPQGVvMg,2025-09-24 10:54:57.955805 UTC,0,,0,0,,0,,0,,,257,>120 sec,0,0,0,0,0,0,0,0,0,0,0,0,0,0,0,0,,0,,0,0,0,0,0,0,0,0,0,0,0,0,0,0,0,0,0
103M-0KVNGlSwW41NkqTiTPEg,2025-09-24 11:25:24.604747 UTC,0,,0,0,,0,,0,,,171,>120 sec,0,0,0,0,0,0,0,0,0,0,0,0,0,0,0,0,,0,,0,0,0,0,0,0,0,0,0,0,0,0,0,0,0,0,0
103IoDCcD54SCW7GiClQGoOFg,2025-09-24 11:35:52.558316 UTC,0,false,0,0,,0,,0,,,184,>120 sec,0,0,0,0,0,0,0,0,0,0,0,0,0,0,0,0,false,0,false,0,0,0,0,0,0,0,0,0,0,0,0,0,0,0,0,0
1035Vq3HnupTBaqT-rdXZv4ng,2025-09-24 11:59:38.687035 UTC,0,,0,0,,0,,0,,,152,>120 sec,0,0,0,0,0,0,0,0,0,0,0,0,0,0,0,0,,0,,0,0,0,0,0,0,0,0,0,0,0,0,0,0,0,0,0
065fx3xuUhORwqU_IrnVbwgdA,2025-09-24 12:17:11.247325 UTC,0,,0,0,,0,,0,,,57,30-60 sec,0,0,0,0,0,0,0,0,0,0,0,0,0,0,0,0,,0,,0,0,0,0,0,0,0,0,0,0,0,0,0,0,0,0,0
103kEpeAV5_ReuqH3edJRVyVg,2025-09-24 12:20:38.415731 UTC,0,,0,0,,0,,0,,,15,5-30 sec,0,0,0,0,0,0,0,0,0,0,0,0,0,0,0,0,,0,,0,0,0,0,0,0,0,0,0,0,0,0,0,0,0,0,0
065d78GapPOQ0iKcdt2K-Pl9A,2025-09-24 12:26:22.036948 UTC,0,,0,0,,0,,0,,,80,60-120 sec,0,0,0,0,0,0,0,0,0,0,0,0,0,0,0,0,,0,,0,0,0,0,0,0,0,0,0,0,0,0,0,0,0,0,0
065qkFZa4jXS2Sasph2N1p4BA,2025-09-24 12:39:38.116382 UTC,0,,0,0,,0,,0,,,38,30-60 sec,0,0,0,0,0,0,0,0,0,0,0,0,0,0,0,0,,0,,0,0,0,0,0,0,0,0,0,0,0,0,0,0,0,0,0
119lPRJTiuOTNebjG_ffi1ehw,2025-09-24 12:42:15.871261 UTC,0,,0,0,,0,,0,,,49,30-60 sec,0,0,0,0,0,0,0,0,0,0,0,0,0,0,0,0,,0,,0,0,0,0,0,0,0,0,0,0,0,0,0,0,0,0,0
0810-IE19OVQ9e9-0zNIG8uKQ,2025-09-24 12:45:35.745992 UTC,0,,0,0,,0,,0,,,66,60-120 sec,0,0,0,0,0,0,0,0,0,0,0,0,0,0,0,0,,0,,0,0,0,0,0,0,0,0,0,0,0,0,0,0,0,0,0
103XwGLCWQ1QpSuNHt4NkSHUg,2025-09-24 12:50:07.128775 UTC,0,,0,0,,0,,0,,,82,60-120 sec,0,0,0,0,0,0,0,0,0,0,0,0,0,0,0,0,,0,,0,0,0,0,0,0,0,0,0,0,0,0,0,0,0,0,0
065FMtni3EDTceglQqhnQ58IA,2025-09-24 14:21:22.728664 UTC,0,,0,0,,0,,0,,,101,60-120 sec,0,0,0,0,0,0,0,0,0,0,0,0,0,0,0,0,,0,,0,0,0,0,0,0,0,0,0,0,0,0,0,0,0,0,0
103VUppsC2_QLOQHa1zVUdMjg,2025-09-24 14:26:23.355233 UTC,0,,0,0,,0,,0,,,133,>120 sec,0,0,0,0,0,0,0,0,0,0,0,0,0,0,0,0,,0,,0,0,0,0,0,0,0,0,0,0,0,0,0,0,0,0,0
065OllD3UBBTXmmoSSyq9UixA,2025-09-24 14:29:19.447791 UTC,0,,0,0,,0,,0,,,99,60-120 sec,0,0,0,0,0,0,0,0,0,0,0,0,0,0,0,0,,0,,0,0,0,0,0,0,0,0,0,0,0,0,0,0,0,0,0
07f2c4ed-9c06-4742-8d97-f4e5ea3a6364,2025-09-24 14:34:00.895922 UTC,0,,0,0,,0,,0,,,181,>120 sec,0,0,0,0,0,0,0,0,0,0,0,0,0,0,0,0,,0,,0,0,0,0,0,0,0,0,0,0,0,0,0,0,0,0,0
065dc2BmybmQliSelusinulRA,2025-09-24 14:35:02.146800 UTC,0,,0,0,,0,,0,,,182,>120 sec,0,0,0,0,0,0,0,0,0,0,0,0,0,0,0,0,,0,,0,0,0,0,0,0,0,0,0,0,0,0,0,0,0,0,0
71d2b25b-d3c3-480e-8838-265278749d2f,2025-09-24 14:41:48.985552 UTC,0,,0,0,,0,,0,,,443,>120 sec,0,0,0,0,0,0,0,0,0,0,0,0,0,0,0,0,,0,,0,0,0,0,0,0,0,0,0,0,0,0,0,0,0,0,0
10394yzTIZ4SL2dehGh6a1khg,2025-09-24 14:45:15.730961 UTC,0,,0,0,,0,,0,,,139,>120 sec,0,0,0,0,0,0,0,0,0,0,0,0,0,0,0,0,,0,,0,0,0,0,0,0,0,0,0,0,0,0,0,0,0,0,0
103UEIap70kRryTBK2l2JMVRg,2025-09-24 14:48:02.703440 UTC,0,,0,0,,0,,0,,,107,60-120 sec,0,0,0,0,0,0,0,0,0,0,0,0,0,0,0,0,,0,,0,0,0,0,0,0,0,0,0,0,0,0,0,0,0,0,0
0813kSLvveqQ5S6gyLK0_9nsQ,2025-09-24 14:57:59.681262 UTC,0,,0,0,,0,,0,,,99,60-120 sec,0,0,0,0,0,0,0,0,0,0,0,0,0,0,0,0,,0,,0,0,0,0,0,0,0,0,0,0,0,0,0,0,0,0,0
103uULWRokHQiyssHI8mNGdIg,2025-09-24 14:59:57.683605 UTC,0,,0,0,,0,,0,,,0,0-5 sec,0,0,0,0,0,0,0,0,0,0,0,0,0,0,0,0,,0,,0,0,0,0,0,0,0,0,0,0,0,0,0,0,0,0,0
0658jCWO9_8RvGsx6PSujCopA,2025-09-24 15:26:09.993329 UTC,0,,0,0,,0,,0,,,192,>120 sec,0,0,0,0,0,0,0,0,0,0,0,0,0,0,0,0,,0,,0,0,0,0,0,0,0,0,0,0,0,0,0,0,0,0,0
9ec0c8d3-f13f-431c-b374-a0c08f35997d,2025-09-24 15:33:47.801505 UTC,0,,0,0,,0,,0,,,54,30-60 sec,0,0,0,0,0,0,0,0,0,0,0,0,0,0,0,0,,0,,0,0,0,0,0,0,0,0,0,0,0,0,0,0,0,0,0
0655tXPg69USW-vj31Zpn7jWA,2025-09-24 15:43:36.088212 UTC,0,,0,0,,0,,0,,,87,60-120 sec,0,0,0,0,0,0,0,0,0,0,0,0,0,0,0,0,,0,,0,0,0,0,0,0,0,0,0,0,0,0,0,0,0,0,0
8cf12a71-889b-40a4-8a7b-bb55d7235764,2025-09-24 15:46:44.532406 UTC,0,,0,0,,0,,0,,,21,5-30 sec,0,0,0,0,0,0,0,0,0,0,0,0,0,0,0,0,,0,,0,0,0,0,0,0,0,0,0,0,0,0,0,0,0,0,0
0656Fjz_DwsSgatFga3Cqnd5A,2025-09-24 16:04:54.486907 UTC,0,,0,0,,0,,0,,,106,60-120 sec,0,0,0,0,0,0,0,0,0,0,0,0,0,0,0,0,,0,,0,0,0,0,0,0,0,0,0,0,0,0,0,0,0,0,0
61600865-be00-4430-8205-f0ed3c34b268,2025-09-24 16:07:19.867179 UTC,0,,0,0,,0,,0,,,116,60-120 sec,0,0,0,0,0,0,0,0,0,0,0,0,0,0,0,0,,0,,0,0,0,0,0,0,0,0,0,0,0,0,0,0,0,0,0
0582f019-a78d-4e1e-86ad-6bb5b31e0d1c,2025-09-24 16:10:35.596355 UTC,0,,0,0,,0,,0,,,158,>120 sec,0,0,0,0,0,0,0,0,0,0,0,0,0,0,0,0,,0,,0,0,0,0,0,0,0,0,0,0,0,0,0,0,0,0,0
081K9RzuuLhSNOgJP8mOFzw7Q,2025-09-24 16:11:03.725107 UTC,0,,0,0,,0,,0,,,24,5-30 sec,0,0,0,0,0,0,0,0,0,0,0,0,0,0,0,0,,0,,0,0,0,0,0,0,0,0,0,0,0,0,0,0,0,0,0
3cfbde56-4b2e-4dfd-907a-d17a90325aa3,2025-09-24 16:13:27.431971 UTC,0,,0,0,,0,,0,,,112,60-120 sec,0,0,0,0,0,0,0,0,0,0,0,0,0,0,0,0,,0,,0,0,0,0,0,0,0,0,0,0,0,0,0,0,0,0,0
065CeAi5QOeTNaby0W9t9QElA,2025-09-24 16:32:09.019596 UTC,0,,0,0,,0,,0,,,82,60-120 sec,0,0,0,0,0,0,0,0,0,0,0,0,0,0,0,0,,0,,0,0,0,0,0,0,0,0,0,0,0,0,0,0,0,0,0
103-8xmfd4vR1CxTjMthdtgPg,2025-09-24 16:34:13.994460 UTC,0,,0,0,,0,,0,,,219,>120 sec,0,0,0,0,0,0,0,0,0,0,0,0,0,0,0,0,,0,,0,0,0,0,0,0,0,0,0,0,0,0,0,0,0,0,0
5a9defe8-8fc3-40a8-a25f-0dbbffe91da1,2025-09-24 16:35:05.605073 UTC,0,,0,0,,0,,0,,,87,60-120 sec,0,0,0,0,0,0,0,0,0,0,0,0,0,0,0,0,,0,,0,0,0,0,0,0,0,0,0,0,0,0,0,0,0,0,0
1ac06872-97d6-4609-91a9-3b78296db696,2025-09-24 16:36:51.683201 UTC,0,,0,0,,0,,0,,,14,5-30 sec,0,0,0,0,0,0,0,0,0,0,0,0,0,0,0,0,,0,,0,0,0,0,0,0,0,0,0,0,0,0,0,0,0,0,0
119nFTTtG3sSbCRZkSn0ZSUkw,2025-09-24 16:39:43.802114 UTC,0,,0,0,,0,,0,,,114,60-120 sec,0,0,0,0,0,0,0,0,0,0,0,0,0,0,0,0,,0,,0,0,0,0,0,0,0,0,0,0,0,0,0,0,0,0,0
f29b2b55-c973-4796-97f1-de948d2cd16c,2025-09-24 16:39:47.362384 UTC,0,,0,0,,0,,0,,,60,30-60 sec,0,0,0,0,0,0,0,0,0,0,0,0,0,0,0,0,,0,,0,0,0,0,0,0,0,0,0,0,0,0,0,0,0,0,0
103LyIsu3YPT06fZ-ZfShkCYg,2025-09-24 16:40:52.327878 UTC,0,,0,0,,0,,0,,,70,60-120 sec,0,0,0,0,0,0,0,0,0,0,0,0,0,0,0,0,,0,,0,0,0,0,0,0,0,0,0,0,0,0,0,0,0,0,0
081PQFz2hPaQYaEgK0xDe5-0Q,2025-09-24 16:44:40.943603 UTC,0,,0,0,,0,,0,,,137,>120 sec,0,0,0,0,0,0,0,0,0,0,0,0,0,0,0,0,,0,,0,0,0,0,0,0,0,0,0,0,0,0,0,0,0,0,0
065wGhl6Vn_RXivJTp0ujAerA,2025-09-24 16:55:25.538714 UTC,0,,0,0,,0,,0,,,95,60-120 sec,0,0,0,0,0,0,0,0,0,0,0,0,0,0,0,0,,0,,0,0,0,0,0,0,0,0,0,0,0,0,0,0,0,0,0
0816jD-yj2dRFCMOlt8NgWBiQ,2025-09-24 17:00:07.644020 UTC,0,,0,0,,0,,0,,,104,60-120 sec,0,0,0,0,0,0,0,0,0,0,0,0,0,0,0,0,,0,,0,0,0,0,0,0,0,0,0,0,0,0,0,0,0,0,0
0814UVLsih2QHKK5AofIrJGPQ,2025-09-24 17:10:26.432162 UTC,0,,0,0,,0,,0,,,183,>120 sec,0,0,0,0,0,0,0,0,0,0,0,0,0,0,0,0,,0,,0,0,0,0,0,0,0,0,0,0,0,0,0,0,0,0,0
dde4f43b-3eaa-4346-9716-3d12c9d116de,2025-09-24 17:54:55.186815 UTC,0,,0,0,,0,,0,,,21,5-30 sec,0,0,0,0,0,0,0,0,0,0,0,0,0,0,0,0,,0,,0,0,0,0,0,0,0,0,0,0,0,0,0,0,0,0,0
119rirL0MGwSxe8Mi9vpguzPw,2025-09-24 18:57:56.995955 UTC,0,,0,0,,0,,0,,,57,30-60 sec,0,0,0,0,0,0,0,0,0,0,0,0,0,0,0,0,,0,,0,0,0,0,0,0,0,0,0,0,0,0,0,0,0,0,0
065TzfrsOruTEq3ETx6CyxeBA,2025-09-24 18:59:57.547661 UTC,0,false,0,0,,0,,0,,,79,60-120 sec,0,0,0,0,0,0,0,0,0,0,0,0,0,0,0,0,false,0,false,0,0,0,0,0,0,0,0,0,0,0,0,0,0,0,0,0
1198dpE3rvNQAacpixO4Cm9Nw,2025-09-24 19:07:06.010463 UTC,0,,0,0,,0,,0,,,52,30-60 sec,0,0,0,0,0,0,0,0,0,0,0,0,0,0,0,0,,0,,0,0,0,0,0,0,0,0,0,0,0,0,0,0,0,0,0
065_CJ38VQvRpmMenFcAXP3DA,2025-09-24 19:08:39.520101 UTC,0,,0,0,,0,,0,,,71,60-120 sec,0,0,0,0,0,0,0,0,0,0,0,0,0,0,0,0,,0,,0,0,0,0,0,0,0,0,0,0,0,0,0,0,0,0,0
b55e2017-e18c-430a-8451-f621d29afdc5,2025-09-24 20:11:34.676893 UTC,0,,0,0,,0,,0,,,690,>120 sec,0,0,0,0,0,0,0,0,0,0,0,0,0,0,0,0,,0,,0,0,0,0,0,0,0,0,0,0,0,0,0,0,0,0,0
a8e2fbe3-a14e-4f9b-8e38-1d450a23adee,2025-09-24 20:24:02.119301 UTC,0,,0,0,,0,,0,,,92,60-120 sec,0,0,0,0,0,0,0,0,0,0,0,0,0,0,0,0,,0,,0,0,0,0,0,0,0,0,0,0,0,0,0,0,0,0,0
10335YfAzpcRNa60RM3VOx7Cg,2025-09-24 20:27:31.072650 UTC,0,,0,0,,0,,0,,,129,>120 sec,0,0,0,0,0,0,0,0,0,0,0,0,0,0,0,0,,0,,0,0,0,0,0,0,0,0,0,0,0,0,0,0,0,0,0
103xpWcbkGUQ92EFg9Sl0_yRg,2025-09-24 20:34:30.163655 UTC,0,,0,0,,0,,0,,,94,60-120 sec,0,0,0,0,0,0,0,0,0,0,0,0,0,0,0,0,,0,,0,0,0,0,0,0,0,0,0,0,0,0,0,0,0,0,0
081wbRLMn1ER5-b-eeGQE8mwQ,2025-09-24 20:36:41.744892 UTC,0,,0,0,,0,,0,,,170,>120 sec,0,0,0,0,0,0,0,0,0,0,0,0,0,0,0,0,,0,,0,0,0,0,0,0,0,0,0,0,0,0,0,0,0,0,0
1be364ed-ff0d-47cd-8a5c-e56ada49f375,2025-09-24 20:41:01.322304 UTC,0,,0,0,,0,,0,,,3,0-5 sec,0,0,0,0,0,0,0,0,0,0,0,0,0,0,0,0,,0,,0,0,0,0,0,0,0,0,0,0,0,0,0,0,0,0,0
e9e67b73-54e9-4e5a-b856-2cb17dfb7ffe,2025-09-24 20:41:09.343741 UTC,0,,0,0,,0,,0,,,2,0-5 sec,0,0,0,0,0,0,0,0,0,0,0,0,0,0,0,0,,0,,0,0,0,0,0,0,0,0,0,0,0,0,0,0,0,0,0
1cd4dbbf-443b-40c4-8211-f98ec59c1047,2025-09-24 20:41:20.926565 UTC,0,,0,0,,0,,0,,,2,0-5 sec,0,0,0,0,0,0,0,0,0,0,0,0,0,0,0,0,,0,,0,0,0,0,0,0,0,0,0,0,0,0,0,0,0,0,0
811f36c3-a578-4041-a0aa-f4070b853a8e,2025-09-24 21:03:54.748092 UTC,0,,0,0,,0,,0,,,3,0-5 sec,0,0,0,0,0,0,0,0,0,0,0,0,0,0,0,0,,0,,0,0,0,0,0,0,0,0,0,0,0,0,0,0,0,0,0
13af98d0-6041-4b94-b691-84944aac3cfd,2025-09-24 21:06:53.901195 UTC,0,,0,0,,0,,0,,,2,0-5 sec,0,0,0,0,0,0,0,0,0,0,0,0,0,0,0,0,,0,,0,0,0,0,0,0,0,0,0,0,0,0,0,0,0,0,0
3c547889-6fa3-4677-8fea-94c438b1c683,2025-09-24 21:07:10.688670 UTC,0,,0,0,,0,,0,,,93,60-120 sec,0,0,0,0,0,0,0,0,0,0,0,0,0,0,0,0,,0,,0,0,0,0,0,0,0,0,0,0,0,0,0,0,0,0,0
0a5268bc-cfb7-48f2-acf3-46124acd0ee5,2025-09-24 21:12:28.429747 UTC,0,,0,0,,0,,0,,,1,0-5 sec,0,0,0,0,0,0,0,0,0,0,0,0,0,0,0,0,,0,,0,0,0,0,0,0,0,0,0,0,0,0,0,0,0,0,0
fb01b543-f61f-4480-a6fa-b8842b26bf37,2025-09-24 21:12:46.045314 UTC,0,,0,0,,0,,0,,,389,>120 sec,0,0,0,0,0,0,0,0,0,0,0,0,0,0,0,0,,0,,0,0,0,0,0,0,0,0,0,0,0,0,0,0,0,0,0
2fd5b1f6-a63b-4c01-aab0-6c0a976576c2,2025-09-24 21:21:41.769993 UTC,0,,0,0,,0,,0,,,80,60-120 sec,0,0,0,0,0,0,0,0,0,0,0,0,0,0,0,0,,0,,0,0,0,0,0,0,0,0,0,0,0,0,0,0,0,0,0
496a1647-38ba-432d-ba8b-adeffd125195,2025-09-24 21:30:36.874203 UTC,0,,0,0,,0,,0,,,3,0-5 sec,0,0,0,0,0,0,0,0,0,0,0,0,0,0,0,0,,0,,0,0,0,0,0,0,0,0,0,0,0,0,0,0,0,0,0
6ecef95b-be77-4824-8312-ba62cf2c8257,2025-09-24 21:30:46.472318 UTC,0,,0,0,,0,,0,,,2,0-5 sec,0,0,0,0,0,0,0,0,0,0,0,0,0,0,0,0,,0,,0,0,0,0,0,0,0,0,0,0,0,0,0,0,0,0,0
f2fc7188-0bf5-47cc-b475-ef2707c98397,2025-09-24 21:31:05.553175 UTC,0,,0,0,,0,,0,,,147,>120 sec,0,0,0,0,0,0,0,0,0,0,0,0,0,0,0,0,,0,,0,0,0,0,0,0,0,0,0,0,0,0,0,0,0,0,0
119NyXNa-xaQ6e07SQMv9Ky2w,2025-09-24 21:37:57.841403 UTC,0,,0,0,,0,,0,,,70,60-120 sec,0,0,0,0,0,0,0,0,0,0,0,0,0,0,0,0,,0,,0,0,0,0,0,0,0,0,0,0,0,0,0,0,0,0,0
081bPYYFRayRM20M7IW9gDhSQ,2025-09-24 21:39:53.480179 UTC,0,,0,0,,0,,0,,,33,30-60 sec,0,0,0,0,0,0,0,0,0,0,0,0,0,0,0,0,,0,,0,0,0,0,0,0,0,0,0,0,0,0,0,0,0,0,0
0818d_nvFQuSvywJua-92nv7Q,2025-09-24 21:46:18.621143 UTC,0,,0,0,,0,,0,,,5,0-5 sec,0,0,0,0,0,0,0,0,0,0,0,0,0,0,0,0,,0,,0,0,0,0,0,0,0,0,0,0,0,0,0,0,0,0,0
119R34xIxQtQlKO8FJQmWhDQw,2025-09-24 21:47:29.820281 UTC,0,,0,0,,0,,0,,,37,30-60 sec,0,0,0,0,0,0,0,0,0,0,0,0,0,0,0,0,,0,,0,0,0,0,0,0,0,0,0,0,0,0,0,0,0,0,0
9b15bd61-3bb5-49fb-b866-5999a2cb090f,2025-09-24 21:53:12.685476 UTC,0,,0,0,,0,,0,,,62,60-120 sec,0,0,0,0,0,0,0,0,0,0,0,0,0,0,0,0,,0,,0,0,0,0,0,0,0,0,0,0,0,0,0,0,0,0,0
c17e574b-b9ed-40d2-b05b-de8fec93118a,2025-09-24 22:09:33.156475 UTC,0,,0,0,,0,,0,,,123,>120 sec,0,0,0,0,0,0,0,0,0,0,0,0,0,0,0,0,,0,,0,0,0,0,0,0,0,0,0,0,0,0,0,0,0,0,0
6381a26c-f790-4dfa-8ecf-fbeda2c809f1,2025-09-24 22:12:53.142782 UTC,0,,0,0,,0,,0,,,6,5-30 sec,0,0,0,0,0,0,0,0,0,0,0,0,0,0,0,0,,0,,0,0,0,0,0,0,0,0,0,0,0,0,0,0,0,0,0
a8d2417b-1059-4604-8c3b-2f5ccd58768d,2025-09-24 22:14:46.877383 UTC,0,,0,0,,0,,0,,,20,5-30 sec,0,0,0,0,0,0,0,0,0,0,0,0,0,0,0,0,,0,,0,0,0,0,0,0,0,0,0,0,0,0,0,0,0,0,0
a2f4739a-a98b-45d4-81a6-1b7bb6c4ebe1,2025-09-24 22:15:26.424425 UTC,0,,0,0,,0,,0,,,58,30-60 sec,0,0,0,0,0,0,0,0,0,0,0,0,0,0,0,0,,0,,0,0,0,0,0,0,0,0,0,0,0,0,0,0,0,0,0
ce63adc5-a1f3-4613-8290-9eb10917c48b,2025-09-24 22:22:52.189146 UTC,0,,0,0,,0,,0,,,19,5-30 sec,0,0,0,0,0,0,0,0,0,0,0,0,0,0,0,0,,0,,0,0,0,0,0,0,0,0,0,0,0,0,0,0,0,0,0
73177d39-65ee-41ef-8a75-ad3ac1a31652,2025-09-24 22:25:41.598504 UTC,0,,0,0,,0,,0,,,7,5-30 sec,0,0,0,0,0,0,0,0,0,0,0,0,0,0,0,0,,0,,0,0,0,0,0,0,0,0,0,0,0,0,0,0,0,0,0
8120a095-cada-4745-a11c-afd5c81de8d5,2025-09-24 22:32:10.274348 UTC,0,,0,0,,0,,0,,,8,5-30 sec,0,0,0,0,0,0,0,0,0,0,0,0,0,0,0,0,,0,,0,0,0,0,0,0,0,0,0,0,0,0,0,0,0,0,0
2d0b7e73-816f-4978-95c1-6c53b932cdd6,2025-09-24 22:39:32.532182 UTC,0,,0,0,,0,,0,,,9,5-30 sec,0,0,0,0,0,0,0,0,0,0,0,0,0,0,0,0,,0,,0,0,0,0,0,0,0,0,0,0,0,0,0,0,0,0,0
677e3917-6081-4d95-a0a5-44478a0e77d1,2025-09-24 22:45:25.921277 UTC,0,,0,0,,0,,0,,,66,60-120 sec,0,0,0,0,0,0,0,0,0,0,0,0,0,0,0,0,,0,,0,0,0,0,0,0,0,0,0,0,0,0,0,0,0,0,0
0778e963-d542-4353-b7d1-607617817505,2025-09-24 22:54:30.436782 UTC,0,,0,0,,0,,0,,,27,5-30 sec,0,0,0,0,0,0,0,0,0,0,0,0,0,0,0,0,,0,,0,0,0,0,0,0,0,0,0,0,0,0,0,0,0,0,0
88f7d3ad-c783-4103-a57d-48caf73b94fb,2025-09-24 23:02:21.150918 UTC,0,,0,0,,0,,0,,,48,30-60 sec,0,0,0,0,0,0,0,0,0,0,0,0,0,0,0,0,,0,,0,0,0,0,0,0,0,0,0,0,0,0,0,0,0,0,0
2bc009e0-b0bf-444e-9b36-effbbdae7981,2025-09-24 23:05:57.544398 UTC,0,,0,0,,0,,0,,,34,30-60 sec,0,0,0,0,0,0,0,0,0,0,0,0,0,0,0,0,,0,,0,0,0,0,0,0,0,0,0,0,0,0,0,0,0,0,0
d473fe4b-bdbe-4ea2-9862-56bd47d9b999,2025-09-24 23:29:09.074264 UTC,0,,0,0,,0,,0,,,49,30-60 sec,0,0,0,0,0,0,0,0,0,0,0,0,0,0,0,0,,0,,0,0,0,0,0,0,0,0,0,0,0,0,0,0,0,0,0
a6b486e0-a982-4660-86f1-ef8db565456c,2025-09-24 23:30:14.181315 UTC,0,,0,0,,0,,0,,,115,60-120 sec,0,0,0,0,0,0,0,0,0,0,0,0,0,0,0,0,,0,,0,0,0,0,0,0,0,0,0,0,0,0,0,0,0,0,0
f2c3ea73-baf6-4349-a7e3-2f94645189ab,2025-09-24 23:33:36.334445 UTC,0,,0,0,,0,,0,,,37,30-60 sec,0,0,0,0,0,0,0,0,0,0,0,0,0,0,0,0,,0,,0,0,0,0,0,0,0,0,0,0,0,0,0,0,0,0,0
a60bb72f-95c5-463e-8252-bc3d002aebaf,2025-09-24 23:34:54.777618 UTC,0,,0,0,,0,,0,,,49,30-60 sec,0,0,0,0,0,0,0,0,0,0,0,0,0,0,0,0,,0,,0,0,0,0,0,0,0,0,0,0,0,0,0,0,0,0,0
181d4a0d-94f3-4fb6-8b00-712d6d0da064,2025-09-25 06:45:54.700876 UTC,0,false,0,0,,0,,0,,,39,30-60 sec,0,0,0,0,0,0,0,0,0,0,0,0,0,0,0,0,false,0,false,0,0,0,0,0,0,0,0,0,0,0,0,0,0,0,0,0
5f098222-463f-4a83-827d-246526fc0f1b,2025-09-25 06:48:44.387037 UTC,0,false,0,0,,0,,0,,,11,5-30 sec,0,0,0,0,0,0,0,0,0,0,0,0,0,0,0,0,false,0,false,0,0,0,0,0,0,0,0,0,0,0,0,0,0,0,0,0
93f6ff12-98ed-4c6a-bdf7-25e1af08d4bf,2025-09-25 06:49:42.145077 UTC,0,,0,0,,0,,0,,,28,5-30 sec,0,0,0,0,0,0,0,0,0,0,0,0,0,0,0,0,,0,,0,0,0,0,0,0,0,0,0,0,0,0,0,0,0,0,0
7b159bea-9c5f-4f83-9aa6-2dfac600b5b8,2025-09-25 06:50:25.660758 UTC,0,,0,0,,0,,0,,,20,5-30 sec,0,0,0,0,0,0,0,0,0,0,0,0,0,0,0,0,,0,,0,0,0,0,0,0,0,0,0,0,0,0,0,0,0,0,0
42e20701-341f-4fd7-a61c-ddd48edd379c,2025-09-25 06:50:59.693757 UTC,0,,0,0,,0,,0,,,34,30-60 sec,0,0,0,0,0,0,0,0,0,0,0,0,0,0,0,0,,0,,0,0,0,0,0,0,0,0,0,0,0,0,0,0,0,0,0
a8dad37f-be38-47e4-9ba5-e420c6b222f4,2025-09-25 06:58:11.760821 UTC,0,,0,0,,0,,0,,,47,30-60 sec,0,0,0,0,0,0,0,0,0,0,0,0,0,0,0,0,,0,,0,0,0,0,0,0,0,0,0,0,0,0,0,0,0,0,0
a3278150-7c13-41b6-8735-d3899d49d598,2025-09-25 07:04:39.601868 UTC,0,false,0,0,,0,,0,,,46,30-60 sec,0,0,0,0,0,0,0,0,0,0,0,0,0,0,0,0,false,0,false,0,0,0,0,0,0,0,0,0,0,0,0,0,0,0,0,0
88a3abd8-43e3-4694-aae3-523a66537ce3,2025-09-25 07:09:11.157563 UTC,0,false,0,0,,0,,0,,,8,5-30 sec,0,0,0,0,0,0,0,0,0,0,0,0,0,0,0,0,false,0,false,0,0,0,0,0,0,0,0,0,0,0,0,0,0,0,0,0
bc2abd5a-a7bb-4c83-9b81-eee0b6a04c79,2025-09-25 07:09:22.847829 UTC,0,,0,0,,0,,0,,,6,5-30 sec,0,0,0,0,0,0,0,0,0,0,0,0,0,0,0,0,,0,,0,0,0,0,0,0,0,0,0,0,0,0,0,0,0,0,0
e57f01c4-f129-419e-87fe-46eca5ec3d4e,2025-09-25 07:09:31.567263 UTC,0,,0,0,,0,,0,,,1,0-5 sec,0,0,0,0,0,0,0,0,0,0,0,0,0,0,0,0,,0,,0,0,0,0,0,0,0,0,0,0,0,0,0,0,0,0,0
96091482-8d57-452d-b471-8b0d1e727169,2025-09-25 07:09:46.444172 UTC,0,,0,0,,0,,0,,,558,>120 sec,0,0,0,0,0,0,0,0,0,0,0,0,0,0,0,0,,0,,0,0,0,0,0,0,0,0,0,0,0,0,0,0,0,0,0
24f213cb-6366-4cbd-b62d-1de4ef3aaea2,2025-09-25 07:28:20.110586 UTC,0,,0,0,,0,,0,,,42,30-60 sec,0,0,0,0,0,0,0,0,0,0,0,0,0,0,0,0,,0,,0,0,0,0,0,0,0,0,0,0,0,0,0,0,0,0,0
081xWIvXq4YQseAJ0Py4_FzPQ,2025-09-25 07:33:40.285003 UTC,0,,0,0,,0,,0,,,42,30-60 sec,0,0,0,0,0,0,0,0,0,0,0,0,0,0,0,0,,0,,0,0,0,0,0,0,0,0,0,0,0,0,0,0,0,0,0
119WtakdNuQTV6Vb2atAntKRw,2025-09-25 07:35:16.729301 UTC,0,,0,0,,0,,0,,,34,30-60 sec,0,0,0,0,0,0,0,0,0,0,0,0,0,0,0,0,,0,,0,0,0,0,0,0,0,0,0,0,0,0,0,0,0,0,0
1c92b976-5501-412a-bcd4-24d813f71e3f,2025-09-25 07:50:22.530742 UTC,0,,0,0,,0,,0,,,46,30-60 sec,0,0,0,0,0,0,0,0,0,0,0,0,0,0,0,0,,0,,0,0,0,0,0,0,0,0,0,0,0,0,0,0,0,0,0
119J7B-1yuHSvSlg1zNWQMtJw,2025-09-25 07:52:05.421390 UTC,0,,0,0,,0,,0,,,110,60-120 sec,0,0,0,0,0,0,0,0,0,0,0,0,0,0,0,0,,0,,0,0,0,0,0,0,0,0,0,0,0,0,0,0,0,0,0
e4f0aa50-fa8d-4bb6-8b96-4e3039115722,2025-09-25 09:24:27.351807 UTC,0,,0,0,,0,,0,,,90,60-120 sec,0,0,0,0,0,0,0,0,0,0,0,0,0,0,0,0,,0,,0,0,0,0,0,0,0,0,0,0,0,0,0,0,0,0,0
f3832529-199d-4638-a740-8d15b2b29f63,2025-09-25 09:28:52.475733 UTC,0,,0,0,,0,,0,,,12,5-30 sec,0,0,0,0,0,0,0,0,0,0,0,0,0,0,0,0,,0,,0,0,0,0,0,0,0,0,0,0,0,0,0,0,0,0,0
768598fb-8d62-4b3b-a0c6-54acb4c0538e,2025-09-25 10:01:26.148870 UTC,0,,0,0,,0,,0,,,52,30-60 sec,0,0,0,0,0,0,0,0,0,0,0,0,0,0,0,0,,0,,0,0,0,0,0,0,0,0,0,0,0,0,0,0,0,0,0
a1cec885-152b-4146-8936-e51cc4bd106f,2025-09-25 10:57:10.808766 UTC,0,,0,0,,0,,0,,,169,>120 sec,0,0,0,0,0,0,0,0,0,0,0,0,0,0,0,0,,0,,0,0,0,0,0,0,0,0,0,0,0,0,0,0,0,0,0
a8b72605-395f-4d44-9e72-4614eab5120e,2025-09-25 11:04:20.683668 UTC,0,,0,0,,0,,0,,,4,0-5 sec,0,0,0,0,0,0,0,0,0,0,0,0,0,0,0,0,,0,,0,0,0,0,0,0,0,0,0,0,0,0,0,0,0,0,0
4a85dd30-7e4a-4f28-9251-a0167145f86c,2025-09-25 11:30:56.079645 UTC,0,,0,0,,0,,0,,,0,0-5 sec,0,0,0,0,0,0,0,0,0,0,0,0,0,0,0,0,,0,,0,0,0,0,0,0,0,0,0,0,0,0,0,0,0,0,0
090921f0-bd6c-442b-a20a-fe09f46e2d84,2025-09-25 11:31:10.933014 UTC,0,,0,0,,0,,0,,,0,0-5 sec,0,0,0,0,0,0,0,0,0,0,0,0,0,0,0,0,,0,,0,0,0,0,0,0,0,0,0,0,0,0,0,0,0,0,0
88eaedf3-6c76-402a-94ee-6382e344abee,2025-09-25 12:14:27.746216 UTC,0,,0,0,,0,,0,,,0,0-5 sec,0,0,0,0,0,0,0,0,0,0,0,0,0,0,0,0,,0,,0,0,0,0,0,0,0,0,0,0,0,0,0,0,0,0,0
bb898dfd-f356-442b-9986-b6c03388ccbf,2025-09-25 12:14:44.222174 UTC,0,,0,0,,0,,0,,,102,60-120 sec,0,0,0,0,0,0,0,0,0,0,0,0,0,0,0,0,,0,,0,0,0,0,0,0,0,0,0,0,0,0,0,0,0,0,0
beb698c8-227f-48c5-af5d-8e86170a4cb5,2025-09-25 12:16:43.417402 UTC,0,,0,0,,0,,0,,,13,5-30 sec,0,0,0,0,0,0,0,0,0,0,0,0,0,0,0,0,,0,,0,0,0,0,0,0,0,0,0,0,0,0,0,0,0,0,0
6b88af32-9cc8-4391-b110-05de9b7fad1d,2025-09-25 12:17:27.545478 UTC,0,,0,0,,0,,0,,,24,5-30 sec,0,0,0,0,0,0,0,0,0,0,0,0,0,0,0,0,,0,,0,0,0,0,0,0,0,0,0,0,0,0,0,0,0,0,0
e9820742-858c-44ac-9efc-2c9935fe3dc3,2025-09-25 12:20:20.837434 UTC,0,,0,0,,0,,0,,,13,5-30 sec,0,0,0,0,0,0,0,0,0,0,0,0,0,0,0,0,,0,,0,0,0,0,0,0,0,0,0,0,0,0,0,0,0,0,0
08a9d08d-6968-42ab-853e-8fb4aeac4757,2025-09-25 12:20:43.002732 UTC,0,,0,0,,0,,0,,,115,60-120 sec,0,0,0,0,0,0,0,0,0,0,0,0,0,0,0,0,,0,,0,0,0,0,0,0,0,0,0,0,0,0,0,0,0,0,0
0dbb8040-c518-4383-8843-0e62032355c0,2025-09-25 12:22:48.613896 UTC,0,,0,0,,0,,0,,,56,30-60 sec,0,0,0,0,0,0,0,0,0,0,0,0,0,0,0,0,,0,,0,0,0,0,0,0,0,0,0,0,0,0,0,0,0,0,0
103_ftd-PVcQ4OD4XSV_Vjubg,2025-09-25 12:39:35.246662 UTC,0,,0,0,,0,,0,,,58,30-60 sec,0,0,0,0,0,0,0,0,0,0,0,0,0,0,0,0,,0,,0,0,0,0,0,0,0,0,0,0,0,0,0,0,0,0,0
1193VM7ZYwERPCryBQvqGUXGw,2025-09-25 12:41:32.440173 UTC,0,,0,0,,0,,0,,,53,30-60 sec,0,0,0,0,0,0,0,0,0,0,0,0,0,0,0,0,,0,,0,0,0,0,0,0,0,0,0,0,0,0,0,0,0,0,0
1039u87PKgpSLS8k5G1zUcx3g,2025-09-25 12:43:37.267495 UTC,0,,0,0,,0,,0,,,151,>120 sec,0,0,0,0,0,0,0,0,0,0,0,0,0,0,0,0,,0,,0,0,0,0,0,0,0,0,0,0,0,0,0,0,0,0,0
4ce075b8-ce88-4c7a-9b22-a6370fbc33f0,2025-09-25 13:07:24.167749 UTC,0,,0,0,,0,,0,,,46,30-60 sec,0,0,0,0,0,0,0,0,0,0,0,0,0,0,0,0,,0,,0,0,0,0,0,0,0,0,0,0,0,0,0,0,0,0,0
19959179-7cbf-4544-93c0-f6cad9fde076,2025-09-25 13:20:56.041129 UTC,0,,0,0,,0,,0,,,34,30-60 sec,0,0,0,0,0,0,0,0,0,0,0,0,0,0,0,0,,0,,0,0,0,0,0,0,0,0,0,0,0,0,0,0,0,0,0
85793550-94de-4d24-8600-489580598c8f,2025-09-25 13:26:17.726179 UTC,0,,0,0,,0,,0,,,7,5-30 sec,0,0,0,0,0,0,0,0,0,0,0,0,0,0,0,0,,0,,0,0,0,0,0,0,0,0,0,0,0,0,0,0,0,0,0
5680f790-a052-4972-83ac-a8b5df171b4f,2025-09-25 13:34:53.434318 UTC,0,,0,0,,0,,0,,,7,5-30 sec,0,0,0,0,0,0,0,0,0,0,0,0,0,0,0,0,,0,,0,0,0,0,0,0,0,0,0,0,0,0,0,0,0,0,0
9058423c-9919-473e-87a9-ad20756612ac,2025-09-25 13:39:22.339044 UTC,0,,0,0,,0,,0,,,87,60-120 sec,0,0,0,0,0,0,0,0,0,0,0,0,0,0,0,0,,0,,0,0,0,0,0,0,0,0,0,0,0,0,0,0,0,0,0
1c461cf1-9e6e-42b3-b710-bf2fd5e7dc51,2025-09-25 13:44:08.648585 UTC,0,,0,0,,0,,0,,,10,5-30 sec,0,0,0,0,0,0,0,0,0,0,0,0,0,0,0,0,,0,,0,0,0,0,0,0,0,0,0,0,0,0,0,0,0,0,0
e14426c4-44b3-4edf-b0d5-93ec996cf160,2025-09-25 13:48:49.102098 UTC,0,,0,0,,0,,0,,,0,0-5 sec,0,0,0,0,0,0,0,0,0,0,0,0,0,0,0,0,,0,,0,0,0,0,0,0,0,0,0,0,0,0,0,0,0,0,0
8a4f23fc-ccf0-43af-813c-ebfedbea36f7,2025-09-25 13:49:03.634124 UTC,0,,0,0,,0,,0,,,158,>120 sec,0,0,0,0,0,0,0,0,0,0,0,0,0,0,0,0,,0,,0,0,0,0,0,0,0,0,0,0,0,0,0,0,0,0,0
aac61817-63d6-4660-82e6-ab4a38caae43,2025-09-25 13:49:37.791476 UTC,0,,0,0,,0,,0,,,10,5-30 sec,0,0,0,0,0,0,0,0,0,0,0,0,0,0,0,0,,0,,0,0,0,0,0,0,0,0,0,0,0,0,0,0,0,0,0
5df63c95-0840-4b35-83ef-2648ef3a184e,2025-09-25 13:58:50.118499 UTC,0,,0,0,,0,,0,,,9,5-30 sec,0,0,0,0,0,0,0,0,0,0,0,0,0,0,0,0,,0,,0,0,0,0,0,0,0,0,0,0,0,0,0,0,0,0,0
87adb7cd-f540-43aa-833f-00b8b6f7f9b1,2025-09-25 14:00:13.527507 UTC,0,,0,0,,0,,0,,,10,5-30 sec,0,0,0,0,0,0,0,0,0,0,0,0,0,0,0,0,,0,,0,0,0,0,0,0,0,0,0,0,0,0,0,0,0,0,0
4678aee4-fa0b-416e-b980-2651424d4577,2025-09-25 14:04:37.471446 UTC,0,,0,0,,0,,0,,,66,60-120 sec,0,0,0,0,0,0,0,0,0,0,0,0,0,0,0,0,,0,,0,0,0,0,0,0,0,0,0,0,0,0,0,0,0,0,0
822406fd-a62b-44f0-a535-1013ae9dd683,2025-09-25 14:06:08.268412 UTC,0,,0,0,,0,,0,,,20,5-30 sec,0,0,0,0,0,0,0,0,0,0,0,0,0,0,0,0,,0,,0,0,0,0,0,0,0,0,0,0,0,0,0,0,0,0,0
d27909a4-5a02-42df-995a-19765a240333,2025-09-25 14:14:02.094132 UTC,0,,0,0,,0,,0,,,6,5-30 sec,0,0,0,0,0,0,0,0,0,0,0,0,0,0,0,0,,0,,0,0,0,0,0,0,0,0,0,0,0,0,0,0,0,0,0
fef1c60e-be31-48d5-996a-616a5f7e9950,2025-09-25 14:18:46.762660 UTC,0,,0,0,,0,,0,,,6,5-30 sec,0,0,0,0,0,0,0,0,0,0,0,0,0,0,0,0,,0,,0,0,0,0,0,0,0,0,0,0,0,0,0,0,0,0,0
b00d2c77-89ec-4fbc-bf5d-e83f86a0bba3,2025-09-25 14:22:52.308277 UTC,0,,0,0,,0,,0,,,135,>120 sec,0,0,0,0,0,0,0,0,0,0,0,0,0,0,0,0,,0,,0,0,0,0,0,0,0,0,0,0,0,0,0,0,0,0,0
94f1fe18-98af-4178-ae58-0570488b111c,2025-09-25 14:25:43.231940 UTC,0,,0,0,,0,,0,,,11,5-30 sec,0,0,0,0,0,0,0,0,0,0,0,0,0,0,0,0,,0,,0,0,0,0,0,0,0,0,0,0,0,0,0,0,0,0,0
c692bf86-bf10-4cbf-888a-8d54eacf266a,2025-09-25 14:26:49.508955 UTC,0,,0,0,,0,,0,,,13,5-30 sec,0,0,0,0,0,0,0,0,0,0,0,0,0,0,0,0,,0,,0,0,0,0,0,0,0,0,0,0,0,0,0,0,0,0,0
c899fc9a-2c5b-45b7-90a0-225472e54905,2025-09-25 14:28:09.402737 UTC,0,,0,0,,0,,0,,,23,5-30 sec,0,0,0,0,0,0,0,0,0,0,0,0,0,0,0,0,,0,,0,0,0,0,0,0,0,0,0,0,0,0,0,0,0,0,0
315a268a-a444-45be-9a6f-ae785e214b39,2025-09-25 14:33:25.675434 UTC,0,,0,0,,0,,0,,,6,5-30 sec,0,0,0,0,0,0,0,0,0,0,0,0,0,0,0,0,,0,,0,0,0,0,0,0,0,0,0,0,0,0,0,0,0,0,0
de1e9761-15d2-4cf1-b020-96a3aeabc12a,2025-09-25 14:33:50.496234 UTC,0,,0,0,,0,,0,,,52,30-60 sec,0,0,0,0,0,0,0,0,0,0,0,0,0,0,0,0,,0,,0,0,0,0,0,0,0,0,0,0,0,0,0,0,0,0,0
75ece75f-260e-4c8b-ac48-9f4c689754bb,2025-09-25 14:39:52.228702 UTC,0,,0,0,,0,,0,,,11,5-30 sec,0,0,0,0,0,0,0,0,0,0,0,0,0,0,0,0,,0,,0,0,0,0,0,0,0,0,0,0,0,0,0,0,0,0,0
57b1ffcd-7181-4145-b69b-69aad9d77b15,2025-09-25 14:47:17.645539 UTC,0,,0,0,,0,,0,,,9,5-30 sec,0,0,0,0,0,0,0,0,0,0,0,0,0,0,0,0,,0,,0,0,0,0,0,0,0,0,0,0,0,0,0,0,0,0,0
b4b9c347-6242-45b6-9cd4-5bd4ade1d202,2025-09-25 14:49:38.811690 UTC,0,,0,0,,0,,0,,,20,5-30 sec,0,0,0,0,0,0,0,0,0,0,0,0,0,0,0,0,,0,,0,0,0,0,0,0,0,0,0,0,0,0,0,0,0,0,0
13ac261b-aca8-423b-bb6d-f688576e2935,2025-09-25 14:50:58.477308 UTC,0,,0,0,,0,,0,,,251,>120 sec,0,0,0,0,0,0,0,0,0,0,0,0,0,0,0,0,,0,,0,0,0,0,0,0,0,0,0,0,0,0,0,0,0,0,0
e9ba081f-ef87-42a6-a660-a79d7f95febc,2025-09-25 14:59:04.528040 UTC,0,,0,0,,0,,0,,,11,5-30 sec,0,0,0,0,0,0,0,0,0,0,0,0,0,0,0,0,,0,,0,0,0,0,0,0,0,0,0,0,0,0,0,0,0,0,0
6f578dfb-d57f-4aa2-8c8f-78fa3da77c92,2025-09-25 14:59:28.665829 UTC,0,,0,0,,0,,0,,,46,30-60 sec,0,0,0,0,0,0,0,0,0,0,0,0,0,0,0,0,,0,,0,0,0,0,0,0,0,0,0,0,0,0,0,0,0,0,0
daaef124-1895-498a-8a53-92af97a5e2b0,2025-09-25 15:03:57.990453 UTC,0,,0,0,,0,,0,,,10,5-30 sec,0,0,0,0,0,0,0,0,0,0,0,0,0,0,0,0,,0,,0,0,0,0,0,0,0,0,0,0,0,0,0,0,0,0,0
d4b8b051-8bfb-4f20-9f9b-12c4358b6979,2025-09-25 15:05:45.883239 UTC,0,,0,0,,0,,0,,,431,>120 sec,0,0,0,0,0,0,0,0,0,0,0,0,0,0,0,0,,0,,0,0,0,0,0,0,0,0,0,0,0,0,0,0,0,0,0
081MIzwoyqLTDGEuUP_-jAa-Q,2025-09-25 15:07:57.047389 UTC,0,,0,0,,0,,0,,,116,60-120 sec,0,0,0,0,0,0,0,0,0,0,0,0,0,0,0,0,,0,,0,0,0,0,0,0,0,0,0,0,0,0,0,0,0,0,0
b0890d97-3d70-49ef-a601-309e5453d195,2025-09-25 15:13:07.873380 UTC,0,,0,0,,0,,0,,,48,30-60 sec,0,0,0,0,0,0,0,0,0,0,0,0,0,0,0,0,,0,,0,0,0,0,0,0,0,0,0,0,0,0,0,0,0,0,0
4bed93b6-e7e1-47ba-be16-b16cefcfaf42,2025-09-25 15:16:44.746990 UTC,0,,0,0,,0,,0,,,10,5-30 sec,0,0,0,0,0,0,0,0,0,0,0,0,0,0,0,0,,0,,0,0,0,0,0,0,0,0,0,0,0,0,0,0,0,0,0
081vETEgsFfQZSYDYbjbuFhxQ,2025-09-25 15:17:36.468637 UTC,0,,0,0,,0,,0,,,149,>120 sec,0,0,0,0,0,0,0,0,0,0,0,0,0,0,0,0,,0,,0,0,0,0,0,0,0,0,0,0,0,0,0,0,0,0,0
065sh0d-3cwT3-4MQDx104NxA,2025-09-25 15:22:45.321972 UTC,0,,0,0,,0,,0,,,180,>120 sec,0,0,0,0,0,0,0,0,0,0,0,0,0,0,0,0,,0,,0,0,0,0,0,0,0,0,0,0,0,0,0,0,0,0,0
838217e9-b4bf-4fe8-81dd-ab75013dc089,2025-09-25 15:36:42.698540 UTC,0,,0,0,,0,,0,,,73,60-120 sec,0,0,0,0,0,0,0,0,0,0,0,0,0,0,0,0,,0,,0,0,0,0,0,0,0,0,0,0,0,0,0,0,0,0,0
1201d4a7-a0eb-44cb-a2a6-5300a0ae60c9,2025-09-25 15:38:02.493859 UTC,0,,0,0,,0,,0,,,76,60-120 sec,0,0,0,0,0,0,0,0,0,0,0,0,0,0,0,0,,0,,0,0,0,0,0,0,0,0,0,0,0,0,0,0,0,0,0
74d38791-be9e-457b-ac71-b9dfbf3423ba,2025-09-25 16:42:21.075096 UTC,0,,0,0,,0,,0,,,18,5-30 sec,0,0,0,0,0,0,0,0,0,0,0,0,0,0,0,0,,0,,0,0,0,0,0,0,0,0,0,0,0,0,0,0,0,0,0
51a4ead1-1790-47d3-8b84-73e30479b8a8,2025-09-25 18:14:48.166436 UTC,0,,0,0,,0,,0,,,109,60-120 sec,0,0,0,0,0,0,0,0,0,0,0,0,0,0,0,0,,0,,0,0,0,0,0,0,0,0,0,0,0,0,0,0,0,0,0
40f865f0-ef52-4131-a484-949572727a74,2025-09-25 18:18:08.455923 UTC,0,,0,0,,0,,0,,,27,5-30 sec,0,0,0,0,0,0,0,0,0,0,0,0,0,0,0,0,,0,,0,0,0,0,0,0,0,0,0,0,0,0,0,0,0,0,0
e005a11b-a724-464e-8ec6-d5d840953dd1,2025-09-25 18:21:40.704837 UTC,0,,0,0,,0,,0,,,3,0-5 sec,0,0,0,0,0,0,0,0,0,0,0,0,0,0,0,0,,0,,0,0,0,0,0,0,0,0,0,0,0,0,0,0,0,0,0
081b4FgQ5nARaWeW65i8xcIvQ,2025-09-25 18:25:56.663492 UTC,0,false,0,0,,0,,0,,,123,>120 sec,0,0,0,0,0,0,0,0,0,0,0,0,0,0,0,0,false,0,false,0,0,0,0,0,0,0,0,0,0,0,0,0,0,0,0,0
2cbda669-5c52-420d-b8f0-335404ed4fa9,2025-09-25 18:26:55.721818 UTC,0,,0,0,,0,,0,,,51,30-60 sec,0,0,0,0,0,0,0,0,0,0,0,0,0,0,0,0,,0,,0,0,0,0,0,0,0,0,0,0,0,0,0,0,0,0,0
7b444305-d71c-449a-a243-f19729a83c59,2025-09-25 18:28:01.969675 UTC,0,,0,0,,0,,0,,,14,5-30 sec,0,0,0,0,0,0,0,0,0,0,0,0,0,0,0,0,,0,,0,0,0,0,0,0,0,0,0,0,0,0,0,0,0,0,0
081vaGu9AY7TMO2JkBrocm0aQ,2025-09-25 18:30:19.325547 UTC,0,,0,0,,0,,0,,,73,60-120 sec,0,0,0,0,0,0,0,0,0,0,0,0,0,0,0,0,,0,,0,0,0,0,0,0,0,0,0,0,0,0,0,0,0,0,0
119GqNlyetVTHKJr57e4z7ZKw,2025-09-25 18:34:25.241842 UTC,0,,0,0,,0,,0,,,86,60-120 sec,0,0,0,0,0,0,0,0,0,0,0,0,0,0,0,0,,0,,0,0,0,0,0,0,0,0,0,0,0,0,0,0,0,0,0
d9d5cf12-2d1a-4474-9b3e-14317bbb5a71,2025-09-25 18:39:39.147971 UTC,0,,0,0,,0,,0,,,21,5-30 sec,0,0,0,0,0,0,0,0,0,0,0,0,0,0,0,0,,0,,0,0,0,0,0,0,0,0,0,0,0,0,0,0,0,0,0
103ERecvaD4QESzaSIM7PEa-g,2025-09-25 18:40:52.729682 UTC,0,,0,0,,0,,0,,,151,>120 sec,0,0,0,0,0,0,0,0,0,0,0,0,0,0,0,0,,0,,0,0,0,0,0,0,0,0,0,0,0,0,0,0,0,0,0
119kEALU9QmS2OdjoZJvxYKTw,2025-09-25 18:48:06.620100 UTC,0,,0,0,,0,,0,,,226,>120 sec,0,0,0,0,0,0,0,0,0,0,0,0,0,0,0,0,,0,,0,0,0,0,0,0,0,0,0,0,0,0,0,0,0,0,0
103q3kWwc0qRLGrdmxyeQYPGg,2025-09-25 18:57:10.614286 UTC,0,,0,0,,0,,0,,,104,60-120 sec,0,0,0,0,0,0,0,0,0,0,0,0,0,0,0,0,,0,,0,0,0,0,0,0,0,0,0,0,0,0,0,0,0,0,0
9b6d6576-1477-4f35-8d2e-de53970fb1ee,2025-09-25 19:01:25.919462 UTC,0,,0,0,,0,,0,,,21,5-30 sec,0,0,0,0,0,0,0,0,0,0,0,0,0,0,0,0,,0,,0,0,0,0,0,0,0,0,0,0,0,0,0,0,0,0,0
119AWKV6iUJSpibELP9A9-d3w,2025-09-25 19:01:37.166214 UTC,0,,0,0,,0,,0,,,59,30-60 sec,0,0,0,0,0,0,0,0,0,0,0,0,0,0,0,0,,0,,0,0,0,0,0,0,0,0,0,0,0,0,0,0,0,0,0
006b0313-bb89-4dae-8c77-767689ccddbd,2025-09-25 19:02:44.366579 UTC,0,,0,0,,0,,0,,,132,>120 sec,0,0,0,0,0,0,0,0,0,0,0,0,0,0,0,0,,0,,0,0,0,0,0,0,0,0,0,0,0,0,0,0,0,0,0
119xv8C3IzSRcSMANuh9UN9Cw,2025-09-25 19:03:37.149624 UTC,0,,0,0,,0,,0,,,82,60-120 sec,0,0,0,0,0,0,0,0,0,0,0,0,0,0,0,0,,0,,0,0,0,0,0,0,0,0,0,0,0,0,0,0,0,0,0
119QQLLPD3GSDG7n8NYUG4Hyw,2025-09-25 19:29:54.212007 UTC,0,,0,0,,0,,0,,,40,30-60 sec,0,0,0,0,0,0,0,0,0,0,0,0,0,0,0,0,,0,,0,0,0,0,0,0,0,0,0,0,0,0,0,0,0,0,0
10362Rru_C-RmqEiz_3y6Xrzg,2025-09-25 19:31:45.265958 UTC,0,,0,0,,0,,0,,,41,30-60 sec,0,0,0,0,0,0,0,0,0,0,0,0,0,0,0,0,,0,,0,0,0,0,0,0,0,0,0,0,0,0,0,0,0,0,0
28ae597b-aafd-476c-b600-453e9d29179f,2025-09-25 19:33:58.235050 UTC,0,,0,0,,0,,0,,,23,5-30 sec,0,0,0,0,0,0,0,0,0,0,0,0,0,0,0,0,,0,,0,0,0,0,0,0,0,0,0,0,0,0,0,0,0,0,0
31f83062-0dc9-4da8-88b5-ede2a22955d7,2025-09-25 19:34:14.772345 UTC,0,,0,0,,0,,0,,,28,5-30 sec,0,0,0,0,0,0,0,0,0,0,0,0,0,0,0,0,,0,,0,0,0,0,0,0,0,0,0,0,0,0,0,0,0,0,0
081O0dlQ4BxSHCVJsOwAVqfwQ,2025-09-25 19:41:31.763184 UTC,0,,0,0,,0,,0,,,37,30-60 sec,0,0,0,0,0,0,0,0,0,0,0,0,0,0,0,0,,0,,0,0,0,0,0,0,0,0,0,0,0,0,0,0,0,0,0
327b9f8e-ae76-402b-8757-e9fddfac62d0,2025-09-25 19:43:58.601180 UTC,0,,0,0,,0,,0,,,46,30-60 sec,0,0,0,0,0,0,0,0,0,0,0,0,0,0,0,0,,0,,0,0,0,0,0,0,0,0,0,0,0,0,0,0,0,0,0
065cx2RhnCsS8qn3sDzONzSAA,2025-09-25 19:57:58.657149 UTC,0,,0,0,,0,,0,,,279,>120 sec,0,0,0,0,0,0,0,0,0,0,0,0,0,0,0,0,,0,,0,0,0,0,0,0,0,0,0,0,0,0,0,0,0,0,0
081qLpHi9iATHiMh4z1Yx7a4Q,2025-09-25 19:59:45.954197 UTC,0,,0,0,,0,,0,,,164,>120 sec,0,0,0,0,0,0,0,0,0,0,0,0,0,0,0,0,,0,,0,0,0,0,0,0,0,0,0,0,0,0,0,0,0,0,0
119ZMkf-dFXTOqvC6q-YIN46w,2025-09-25 20:05:33.712013 UTC,0,,0,0,,0,,0,,,175,>120 sec,0,0,0,0,0,0,0,0,0,0,0,0,0,0,0,0,,0,,0,0,0,0,0,0,0,0,0,0,0,0,0,0,0,0,0
1194NRb2arXQDinFGsIBjU_dw,2025-09-25 20:47:15.350975 UTC,0,,0,0,,0,,0,,,62,60-120 sec,0,0,0,0,0,0,0,0,0,0,0,0,0,0,0,0,,0,,0,0,0,0,0,0,0,0,0,0,0,0,0,0,0,0,0
103GKbxcX8vSJGIcfYHaMYEGg,2025-09-25 20:50:22.385069 UTC,0,,0,0,,0,,0,,,106,60-120 sec,0,0,0,0,0,0,0,0,0,0,0,0,0,0,0,0,,0,,0,0,0,0,0,0,0,0,0,0,0,0,0,0,0,0,0
0d8680ac-b8a6-46a6-a272-22df6b87cfa2,2025-09-25 21:08:06.099697 UTC,0,,0,0,,0,,0,,,75,60-120 sec,0,0,0,0,0,0,0,0,0,0,0,0,0,0,0,0,,0,,0,0,0,0,0,0,0,0,0,0,0,0,0,0,0,0,0
86bbe2e7-8b31-4380-8666-ce7ce5ce7367,2025-09-25 21:10:33.358397 UTC,0,,0,0,,0,,0,,,9,5-30 sec,0,0,0,0,0,0,0,0,0,0,0,0,0,0,0,0,,0,,0,0,0,0,0,0,0,0,0,0,0,0,0,0,0,0,0
607402b6-b7d8-416e-96f4-5a17d3658e70,2025-09-25 21:12:19.051448 UTC,0,,0,0,,0,,0,,,11,5-30 sec,0,0,0,0,0,0,0,0,0,0,0,0,0,0,0,0,,0,,0,0,0,0,0,0,0,0,0,0,0,0,0,0,0,0,0
065rzwuYuiLRGCemMTiuX5moA,2025-09-25 21:14:37.926108 UTC,0,,0,0,,0,,0,,,95,60-120 sec,0,0,0,0,0,0,0,0,0,0,0,0,0,0,0,0,,0,,0,0,0,0,0,0,0,0,0,0,0,0,0,0,0,0,0
119AqDbehkVRuSy7wGf8SSxnw,2025-09-25 21:18:00.203716 UTC,0,,0,0,,0,,0,,,89,60-120 sec,0,0,0,0,0,0,0,0,0,0,0,0,0,0,0,0,,0,,0,0,0,0,0,0,0,0,0,0,0,0,0,0,0,0,0
081tMMjLBR2T2mTQvf1hHSw1Q,2025-09-25 21:21:09.970022 UTC,0,,0,0,,0,,0,,,78,60-120 sec,0,0,0,0,0,0,0,0,0,0,0,0,0,0,0,0,,0,,0,0,0,0,0,0,0,0,0,0,0,0,0,0,0,0,0
065thNyUJE9SGSiJEMuBZfF_A,2025-09-25 21:28:02.185745 UTC,0,,0,0,,0,,0,,,86,60-120 sec,0,0,0,0,0,0,0,0,0,0,0,0,0,0,0,0,,0,,0,0,0,0,0,0,0,0,0,0,0,0,0,0,0,0,0
119RD04dyaFSjaq_ftGvObLnw,2025-09-25 21:40:02.758930 UTC,0,,0,0,,0,,0,,,127,>120 sec,0,0,0,0,0,0,0,0,0,0,0,0,0,0,0,0,,0,,0,0,0,0,0,0,0,0,0,0,0,0,0,0,0,0,0
065nXo5LcQMTtO_10sgXafJZA,2025-09-25 21:44:27.380317 UTC,0,,0,0,,0,,0,,,150,>120 sec,0,0,0,0,0,0,0,0,0,0,0,0,0,0,0,0,,0,,0,0,0,0,0,0,0,0,0,0,0,0,0,0,0,0,0
e265f2e7-c7d2-489c-8ef4-477a2fb061ca,2025-09-26 09:47:22.671573 UTC,0,,0,0,,0,,0,,,0,0-5 sec,0,0,0,0,0,0,0,0,0,0,0,0,0,0,0,0,,0,,0,0,0,0,0,0,0,0,0,0,0,0,0,0,0,0,0
46cc70c7-4aa8-4570-af56-58605b193a3a,2025-09-26 09:47:38.066651 UTC,0,,0,0,,0,,0,,,11,5-30 sec,0,0,0,0,0,0,0,0,0,0,0,0,0,0,0,0,,0,,0,0,0,0,0,0,0,0,0,0,0,0,0,0,0,0,0
e7f77c68-af5e-4d76-b9b4-4fd5bd3d6f8b,2025-09-26 09:54:05.145223 UTC,0,,0,0,,0,,0,,,878,>120 sec,0,0,0,0,0,0,0,0,0,0,0,0,0,0,0,0,,0,,0,0,0,0,0,0,0,0,0,0,0,0,0,0,0,0,0
3bfe43df-1e3e-4b1c-8326-623898d7e7b6,2025-09-26 09:55:25.762287 UTC,0,,0,0,,0,,0,,,9,5-30 sec,0,0,0,0,0,0,0,0,0,0,0,0,0,0,0,0,,0,,0,0,0,0,0,0,0,0,0,0,0,0,0,0,0,0,0
2457b990-f103-4b09-add3-99c5946f9a8c,2025-09-26 09:57:13.730755 UTC,0,,0,0,,0,,0,,,1075,>120 sec,0,0,0,0,0,0,0,0,0,0,0,0,0,0,0,0,,0,,0,0,0,0,0,0,0,0,0,0,0,0,0,0,0,0,0
db75424f-8e8c-4a3d-adc3-f2ea18109d61,2025-09-26 10:04:04.290699 UTC,0,,0,0,,0,,0,,,11,5-30 sec,0,0,0,0,0,0,0,0,0,0,0,0,0,0,0,0,,0,,0,0,0,0,0,0,0,0,0,0,0,0,0,0,0,0,0
5ccb6225-234a-4f6f-b323-65dd68cae2a2,2025-09-26 10:06:42.128361 UTC,0,,0,0,,0,,0,,,1,0-5 sec,0,0,0,0,0,0,0,0,0,0,0,0,0,0,0,0,,0,,0,0,0,0,0,0,0,0,0,0,0,0,0,0,0,0,0
0337d741-dfd5-4db0-ba5e-7a7f19c0ffc4,2025-09-26 10:08:52.673474 UTC,0,,0,0,,0,,0,,,62,60-120 sec,0,0,0,0,0,0,0,0,0,0,0,0,0,0,0,0,,0,,0,0,0,0,0,0,0,0,0,0,0,0,0,0,0,0,0
925395b3-469c-4c7b-9397-833fa320b196,2025-09-26 10:14:03.796761 UTC,0,,0,0,,0,,0,,,3,0-5 sec,0,0,0,0,0,0,0,0,0,0,0,0,0,0,0,0,,0,,0,0,0,0,0,0,0,0,0,0,0,0,0,0,0,0,0
55a20c12-7829-4be5-8c81-914e8b061840,2025-09-26 10:17:14.698093 UTC,0,,0,0,,0,,0,,,2,0-5 sec,0,0,0,0,0,0,0,0,0,0,0,0,0,0,0,0,,0,,0,0,0,0,0,0,0,0,0,0,0,0,0,0,0,0,0
d05853a1-0ff1-4eca-b65d-97bd0ea604f2,2025-09-26 10:57:30.639348 UTC,0,,0,0,,0,,0,,,97,60-120 sec,0,0,0,0,0,0,0,0,0,0,0,0,0,0,0,0,,0,,0,0,0,0,0,0,0,0,0,0,0,0,0,0,0,0,0
3aa76e7b-b928-4a8b-9ff2-60c35f87fd66,2025-09-26 10:59:42.304823 UTC,0,,0,0,,0,,0,,,0,0-5 sec,0,0,0,0,0,0,0,0,0,0,0,0,0,0,0,0,,0,,0,0,0,0,0,0,0,0,0,0,0,0,0,0,0,0,0
9f27e013-49dc-4214-8b12-ad591ba46e3e,2025-09-26 10:59:52.142285 UTC,0,,0,0,,0,,0,,,14,5-30 sec,0,0,0,0,0,0,0,0,0,0,0,0,0,0,0,0,,0,,0,0,0,0,0,0,0,0,0,0,0,0,0,0,0,0,0
27092c91-58bf-4010-a99f-6a3a97dbd25c,2025-09-26 11:17:01.672075 UTC,0,,0,0,,0,,0,,,5,0-5 sec,0,0,0,0,0,0,0,0,0,0,0,0,0,0,0,0,,0,,0,0,0,0,0,0,0,0,0,0,0,0,0,0,0,0,0
83ad854a-98d5-495f-b743-c2b530695de2,2025-09-26 11:17:53.247644 UTC,0,,0,0,,0,,0,,,14,5-30 sec,0,0,0,0,0,0,0,0,0,0,0,0,0,0,0,0,,0,,0,0,0,0,0,0,0,0,0,0,0,0,0,0,0,0,0
8b5dd655-0c6b-42a9-ae86-d4ad4a49efcb,2025-09-26 11:21:22.900979 UTC,0,,0,0,,0,,0,,,37,30-60 sec,0,0,0,0,0,0,0,0,0,0,0,0,0,0,0,0,,0,,0,0,0,0,0,0,0,0,0,0,0,0,0,0,0,0,0
103_yPYiiluSqWyMUKoYmEwVg,2025-09-26 11:26:29.586149 UTC,0,,0,0,,0,,0,,,136,>120 sec,0,0,0,0,0,0,0,0,0,0,0,0,0,0,0,0,,0,,0,0,0,0,0,0,0,0,0,0,0,0,0,0,0,0,0
0653ghZ_q4LQJONeKpuUxyc_A,2025-09-26 11:30:39.304916 UTC,0,,0,0,,0,,0,,,87,60-120 sec,0,0,0,0,0,0,0,0,0,0,0,0,0,0,0,0,,0,,0,0,0,0,0,0,0,0,0,0,0,0,0,0,0,0,0
119Luj_qxZ5QFapHznwiXUkPw,2025-09-26 11:32:41.369420 UTC,0,,0,0,,0,,0,,,114,60-120 sec,0,0,0,0,0,0,0,0,0,0,0,0,0,0,0,0,,0,,0,0,0,0,0,0,0,0,0,0,0,0,0,0,0,0,0
94781340-96c6-4be2-9e24-a4aec6e6080f,2025-09-26 11:49:00.544876 UTC,0,,0,0,,0,,0,,,0,0-5 sec,0,0,0,0,0,0,0,0,0,0,0,0,0,0,0,0,,0,,0,0,0,0,0,0,0,0,0,0,0,0,0,0,0,0,0
84f146ab-efcf-44fb-8e60-0895aa1583c3,2025-09-26 11:49:17.155619 UTC,0,,0,0,,0,,0,,,0,0-5 sec,0,0,0,0,0,0,0,0,0,0,0,0,0,0,0,0,,0,,0,0,0,0,0,0,0,0,0,0,0,0,0,0,0,0,0
e12ac050-7f34-47ef-84e6-0ed193de3aa4,2025-09-26 11:49:54.543526 UTC,0,,0,0,,0,,0,,,0,0-5 sec,0,0,0,0,0,0,0,0,0,0,0,0,0,0,0,0,,0,,0,0,0,0,0,0,0,0,0,0,0,0,0,0,0,0,0
268ef544-d8d4-4c88-9d6e-f4733bc61cb9,2025-09-26 11:50:11.632220 UTC,0,,0,0,,0,,0,,,46,30-60 sec,0,0,0,0,0,0,0,0,0,0,0,0,0,0,0,0,,0,,0,0,0,0,0,0,0,0,0,0,0,0,0,0,0,0,0
119YH1qUlbkTIaNz-BGIyTqTw,2025-09-26 11:52:55.731595 UTC,0,false,0,0,,0,,0,,,151,>120 sec,0,0,0,0,0,0,0,0,0,0,0,0,0,0,0,0,false,0,false,0,0,0,0,0,0,0,0,0,0,0,0,0,0,0,0,0
065Nzkn69yxSqiCLSzqsYRToA,2025-09-26 11:56:38.491638 UTC,0,,0,0,,0,,0,,,228,>120 sec,0,0,0,0,0,0,0,0,0,0,0,0,0,0,0,0,,0,,0,0,0,0,0,0,0,0,0,0,0,0,0,0,0,0,0
0651oDjEs9gR76wkR3TPnbv9A,2025-09-26 12:08:10.725584 UTC,0,,0,0,,0,,0,,,57,30-60 sec,0,0,0,0,0,0,0,0,0,0,0,0,0,0,0,0,,0,,0,0,0,0,0,0,0,0,0,0,0,0,0,0,0,0,0
0654TYhXx9lQMqCg1DOYU6ZRA,2025-09-26 12:09:51.732411 UTC,0,,0,0,,0,,0,,,95,60-120 sec,0,0,0,0,0,0,0,0,0,0,0,0,0,0,0,0,,0,,0,0,0,0,0,0,0,0,0,0,0,0,0,0,0,0,0
065odOHb6F5SYOfAPeNCkh17A,2025-09-26 12:11:45.852728 UTC,0,,0,0,,0,,0,,,181,>120 sec,0,0,0,0,0,0,0,0,0,0,0,0,0,0,0,0,,0,,0,0,0,0,0,0,0,0,0,0,0,0,0,0,0,0,0
0819Oz6GjO5Tlib3Ckvuw-3rQ,2025-09-26 12:26:19.565376 UTC,0,false,0,0,,0,,0,,,103,60-120 sec,0,0,0,0,0,0,0,0,0,0,0,0,0,0,0,0,false,0,false,0,0,0,0,0,0,0,0,0,0,0,0,0,0,0,0,0
119NXYAG2vkTYyMECjZp6tTqw,2025-09-26 12:34:54.635227 UTC,0,false,0,0,,0,,0,,,167,>120 sec,0,0,0,0,0,0,0,0,0,0,0,0,0,0,0,0,false,0,false,0,0,0,0,0,0,0,0,0,0,0,0,0,0,0,0,0
7d404798-74d5-40eb-bbb5-6de9a9a92ce0,2025-09-26 12:57:49.512925 UTC,0,,0,0,,0,,0,,,58,30-60 sec,0,0,0,0,0,0,0,0,0,0,0,0,0,0,0,0,,0,,0,0,0,0,0,0,0,0,0,0,0,0,0,0,0,0,0
081OagOWv8lQxuEagQ7fXd90Q,2025-09-26 13:06:38.832682 UTC,0,,0,0,,0,,0,,,4,0-5 sec,0,0,0,0,0,0,0,0,0,0,0,0,0,0,0,0,,0,,0,0,0,0,0,0,0,0,0,0,0,0,0,0,0,0,0
103gNGD4aOERPygfrbbuOLVng,2025-09-26 13:07:39.894747 UTC,0,,0,0,,0,,0,,,12,5-30 sec,0,0,0,0,0,0,0,0,0,0,0,0,0,0,0,0,,0,,0,0,0,0,0,0,0,0,0,0,0,0,0,0,0,0,0
32902d00-f410-4c9a-8f4d-8f90512237f9,2025-09-26 14:00:26.047905 UTC,0,,0,0,,0,,0,,,105,60-120 sec,0,0,0,0,0,0,0,0,0,0,0,0,0,0,0,0,,0,,0,0,0,0,0,0,0,0,0,0,0,0,0,0,0,0,0
2af9b0af-3327-4e06-850b-b72eef9ed621,2025-09-26 14:18:48.094542 UTC,0,,0,0,,0,,0,,,0,0-5 sec,0,0,0,0,0,0,0,0,0,0,0,0,0,0,0,0,,0,,0,0,0,0,0,0,0,0,0,0,0,0,0,0,0,0,0
25e18bcc-d9fc-48fc-8b57-3f2008676a60,2025-09-26 14:26:13.939473 UTC,0,,0,0,,0,,0,,,20,5-30 sec,0,0,0,0,0,0,0,0,0,0,0,0,0,0,0,0,,0,,0,0,0,0,0,0,0,0,0,0,0,0,0,0,0,0,0
6fee24d1-96ab-4ae3-afff-f02968dc8b73,2025-09-26 14:41:59.117356 UTC,0,,0,0,,0,,0,,,58,30-60 sec,0,0,0,0,0,0,0,0,0,0,0,0,0,0,0,0,,0,,0,0,0,0,0,0,0,0,0,0,0,0,0,0,0,0,0
bb101962-76b5-4b4f-bc48-a639724f09ff,2025-09-26 14:45:15.635993 UTC,0,,0,0,,0,,0,,,9,5-30 sec,0,0,0,0,0,0,0,0,0,0,0,0,0,0,0,0,,0,,0,0,0,0,0,0,0,0,0,0,0,0,0,0,0,0,0
8dd6e53d-503f-473a-b154-6c22e0edf3cc,2025-09-26 14:45:33.531085 UTC,0,,0,0,,0,,0,,,7,5-30 sec,0,0,0,0,0,0,0,0,0,0,0,0,0,0,0,0,,0,,0,0,0,0,0,0,0,0,0,0,0,0,0,0,0,0,0
688b2681-8e7b-48d5-9af2-786716db10e2,2025-09-26 14:46:44.482922 UTC,0,,0,0,,0,,0,,,1,0-5 sec,0,0,0,0,0,0,0,0,0,0,0,0,0,0,0,0,,0,,0,0,0,0,0,0,0,0,0,0,0,0,0,0,0,0,0
2b121ee2-95e8-4516-8a63-6553633eb283,2025-09-26 14:47:41.797847 UTC,0,,0,0,,0,,0,,,10,5-30 sec,0,0,0,0,0,0,0,0,0,0,0,0,0,0,0,0,,0,,0,0,0,0,0,0,0,0,0,0,0,0,0,0,0,0,0
f2efa57a-de44-4b45-b089-f3778d4b6504,2025-09-26 14:51:43.905177 UTC,0,,0,0,,0,,0,,,1,0-5 sec,0,0,0,0,0,0,0,0,0,0,0,0,0,0,0,0,,0,,0,0,0,0,0,0,0,0,0,0,0,0,0,0,0,0,0
270d60ce-4740-4220-a132-bee0acd2f9cf,2025-09-26 14:52:46.932511 UTC,0,,0,0,,0,,0,,,1,0-5 sec,0,0,0,0,0,0,0,0,0,0,0,0,0,0,0,0,,0,,0,0,0,0,0,0,0,0,0,0,0,0,0,0,0,0,0
f6f4a50e-6956-4635-90bf-9c48a0399326,2025-09-26 14:55:12.653836 UTC,0,,0,0,,0,,0,,,1,0-5 sec,0,0,0,0,0,0,0,0,0,0,0,0,0,0,0,0,,0,,0,0,0,0,0,0,0,0,0,0,0,0,0,0,0,0,0
8499c228-5a4b-4cb4-9e1c-466d5b721ca0,2025-09-26 14:55:29.764249 UTC,0,,0,0,,0,,0,,,6,5-30 sec,0,0,0,0,0,0,0,0,0,0,0,0,0,0,0,0,,0,,0,0,0,0,0,0,0,0,0,0,0,0,0,0,0,0,0
b3691e16-885f-4814-9f98-56b21c2fba76,2025-09-26 14:57:24.692046 UTC,0,,0,0,,0,,0,,,8,5-30 sec,0,0,0,0,0,0,0,0,0,0,0,0,0,0,0,0,,0,,0,0,0,0,0,0,0,0,0,0,0,0,0,0,0,0,0
6da367f5-85e7-4089-b22c-99c1978031d3,2025-09-26 14:57:54.943681 UTC,0,,0,0,,0,,0,,,2,0-5 sec,0,0,0,0,0,0,0,0,0,0,0,0,0,0,0,0,,0,,0,0,0,0,0,0,0,0,0,0,0,0,0,0,0,0,0
76268945-19a4-405f-93f3-caf7a510b6f9,2025-09-26 14:58:19.089759 UTC,0,,0,0,,0,,0,,,2,0-5 sec,0,0,0,0,0,0,0,0,0,0,0,0,0,0,0,0,,0,,0,0,0,0,0,0,0,0,0,0,0,0,0,0,0,0,0
10f5f77d-ee3b-42ac-94a2-74bf6edbcd15,2025-09-26 15:03:35.163570 UTC,0,,0,0,,0,,0,,,2,0-5 sec,0,0,0,0,0,0,0,0,0,0,0,0,0,0,0,0,,0,,0,0,0,0,0,0,0,0,0,0,0,0,0,0,0,0,0
7252b5e2-27ea-4db4-a15a-d33f247a77c0,2025-09-26 15:03:41.719116 UTC,0,,0,0,,0,,0,,,8,5-30 sec,0,0,0,0,0,0,0,0,0,0,0,0,0,0,0,0,,0,,0,0,0,0,0,0,0,0,0,0,0,0,0,0,0,0,0
71b4c1fe-5a31-4d2a-899e-6e721d908935,2025-09-26 15:06:23.744256 UTC,0,false,0,0,,0,,0,,,2028,>120 sec,0,0,0,0,0,0,0,0,0,0,0,0,0,0,0,0,false,0,false,0,0,0,0,0,0,0,0,0,0,0,0,0,0,0,0,0
1a74ce01-5a37-4767-a1a3-3a04b7c15402,2025-09-26 15:22:25.483744 UTC,0,,0,0,,0,,0,,,0,0-5 sec,0,0,0,0,0,0,0,0,0,0,0,0,0,0,0,0,,0,,0,0,0,0,0,0,0,0,0,0,0,0,0,0,0,0,0
820b5b2f-b3e3-4e70-92c5-fdd0a823e633,2025-09-26 15:31:27.851532 UTC,0,,0,0,,0,,0,,,0,0-5 sec,0,0,0,0,0,0,0,0,0,0,0,0,0,0,0,0,,0,,0,0,0,0,0,0,0,0,0,0,0,0,0,0,0,0,0
1e895b17-57f5-4d5e-a8a1-591ab23c1708,2025-09-26 15:33:13.041009 UTC,0,,0,0,,0,,0,,,39,30-60 sec,0,0,0,0,0,0,0,0,0,0,0,0,0,0,0,0,,0,,0,0,0,0,0,0,0,0,0,0,0,0,0,0,0,0,0
0ce379e0-c5d9-4750-8db7-f4d0a863b6aa,2025-09-26 15:34:03.363180 UTC,0,,0,0,,0,,0,,,85,60-120 sec,0,0,0,0,0,0,0,0,0,0,0,0,0,0,0,0,,0,,0,0,0,0,0,0,0,0,0,0,0,0,0,0,0,0,0
5731e64f-3998-4fe5-b96e-7b6410e0ee7b,2025-09-26 15:37:14.600980 UTC,0,,0,0,,0,,0,,,13,5-30 sec,0,0,0,0,0,0,0,0,0,0,0,0,0,0,0,0,,0,,0,0,0,0,0,0,0,0,0,0,0,0,0,0,0,0,0
b5d3b33c-6c3a-4378-9625-d5175326ac23,2025-09-26 15:40:30.913733 UTC,0,false,0,0,,0,,0,,,151,>120 sec,0,0,0,0,0,0,0,0,0,0,0,0,0,0,0,0,false,0,false,0,0,0,0,0,0,0,0,0,0,0,0,0,0,0,0,0
67e65c94-319a-4cb7-bba1-8367b5992df1,2025-09-26 18:23:38.327704 UTC,0,,0,0,,0,,0,,,33,30-60 sec,0,0,0,0,0,0,0,0,0,0,0,0,0,0,0,0,,0,,0,0,0,0,0,0,0,0,0,0,0,0,0,0,0,0,0
f29d0efa-6f82-4c35-91fa-54de00588d02,2025-09-26 18:43:32.658994 UTC,0,,0,0,,0,,0,,,130,>120 sec,0,0,0,0,0,0,0,0,0,0,0,0,0,0,0,0,,0,,0,0,0,0,0,0,0,0,0,0,0,0,0,0,0,0,0
e50b6bae-3082-49be-a433-1aa489af5acf,2025-09-26 18:45:05.677438 UTC,0,,0,0,,0,,0,,,213,>120 sec,0,0,0,0,0,0,0,0,0,0,0,0,0,0,0,0,,0,,0,0,0,0,0,0,0,0,0,0,0,0,0,0,0,0,0
8cd5f919-6618-4675-9c67-50cb21154cb8,2025-09-26 19:16:52.343868 UTC,0,,0,0,,0,,0,,,107,60-120 sec,0,0,0,0,0,0,0,0,0,0,0,0,0,0,0,0,,0,,0,0,0,0,0,0,0,0,0,0,0,0,0,0,0,0,0
219e1bbf-9dd6-4524-a046-d95b7ca1e5f2,2025-09-26 19:24:23.912528 UTC,0,,0,0,,0,,0,,,4,0-5 sec,0,0,0,0,0,0,0,0,0,0,0,0,0,0,0,0,,0,,0,0,0,0,0,0,0,0,0,0,0,0,0,0,0,0,0
26d27f31-a6df-42f6-9f93-9af92dc6f84d,2025-09-26 19:26:00.459803 UTC,0,,0,0,,0,,0,,,356,>120 sec,0,0,0,0,0,0,0,0,0,0,0,0,0,0,0,0,,0,,0,0,0,0,0,0,0,0,0,0,0,0,0,0,0,0,0
9391e2d2-a7ce-496e-b273-7c584c6ed2e8,2025-09-26 19:56:22.196661 UTC,0,,0,0,,0,,0,,,22,5-30 sec,0,0,0,0,0,0,0,0,0,0,0,0,0,0,0,0,,0,,0,0,0,0,0,0,0,0,0,0,0,0,0,0,0,0,0
8b3151ad-a78e-40b5-b94a-000a26e5b63e,2025-09-26 19:57:54.787370 UTC,0,,0,0,,0,,0,,,11,5-30 sec,0,0,0,0,0,0,0,0,0,0,0,0,0,0,0,0,,0,,0,0,0,0,0,0,0,0,0,0,0,0,0,0,0,0,0
da504a91-3e8e-4517-8091-5f3c6260405f,2025-09-26 19:58:34.838728 UTC,0,,0,0,,0,,0,,,573,>120 sec,0,0,0,0,0,0,0,0,0,0,0,0,0,0,0,0,,0,,0,0,0,0,0,0,0,0,0,0,0,0,0,0,0,0,0
dbc101f4-7e42-4576-b7dc-1ff7d814da01,2025-09-26 20:08:11.708290 UTC,0,,0,0,,0,,0,,,114,60-120 sec,0,0,0,0,0,0,0,0,0,0,0,0,0,0,0,0,,0,,0,0,0,0,0,0,0,0,0,0,0,0,0,0,0,0,0
117d9421-dd1b-4de7-9078-766237c6c6aa,2025-09-26 20:10:21.015898 UTC,0,,0,0,,0,,0,,,13,5-30 sec,0,0,0,0,0,0,0,0,0,0,0,0,0,0,0,0,,0,,0,0,0,0,0,0,0,0,0,0,0,0,0,0,0,0,0
a332eca5-a6be-4b68-a8bd-c8ee66c3c279,2025-09-26 20:11:32.667483 UTC,0,,0,0,,0,,0,,,53,30-60 sec,0,0,0,0,0,0,0,0,0,0,0,0,0,0,0,0,,0,,0,0,0,0,0,0,0,0,0,0,0,0,0,0,0,0,0
98417b65-e415-4096-b04d-5dcddb878bed,2025-09-26 20:17:37.574313 UTC,0,,0,0,,0,,0,,,6,5-30 sec,0,0,0,0,0,0,0,0,0,0,0,0,0,0,0,0,,0,,0,0,0,0,0,0,0,0,0,0,0,0,0,0,0,0,0
0e454e20-7b6b-4de4-9d1d-00f5a04ff7e2,2025-09-26 20:27:57.676685 UTC,0,,0,0,,0,,0,,,87,60-120 sec,0,0,0,0,0,0,0,0,0,0,0,0,0,0,0,0,,0,,0,0,0,0,0,0,0,0,0,0,0,0,0,0,0,0,0
1a2f169c-aad2-46f1-94ce-c4a72ad88296,2025-09-26 20:29:54.001458 UTC,0,,0,0,,0,,0,,,39,30-60 sec,0,0,0,0,0,0,0,0,0,0,0,0,0,0,0,0,,0,,0,0,0,0,0,0,0,0,0,0,0,0,0,0,0,0,0
a1e705b3-c645-42e6-b387-142de7d53201,2025-09-26 20:56:45.805720 UTC,0,,0,0,,0,,0,,,25,5-30 sec,0,0,0,0,0,0,0,0,0,0,0,0,0,0,0,0,,0,,0,0,0,0,0,0,0,0,0,0,0,0,0,0,0,0,0
70cb2836-3432-4c89-bcab-09699d901e5e,2025-09-26 21:03:11.639974 UTC,0,,0,0,,0,,0,,,40,30-60 sec,0,0,0,0,0,0,0,0,0,0,0,0,0,0,0,0,,0,,0,0,0,0,0,0,0,0,0,0,0,0,0,0,0,0,0
4f99f8fb-6419-4da8-a879-e50039191f7f,2025-09-26 21:10:00.728792 UTC,0,,0,0,,0,,0,,,5,0-5 sec,0,0,0,0,0,0,0,0,0,0,0,0,0,0,0,0,,0,,0,0,0,0,0,0,0,0,0,0,0,0,0,0,0,0,0
c0088a10-3eaa-417b-ba87-fe21664556b0,2025-09-26 21:10:25.095138 UTC,0,,0,0,,0,,0,,,8,5-30 sec,0,0,0,0,0,0,0,0,0,0,0,0,0,0,0,0,,0,,0,0,0,0,0,0,0,0,0,0,0,0,0,0,0,0,0
834a7fcf-e145-48e1-8f4e-bd96a8b89b47,2025-09-26 21:11:16.212905 UTC,0,,0,0,,0,,0,,,2,0-5 sec,0,0,0,0,0,0,0,0,0,0,0,0,0,0,0,0,,0,,0,0,0,0,0,0,0,0,0,0,0,0,0,0,0,0,0
c82cb7a4-05f0-4b7b-9e33-e17dcc17bfc8,2025-09-26 21:11:33.568928 UTC,0,,0,0,,0,,0,,,11,5-30 sec,0,0,0,0,0,0,0,0,0,0,0,0,0,0,0,0,,0,,0,0,0,0,0,0,0,0,0,0,0,0,0,0,0,0,0
d99c5682-4a69-4e40-804f-0cbd66c9a720,2025-09-26 21:14:13.376448 UTC,0,,0,0,,0,,0,,,11,5-30 sec,0,0,0,0,0,0,0,0,0,0,0,0,0,0,0,0,,0,,0,0,0,0,0,0,0,0,0,0,0,0,0,0,0,0,0
7f87a155-3d8e-49dc-aaeb-f62e772480b4,2025-09-26 21:15:38.139896 UTC,0,,0,0,,0,,0,,,12,5-30 sec,0,0,0,0,0,0,0,0,0,0,0,0,0,0,0,0,,0,,0,0,0,0,0,0,0,0,0,0,0,0,0,0,0,0,0
caff7fce-62bb-4500-ba6a-0d82cbb8221e,2025-09-26 21:24:06.148376 UTC,0,,0,0,,0,,0,,,16,5-30 sec,0,0,0,0,0,0,0,0,0,0,0,0,0,0,0,0,,0,,0,0,0,0,0,0,0,0,0,0,0,0,0,0,0,0,0
88abaee9-8966-4eb9-b574-0150c4d14d2d,2025-09-26 21:24:32.636700 UTC,0,,0,0,,0,,0,,,12,5-30 sec,0,0,0,0,0,0,0,0,0,0,0,0,0,0,0,0,,0,,0,0,0,0,0,0,0,0,0,0,0,0,0,0,0,0,0
d825d59f-3fb7-48a5-a032-02cff7146142,2025-09-26 21:25:00.917194 UTC,0,,0,0,,0,,0,,,7,5-30 sec,0,0,0,0,0,0,0,0,0,0,0,0,0,0,0,0,,0,,0,0,0,0,0,0,0,0,0,0,0,0,0,0,0,0,0
cd94fb93-7aa4-4269-acf5-07e1ac14977d,2025-09-26 21:25:19.281938 UTC,0,,0,0,,0,,0,,,55,30-60 sec,0,0,0,0,0,0,0,0,0,0,0,0,0,0,0,0,,0,,0,0,0,0,0,0,0,0,0,0,0,0,0,0,0,0,0
e0d7c8a1-ab67-4e14-a945-1ca50faf5764,2025-09-26 21:28:01.423350 UTC,0,,0,0,,0,,0,,,6,5-30 sec,0,0,0,0,0,0,0,0,0,0,0,0,0,0,0,0,,0,,0,0,0,0,0,0,0,0,0,0,0,0,0,0,0,0,0
13d3c649-c5b2-4cfd-be01-d896fa301910,2025-09-26 21:28:27.863493 UTC,0,,0,0,,0,,0,,,40,30-60 sec,0,0,0,0,0,0,0,0,0,0,0,0,0,0,0,0,,0,,0,0,0,0,0,0,0,0,0,0,0,0,0,0,0,0,0
2255b9d4-a8aa-4d85-88bf-23b29ce8ba45,2025-09-26 21:29:26.756784 UTC,0,,0,0,,0,,0,,,35,30-60 sec,0,0,0,0,0,0,0,0,0,0,0,0,0,0,0,0,,0,,0,0,0,0,0,0,0,0,0,0,0,0,0,0,0,0,0
825bd3bf-8008-451e-a116-6c93ac931cd2,2025-09-26 22:03:12.498310 UTC,0,,0,0,,0,,0,,,76,60-120 sec,0,0,0,0,0,0,0,0,0,0,0,0,0,0,0,0,,0,,0,0,0,0,0,0,0,0,0,0,0,0,0,0,0,0,0
a407d239-674f-41b6-8191-9d5601a21134,2025-09-26 22:06:00.643964 UTC,0,,0,0,,0,,0,,,7,5-30 sec,0,0,0,0,0,0,0,0,0,0,0,0,0,0,0,0,,0,,0,0,0,0,0,0,0,0,0,0,0,0,0,0,0,0,0
501df032-2f42-4f4c-9351-01795a4d8a9c,2025-09-26 22:06:18.314642 UTC,0,,0,0,,0,,0,,,15,5-30 sec,0,0,0,0,0,0,0,0,0,0,0,0,0,0,0,0,,0,,0,0,0,0,0,0,0,0,0,0,0,0,0,0,0,0,0
2592733e-9dbe-4e2a-b7fd-a473b19ea23c,2025-09-26 22:08:00.379691 UTC,0,,0,0,,0,,0,,,12,5-30 sec,0,0,0,0,0,0,0,0,0,0,0,0,0,0,0,0,,0,,0,0,0,0,0,0,0,0,0,0,0,0,0,0,0,0,0
a9825b4d-ebf9-4b47-9e7f-5c458f9c2dab,2025-09-26 22:12:25.477150 UTC,0,,0,0,,0,,0,,,15,5-30 sec,0,0,0,0,0,0,0,0,0,0,0,0,0,0,0,0,,0,,0,0,0,0,0,0,0,0,0,0,0,0,0,0,0,0,0
4894f7f3-7575-4af4-ade7-be169d2b5b56,2025-09-26 22:20:46.584720 UTC,0,,0,0,,0,,0,,,7,5-30 sec,0,0,0,0,0,0,0,0,0,0,0,0,0,0,0,0,,0,,0,0,0,0,0,0,0,0,0,0,0,0,0,0,0,0,0
393d22dc-a002-423e-94d5-9f2217893101,2025-09-26 22:21:00.622501 UTC,0,,0,0,,0,,0,,,18,5-30 sec,0,0,0,0,0,0,0,0,0,0,0,0,0,0,0,0,,0,,0,0,0,0,0,0,0,0,0,0,0,0,0,0,0,0,0
4f3ba719-f15e-495b-b6d2-1ffd98b062a4,2025-09-26 22:22:28.773006 UTC,0,,0,0,,0,,0,,,11,5-30 sec,0,0,0,0,0,0,0,0,0,0,0,0,0,0,0,0,,0,,0,0,0,0,0,0,0,0,0,0,0,0,0,0,0,0,0
54d3ab79-8c01-4603-9def-fb0b81fa616e,2025-09-26 22:22:58.758036 UTC,0,,0,0,,0,,0,,,54,30-60 sec,0,0,0,0,0,0,0,0,0,0,0,0,0,0,0,0,,0,,0,0,0,0,0,0,0,0,0,0,0,0,0,0,0,0,0
cdd0ea35-d713-4a16-8818-6b15ca89cb6d,2025-09-26 22:25:45.093517 UTC,0,,0,0,,0,,0,,,11,5-30 sec,0,0,0,0,0,0,0,0,0,0,0,0,0,0,0,0,,0,,0,0,0,0,0,0,0,0,0,0,0,0,0,0,0,0,0
ca6566a0-1462-4bec-a03b-2d4c9d46864e,2025-09-26 22:31:01.690834 UTC,0,,0,0,,0,,0,,,6,5-30 sec,0,0,0,0,0,0,0,0,0,0,0,0,0,0,0,0,,0,,0,0,0,0,0,0,0,0,0,0,0,0,0,0,0,0,0
79670c69-57f2-4a69-9426-818eeed0774f,2025-09-26 22:31:56.263829 UTC,0,,0,0,,0,,0,,,20,5-30 sec,0,0,0,0,0,0,0,0,0,0,0,0,0,0,0,0,,0,,0,0,0,0,0,0,0,0,0,0,0,0,0,0,0,0,0
f77a90e5-fd33-4476-9414-f0ead4d6b0e9,2025-09-26 22:44:14.996349 UTC,0,,0,0,,0,,0,,,22,5-30 sec,0,0,0,0,0,0,0,0,0,0,0,0,0,0,0,0,,0,,0,0,0,0,0,0,0,0,0,0,0,0,0,0,0,0,0
8902ef23-a24a-4121-8fe9-bbb52255bcf9,2025-09-26 22:44:52.451613 UTC,0,,0,0,,0,,0,,,39,30-60 sec,0,0,0,0,0,0,0,0,0,0,0,0,0,0,0,0,,0,,0,0,0,0,0,0,0,0,0,0,0,0,0,0,0,0,0
2baf76e1-84b3-4e04-b483-61472ce1d3c6,2025-09-26 22:45:50.576635 UTC,0,,0,0,,0,,0,,,36,30-60 sec,0,0,0,0,0,0,0,0,0,0,0,0,0,0,0,0,,0,,0,0,0,0,0,0,0,0,0,0,0,0,0,0,0,0,0
c065cde7-eda0-4f26-93e9-74ac7f5e259d,2025-09-26 22:46:49.211252 UTC,0,,0,0,,0,,0,,,12,5-30 sec,0,0,0,0,0,0,0,0,0,0,0,0,0,0,0,0,,0,,0,0,0,0,0,0,0,0,0,0,0,0,0,0,0,0,0
45f86b12-de19-47c2-ad1b-ebbde0e10e02,2025-09-26 22:49:14.506906 UTC,0,,0,0,,0,,0,,,26,5-30 sec,0,0,0,0,0,0,0,0,0,0,0,0,0,0,0,0,,0,,0,0,0,0,0,0,0,0,0,0,0,0,0,0,0,0,0
ccad2845-76a2-402f-8ffe-3b15a320aca5,2025-09-26 22:55:26.465212 UTC,0,,0,0,,0,,0,,,5,0-5 sec,0,0,0,0,0,0,0,0,0,0,0,0,0,0,0,0,,0,,0,0,0,0,0,0,0,0,0,0,0,0,0,0,0,0,0
d12ba2e7-2be3-494a-a5cb-d4c3d7a1351a,2025-09-26 22:55:42.185038 UTC,0,,0,0,,0,,0,,,5,0-5 sec,0,0,0,0,0,0,0,0,0,0,0,0,0,0,0,0,,0,,0,0,0,0,0,0,0,0,0,0,0,0,0,0,0,0,0
eba9cf4c-14f5-41b8-8269-010cfa6f2712,2025-09-26 23:00:44.286892 UTC,0,,0,0,,0,,0,,,5,0-5 sec,0,0,0,0,0,0,0,0,0,0,0,0,0,0,0,0,,0,,0,0,0,0,0,0,0,0,0,0,0,0,0,0,0,0,0
6ece82d3-597f-4fb3-b355-5995fafdf80b,2025-09-26 23:01:18.958260 UTC,0,,0,0,,0,,0,,,6,5-30 sec,0,0,0,0,0,0,0,0,0,0,0,0,0,0,0,0,,0,,0,0,0,0,0,0,0,0,0,0,0,0,0,0,0,0,0
42ab2961-b8f9-406e-9a0f-e52ab1ce44fa,2025-09-26 23:02:20.664641 UTC,0,,0,0,,0,,0,,,5,0-5 sec,0,0,0,0,0,0,0,0,0,0,0,0,0,0,0,0,,0,,0,0,0,0,0,0,0,0,0,0,0,0,0,0,0,0,0
79e88743-f1f8-4edf-986d-f4630366be09,2025-09-26 23:05:55.717584 UTC,0,,0,0,,0,,0,,,45,30-60 sec,0,0,0,0,0,0,0,0,0,0,0,0,0,0,0,0,,0,,0,0,0,0,0,0,0,0,0,0,0,0,0,0,0,0,0
a2ad34a6-3ecf-4bbd-870c-12f45049a122,2025-09-26 23:10:44.707418 UTC,0,,0,0,,0,,0,,,123,>120 sec,0,0,0,0,0,0,0,0,0,0,0,0,0,0,0,0,,0,,0,0,0,0,0,0,0,0,0,0,0,0,0,0,0,0,0
594f4516-3b04-45a7-acd7-3e8e62a1f6e2,2025-09-27 10:35:12.589435 UTC,0,,0,0,,0,,0,,,44,30-60 sec,0,0,0,0,0,0,0,0,0,0,0,0,0,0,0,0,,0,,0,0,0,0,0,0,0,0,0,0,0,0,0,0,0,0,0
1dc60a35-50fc-475a-9f1c-37384772a064,2025-09-29 09:00:03.386091 UTC,0,,0,0,,0,,0,,,68,60-120 sec,0,0,0,0,0,0,0,0,0,0,0,0,0,0,0,0,,0,,0,0,0,0,0,0,0,0,0,0,0,0,0,0,0,0,0
065hahvQQ49SBaIoxMkS4yBYA,2025-09-29 09:11:40.496851 UTC,0,,0,0,,0,,0,,,110,60-120 sec,0,0,0,0,0,0,0,0,0,0,0,0,0,0,0,0,,0,,0,0,0,0,0,0,0,0,0,0,0,0,0,0,0,0,0
103KnpHiejTRB66hGXDG-3ASg,2025-09-29 09:35:08.874980 UTC,0,,0,0,,0,,0,,,63,60-120 sec,0,0,0,0,0,0,0,0,0,0,0,0,0,0,0,0,,0,,0,0,0,0,0,0,0,0,0,0,0,0,0,0,0,0,0
5b451a9c-b2aa-4872-a486-ba5f0251ada8,2025-09-29 09:41:01.183487 UTC,0,,0,0,,0,,0,,,199,>120 sec,0,0,0,0,0,0,0,0,0,0,0,0,0,0,0,0,,0,,0,0,0,0,0,0,0,0,0,0,0,0,0,0,0,0,0
bc6a5d0a-da1d-4791-9558-d4fd9a6c6c26,2025-09-29 09:44:28.866499 UTC,0,,0,0,,0,,0,,,35,30-60 sec,0,0,0,0,0,0,0,0,0,0,0,0,0,0,0,0,,0,,0,0,0,0,0,0,0,0,0,0,0,0,0,0,0,0,0
71f998f8-520b-4a8b-967c-9761dea510b5,2025-09-29 10:58:54.514690 UTC,0,,0,0,,0,,0,,,204,>120 sec,0,0,0,0,0,0,0,0,0,0,0,0,0,0,0,0,,0,,0,0,0,0,0,0,0,0,0,0,0,0,0,0,0,0,0
714d9ccf-73ec-4f94-ba52-e6db16d54f9a,2025-09-29 11:04:16.829938 UTC,0,,0,0,,0,,0,,,13,5-30 sec,0,0,0,0,0,0,0,0,0,0,0,0,0,0,0,0,,0,,0,0,0,0,0,0,0,0,0,0,0,0,0,0,0,0,0
d68aeda0-9b5a-4880-a542-91f959693291,2025-09-29 11:08:02.644701 UTC,0,,0,0,,0,,0,,,146,>120 sec,0,0,0,0,0,0,0,0,0,0,0,0,0,0,0,0,,0,,0,0,0,0,0,0,0,0,0,0,0,0,0,0,0,0,0
5dba0174-42a9-433b-9c0e-2a3483be7373,2025-09-29 11:47:31.475453 UTC,0,,0,0,,0,,0,,,54,30-60 sec,0,0,0,0,0,0,0,0,0,0,0,0,0,0,0,0,,0,,0,0,0,0,0,0,0,0,0,0,0,0,0,0,0,0,0
c675a2ad-6350-4d6c-bee1-0522726d9cb4,2025-09-29 11:48:57.884243 UTC,0,,0,0,,0,,0,,,20,5-30 sec,0,0,0,0,0,0,0,0,0,0,0,0,0,0,0,0,,0,,0,0,0,0,0,0,0,0,0,0,0,0,0,0,0,0,0
86093e45-974f-44ab-84c0-4c880a9fb167,2025-09-29 11:49:33.762470 UTC,0,,0,0,,0,,0,,,42,30-60 sec,0,0,0,0,0,0,0,0,0,0,0,0,0,0,0,0,,0,,0,0,0,0,0,0,0,0,0,0,0,0,0,0,0,0,0
90d58a82-c979-4043-be49-51460cf5f210,2025-09-29 11:54:59.050060 UTC,0,,0,0,,0,,0,,,557,>120 sec,0,0,0,0,0,0,0,0,0,0,0,0,0,0,0,0,,0,,0,0,0,0,0,0,0,0,0,0,0,0,0,0,0,0,0
967e5eb9-adab-42e5-b8b0-7b0174e07ec4,2025-09-29 12:01:55.441148 UTC,0,,0,0,,0,,0,,,13,5-30 sec,0,0,0,0,0,0,0,0,0,0,0,0,0,0,0,0,,0,,0,0,0,0,0,0,0,0,0,0,0,0,0,0,0,0,0
cd11bdda-8eea-45ec-9d0f-a2a088db2b40,2025-09-29 12:03:46.476189 UTC,0,,0,0,,0,,0,,,35,30-60 sec,0,0,0,0,0,0,0,0,0,0,0,0,0,0,0,0,,0,,0,0,0,0,0,0,0,0,0,0,0,0,0,0,0,0,0
2fbae742-7846-46bb-b2ab-2e781b7d7ccc,2025-09-29 12:07:05.177318 UTC,0,,0,0,,0,,0,,,58,30-60 sec,0,0,0,0,0,0,0,0,0,0,0,0,0,0,0,0,,0,,0,0,0,0,0,0,0,0,0,0,0,0,0,0,0,0,0
60e13811-2d88-448d-826b-63e83ac349af,2025-09-29 12:13:18.033066 UTC,0,,0,0,,0,,0,,,14,5-30 sec,0,0,0,0,0,0,0,0,0,0,0,0,0,0,0,0,,0,,0,0,0,0,0,0,0,0,0,0,0,0,0,0,0,0,0
fb3b706f-9d58-473e-90aa-891d3da67e15,2025-09-29 12:13:43.229489 UTC,0,,0,0,,0,,0,,,60,30-60 sec,0,0,0,0,0,0,0,0,0,0,0,0,0,0,0,0,,0,,0,0,0,0,0,0,0,0,0,0,0,0,0,0,0,0,0
065hQEF7GFOTk2vtPJhi6zv-A,2025-09-29 12:18:56.433038 UTC,0,,0,0,,0,,0,,,82,60-120 sec,0,0,0,0,0,0,0,0,0,0,0,0,0,0,0,0,,0,,0,0,0,0,0,0,0,0,0,0,0,0,0,0,0,0,0
1709cae3-1aee-44be-b0e2-9b86014ddbfe,2025-09-29 12:24:50.351517 UTC,0,,0,0,,0,,0,,,40,30-60 sec,0,0,0,0,0,0,0,0,0,0,0,0,0,0,0,0,,0,,0,0,0,0,0,0,0,0,0,0,0,0,0,0,0,0,0
1199uZGd3i-Tsu8Jz__nxU-5w,2025-09-29 12:26:41.455297 UTC,0,,0,0,,0,,0,,,83,60-120 sec,0,0,0,0,0,0,0,0,0,0,0,0,0,0,0,0,,0,,0,0,0,0,0,0,0,0,0,0,0,0,0,0,0,0,0
119lp3BavXgSwaiHVVF3WDSxw,2025-09-29 12:30:01.908137 UTC,0,,0,0,,0,,0,,,38,30-60 sec,0,0,0,0,0,0,0,0,0,0,0,0,0,0,0,0,,0,,0,0,0,0,0,0,0,0,0,0,0,0,0,0,0,0,0
10392mx_qQSQV-y5bsTEXRCJg,2025-09-29 12:32:00.521531 UTC,0,,0,0,,0,,0,,,38,30-60 sec,0,0,0,0,0,0,0,0,0,0,0,0,0,0,0,0,,0,,0,0,0,0,0,0,0,0,0,0,0,0,0,0,0,0,0
148ff26a-00b1-40c1-9c70-7e0c2ce65dd7,2025-09-29 12:34:25.026708 UTC,0,,0,0,,0,,0,,,0,0-5 sec,0,0,0,0,0,0,0,0,0,0,0,0,0,0,0,0,,0,,0,0,0,0,0,0,0,0,0,0,0,0,0,0,0,0,0
aded209e-df8a-4efb-8306-baf456b33ba9,2025-09-29 12:34:31.817288 UTC,0,,0,0,,0,,0,,,4,0-5 sec,0,0,0,0,0,0,0,0,0,0,0,0,0,0,0,0,,0,,0,0,0,0,0,0,0,0,0,0,0,0,0,0,0,0,0
103M662924TRxWKGaP3_CoOfg,2025-09-29 12:37:21.058020 UTC,0,,0,0,,0,,0,,,152,>120 sec,0,0,0,0,0,0,0,0,0,0,0,0,0,0,0,0,,0,,0,0,0,0,0,0,0,0,0,0,0,0,0,0,0,0,0
195b0d79-ddc1-4348-9087-d2a94ee988b2,2025-09-29 12:44:14.948733 UTC,0,,0,0,,0,,0,,,54,30-60 sec,0,0,0,0,0,0,0,0,0,0,0,0,0,0,0,0,,0,,0,0,0,0,0,0,0,0,0,0,0,0,0,0,0,0,0
cf76372e-41c1-4a34-b159-7c34590681c0,2025-09-29 12:44:33.093708 UTC,0,,0,0,,0,,0,,,96,60-120 sec,0,0,0,0,0,0,0,0,0,0,0,0,0,0,0,0,,0,,0,0,0,0,0,0,0,0,0,0,0,0,0,0,0,0,0
25f33fa1-3c20-417a-b374-56f43efe1516,2025-09-29 12:46:46.590515 UTC,0,,0,0,,0,,0,,,206,>120 sec,0,0,0,0,0,0,0,0,0,0,0,0,0,0,0,0,,0,,0,0,0,0,0,0,0,0,0,0,0,0,0,0,0,0,0
3102e32e-491f-4895-98d9-eb8711761770,2025-09-29 12:50:40.712839 UTC,0,,0,0,,0,,0,,,27,5-30 sec,0,0,0,0,0,0,0,0,0,0,0,0,0,0,0,0,,0,,0,0,0,0,0,0,0,0,0,0,0,0,0,0,0,0,0
c592ecb0-d813-4ba9-9451-bb31c74de710,2025-09-29 12:51:36.398176 UTC,0,,0,0,,0,,0,,,39,30-60 sec,0,0,0,0,0,0,0,0,0,0,0,0,0,0,0,0,,0,,0,0,0,0,0,0,0,0,0,0,0,0,0,0,0,0,0
9ccefc92-9d57-49d2-bc5d-a1e41ecb61bd,2025-09-29 12:52:25.253458 UTC,0,,0,0,,0,,0,,,13,5-30 sec,0,0,0,0,0,0,0,0,0,0,0,0,0,0,0,0,,0,,0,0,0,0,0,0,0,0,0,0,0,0,0,0,0,0,0
968424f9-7e1a-47ed-bb53-4ec8c7d07389,2025-09-29 12:53:29.482679 UTC,0,,0,0,,0,,0,,,15,5-30 sec,0,0,0,0,0,0,0,0,0,0,0,0,0,0,0,0,,0,,0,0,0,0,0,0,0,0,0,0,0,0,0,0,0,0,0
ea432ffb-540f-4130-bee4-da3e05ee26fb,2025-09-29 12:54:08.001484 UTC,0,,0,0,,0,,0,,,72,60-120 sec,0,0,0,0,0,0,0,0,0,0,0,0,0,0,0,0,,0,,0,0,0,0,0,0,0,0,0,0,0,0,0,0,0,0,0
119wV2TBOgTTj6XYQmyxyEWVw,2025-09-29 13:04:35.666832 UTC,0,,0,0,,0,,0,,,82,60-120 sec,0,0,0,0,0,0,0,0,0,0,0,0,0,0,0,0,,0,,0,0,0,0,0,0,0,0,0,0,0,0,0,0,0,0,0
07bc40f7-8b9e-45fc-899d-452982b46782,2025-09-29 14:23:13.447619 UTC,0,,0,0,,0,,0,,,105,60-120 sec,0,0,0,0,0,0,0,0,0,0,0,0,0,0,0,0,,0,,0,0,0,0,0,0,0,0,0,0,0,0,0,0,0,0,0
896d0cd7-668c-421b-942b-40b4a778270f,2025-09-29 14:26:00.457721 UTC,0,,0,0,,0,,0,,,15,5-30 sec,0,0,0,0,0,0,0,0,0,0,0,0,0,0,0,0,,0,,0,0,0,0,0,0,0,0,0,0,0,0,0,0,0,0,0
08935dda-a369-4b55-889c-e964d7f11b5e,2025-09-29 15:16:33.186506 UTC,0,false,0,0,,0,,0,,,1539,>120 sec,0,0,0,0,0,0,0,0,0,0,0,0,0,0,0,0,false,0,false,0,0,0,0,0,0,0,0,0,0,0,0,0,0,0,0,0
104c0b2c-aaa2-416f-bfc6-1068e3e211ae,2025-09-29 15:43:31.279983 UTC,0,,0,0,,0,,0,,,75,60-120 sec,0,0,0,0,0,0,0,0,0,0,0,0,0,0,0,0,,0,,0,0,0,0,0,0,0,0,0,0,0,0,0,0,0,0,0
a8cef765-28e7-4166-aa34-63aeb85dfa34,2025-09-29 15:46:17.105823 UTC,0,,0,0,,0,,0,,,15,5-30 sec,0,0,0,0,0,0,0,0,0,0,0,0,0,0,0,0,,0,,0,0,0,0,0,0,0,0,0,0,0,0,0,0,0,0,0
75430b10-7d84-4d64-931c-ba622ad3e30c,2025-09-29 15:47:07.617020 UTC,0,,0,0,,0,,0,,,13,5-30 sec,0,0,0,0,0,0,0,0,0,0,0,0,0,0,0,0,,0,,0,0,0,0,0,0,0,0,0,0,0,0,0,0,0,0,0
97b01cc9-e173-42ff-80b8-755f92816cb5,2025-09-29 16:58:55.381048 UTC,0,,0,0,,0,,0,,,109,60-120 sec,0,0,0,0,0,0,0,0,0,0,0,0,0,0,0,0,,0,,0,0,0,0,0,0,0,0,0,0,0,0,0,0,0,0,0
103QjbtC6EzSY2akBBuIWFpNg,2025-09-29 17:13:30.733682 UTC,0,,0,0,,0,,0,,,185,>120 sec,0,0,0,0,0,0,0,0,0,0,0,0,0,0,0,0,,0,,0,0,0,0,0,0,0,0,0,0,0,0,0,0,0,0,0
0651rnBSd9gSgKhCR4VCPSZPA,2025-09-29 17:17:51.949971 UTC,0,,0,0,,0,,0,,,79,60-120 sec,0,0,0,0,0,0,0,0,0,0,0,0,0,0,0,0,,0,,0,0,0,0,0,0,0,0,0,0,0,0,0,0,0,0,0
065CX338fBoTyKHuz85u88LtA,2025-09-29 17:24:02.870528 UTC,0,,0,0,,0,,0,,,148,>120 sec,0,0,0,0,0,0,0,0,0,0,0,0,0,0,0,0,,0,,0,0,0,0,0,0,0,0,0,0,0,0,0,0,0,0,0
18815c43-f0a0-4899-8497-f6c9959f9131,2025-09-29 17:29:22.650563 UTC,0,,0,0,,0,,0,,,133,>120 sec,0,0,0,0,0,0,0,0,0,0,0,0,0,0,0,0,,0,,0,0,0,0,0,0,0,0,0,0,0,0,0,0,0,0,0
8bd0b802-a7b4-4222-9c80-b6a8813d35d6,2025-09-29 17:31:50.359646 UTC,0,,0,0,,0,,0,,,109,60-120 sec,0,0,0,0,0,0,0,0,0,0,0,0,0,0,0,0,,0,,0,0,0,0,0,0,0,0,0,0,0,0,0,0,0,0,0
28c7434d-97f7-4177-a720-3745e987829c,2025-09-29 18:21:36.605776 UTC,0,,0,0,,0,,0,,,66,60-120 sec,0,0,0,0,0,0,0,0,0,0,0,0,0,0,0,0,,0,,0,0,0,0,0,0,0,0,0,0,0,0,0,0,0,0,0
f65dc072-937a-4b7e-bb42-ccb62b7f8ee3,2025-09-29 18:34:56.665844 UTC,0,,0,0,,0,,0,,,41,30-60 sec,0,0,0,0,0,0,0,0,0,0,0,0,0,0,0,0,,0,,0,0,0,0,0,0,0,0,0,0,0,0,0,0,0,0,0
85f472ce-b68f-4b2e-81aa-5fbbe1b00f4a,2025-09-29 18:39:11.478479 UTC,0,,0,0,,0,,0,,,18,5-30 sec,0,0,0,0,0,0,0,0,0,0,0,0,0,0,0,0,,0,,0,0,0,0,0,0,0,0,0,0,0,0,0,0,0,0,0
40370d7c-54ae-47a2-9088-9b72bba75b05,2025-09-29 18:40:23.991459 UTC,0,,0,0,,0,,0,,,6,5-30 sec,0,0,0,0,0,0,0,0,0,0,0,0,0,0,0,0,,0,,0,0,0,0,0,0,0,0,0,0,0,0,0,0,0,0,0
308ae792-40ef-4713-8af7-e2d021a2b523,2025-09-30 07:49:12.758964 UTC,0,,0,0,,0,,0,,,6,5-30 sec,0,0,0,0,0,0,0,0,0,0,0,0,0,0,0,0,,0,,0,0,0,0,0,0,0,0,0,0,0,0,0,0,0,0,0
29c465cd-4ffb-4a98-8ad3-bf1f8fad688a,2025-09-30 07:58:04.123377 UTC,0,,0,0,,0,,0,,,70,60-120 sec,0,0,0,0,0,0,0,0,0,0,0,0,0,0,0,0,,0,,0,0,0,0,0,0,0,0,0,0,0,0,0,0,0,0,0
aff799f3-fd1c-464b-be97-94490b41820e,2025-09-30 09:25:56.462429 UTC,0,,0,0,,0,,0,,,202,>120 sec,0,0,0,0,0,0,0,0,0,0,0,0,0,0,0,0,,0,,0,0,0,0,0,0,0,0,0,0,0,0,0,0,0,0,0
fe91282d-f273-4dcb-ab22-faaf5f1ace0d,2025-09-30 09:31:19.688111 UTC,0,,0,0,,0,,0,,,206,>120 sec,0,0,0,0,0,0,0,0,0,0,0,0,0,0,0,0,,0,,0,0,0,0,0,0,0,0,0,0,0,0,0,0,0,0,0
8d77afd2-e1eb-453d-aff9-2ed29455e0a0,2025-09-30 09:36:50.799253 UTC,0,,0,0,,0,,0,,,122,>120 sec,0,0,0,0,0,0,0,0,0,0,0,0,0,0,0,0,,0,,0,0,0,0,0,0,0,0,0,0,0,0,0,0,0,0,0
5893f96b-353d-49fc-8b7a-e86031c91670,2025-09-30 09:40:53.501501 UTC,0,,0,0,,0,,0,,,162,>120 sec,0,0,0,0,0,0,0,0,0,0,0,0,0,0,0,0,,0,,0,0,0,0,0,0,0,0,0,0,0,0,0,0,0,0,0
c435e7eb-49a7-4196-84ad-e9eaf96d4f4c,2025-09-30 09:43:45.218142 UTC,0,,0,0,,0,,0,,,48,30-60 sec,0,0,0,0,0,0,0,0,0,0,0,0,0,0,0,0,,0,,0,0,0,0,0,0,0,0,0,0,0,0,0,0,0,0,0
47010b04-48e2-495c-a3d9-402a30bf5c30,2025-09-30 09:48:40.211061 UTC,0,,0,0,,0,,0,,,74,60-120 sec,0,0,0,0,0,0,0,0,0,0,0,0,0,0,0,0,,0,,0,0,0,0,0,0,0,0,0,0,0,0,0,0,0,0,0
12b4c39e-374b-4dbd-a83d-ca99aad59f88,2025-09-30 10:52:32.882932 UTC,0,,0,0,,0,,0,,,0,0-5 sec,0,0,0,0,0,0,0,0,0,0,0,0,0,0,0,0,,0,,0,0,0,0,0,0,0,0,0,0,0,0,0,0,0,0,0
2740f1d8-e5c8-47fa-a57f-7e4c42915005,2025-09-30 10:55:55.024352 UTC,0,,0,0,,0,,0,,,363,>120 sec,0,0,0,0,0,0,0,0,0,0,0,0,0,0,0,0,,0,,0,0,0,0,0,0,0,0,0,0,0,0,0,0,0,0,0
e171c506-e34f-4e45-859f-488ae8427e42,2025-09-30 10:58:11.513570 UTC,0,,0,0,,0,,0,,,200,>120 sec,0,0,0,0,0,0,0,0,0,0,0,0,0,0,0,0,,0,,0,0,0,0,0,0,0,0,0,0,0,0,0,0,0,0,0
10f04278-5509-457b-ab39-bc035def5fae,2025-09-30 11:03:27.545914 UTC,0,,0,0,,0,,0,,,36,30-60 sec,0,0,0,0,0,0,0,0,0,0,0,0,0,0,0,0,,0,,0,0,0,0,0,0,0,0,0,0,0,0,0,0,0,0,0
b8a49f3c-979a-4575-9ee9-042b022ec678,2025-09-30 11:05:26.366395 UTC,0,,0,0,,0,,0,,,15,5-30 sec,0,0,0,0,0,0,0,0,0,0,0,0,0,0,0,0,,0,,0,0,0,0,0,0,0,0,0,0,0,0,0,0,0,0,0
12526026-ca7e-454d-b733-76ad95bc9ea4,2025-09-30 11:09:28.299957 UTC,0,,0,0,,0,,0,,,247,>120 sec,0,0,0,0,0,0,0,0,0,0,0,0,0,0,0,0,,0,,0,0,0,0,0,0,0,0,0,0,0,0,0,0,0,0,0
048188e7-6857-4513-8083-9d0b9cdc2daf,2025-09-30 11:11:49.545039 UTC,0,,0,0,,0,,0,,,65,60-120 sec,0,0,0,0,0,0,0,0,0,0,0,0,0,0,0,0,,0,,0,0,0,0,0,0,0,0,0,0,0,0,0,0,0,0,0
e74e641e-0016-4744-b987-46b5a66bc418,2025-09-30 11:13:18.435783 UTC,0,,0,0,,0,,0,,,17,5-30 sec,0,0,0,0,0,0,0,0,0,0,0,0,0,0,0,0,,0,,0,0,0,0,0,0,0,0,0,0,0,0,0,0,0,0,0
da167767-3987-45e3-9dad-35381c72c292,2025-09-30 11:13:47.444697 UTC,0,,0,0,,0,,0,,,80,60-120 sec,0,0,0,0,0,0,0,0,0,0,0,0,0,0,0,0,,0,,0,0,0,0,0,0,0,0,0,0,0,0,0,0,0,0,0
92604bd1-0e66-4d79-ad79-1701ee60b9f8,2025-09-30 11:17:12.739416 UTC,0,,0,0,,0,,0,,,0,0-5 sec,0,0,0,0,0,0,0,0,0,0,0,0,0,0,0,0,,0,,0,0,0,0,0,0,0,0,0,0,0,0,0,0,0,0,0
acfeac76-0bc3-4d1f-b259-e1c54cd3a48b,2025-09-30 11:17:25.366679 UTC,0,,0,0,,0,,0,,,24,5-30 sec,0,0,0,0,0,0,0,0,0,0,0,0,0,0,0,0,,0,,0,0,0,0,0,0,0,0,0,0,0,0,0,0,0,0,0
525318d0-d216-4d25-b99c-53d99fc7c405,2025-09-30 11:18:36.723822 UTC,0,,0,0,,0,,0,,,20,5-30 sec,0,0,0,0,0,0,0,0,0,0,0,0,0,0,0,0,,0,,0,0,0,0,0,0,0,0,0,0,0,0,0,0,0,0,0
52301449-3cb2-4897-9b0c-815d078505b7,2025-09-30 11:19:05.073116 UTC,0,,0,0,,0,,0,,,34,30-60 sec,0,0,0,0,0,0,0,0,0,0,0,0,0,0,0,0,,0,,0,0,0,0,0,0,0,0,0,0,0,0,0,0,0,0,0
e55cda70-5564-4f28-970b-42baed8203cb,2025-09-30 11:19:33.664989 UTC,0,,0,0,,0,,0,,,23,5-30 sec,0,0,0,0,0,0,0,0,0,0,0,0,0,0,0,0,,0,,0,0,0,0,0,0,0,0,0,0,0,0,0,0,0,0,0
31f5097d-8599-4102-a7d7-22894eac4e9f,2025-09-30 11:20:04.316397 UTC,0,,0,0,,0,,0,,,130,>120 sec,0,0,0,0,0,0,0,0,0,0,0,0,0,0,0,0,,0,,0,0,0,0,0,0,0,0,0,0,0,0,0,0,0,0,0
3da87907-4111-46e4-91eb-31d71cc2afdc,2025-09-30 11:21:29.945406 UTC,0,,0,0,,0,,0,,,0,0-5 sec,0,0,0,0,0,0,0,0,0,0,0,0,0,0,0,0,,0,,0,0,0,0,0,0,0,0,0,0,0,0,0,0,0,0,0
fc1a49fc-5ec3-4517-9f53-a4ea8a873806,2025-09-30 11:21:42.339640 UTC,0,,0,0,,0,,0,,,0,0-5 sec,0,0,0,0,0,0,0,0,0,0,0,0,0,0,0,0,,0,,0,0,0,0,0,0,0,0,0,0,0,0,0,0,0,0,0
1c6f88a5-83e7-4a9f-a245-6406c517cf54,2025-09-30 11:21:52.334954 UTC,0,,0,0,,0,,0,,,0,0-5 sec,0,0,0,0,0,0,0,0,0,0,0,0,0,0,0,0,,0,,0,0,0,0,0,0,0,0,0,0,0,0,0,0,0,0,0
9684e11e-69ee-44b8-9e6e-c595542579d6,2025-09-30 11:22:13.462987 UTC,0,,0,0,,0,,0,,,70,60-120 sec,0,0,0,0,0,0,0,0,0,0,0,0,0,0,0,0,,0,,0,0,0,0,0,0,0,0,0,0,0,0,0,0,0,0,0
3c73e408-5088-41ce-a26e-cc416953f212,2025-09-30 11:24:38.904633 UTC,0,,0,0,,0,,0,,,48,30-60 sec,0,0,0,0,0,0,0,0,0,0,0,0,0,0,0,0,,0,,0,0,0,0,0,0,0,0,0,0,0,0,0,0,0,0,0
c772070e-fdbf-4a87-a8f6-ced4c64933d5,2025-09-30 11:24:59.265647 UTC,0,,0,0,,0,,0,,,111,60-120 sec,0,0,0,0,0,0,0,0,0,0,0,0,0,0,0,0,,0,,0,0,0,0,0,0,0,0,0,0,0,0,0,0,0,0,0
62d5685f-2057-427a-bf6e-9174d3c2275e,2025-09-30 11:26:52.913379 UTC,0,,0,0,,0,,0,,,10,5-30 sec,0,0,0,0,0,0,0,0,0,0,0,0,0,0,0,0,,0,,0,0,0,0,0,0,0,0,0,0,0,0,0,0,0,0,0
3cc1192b-7ede-432e-8e76-76f5c3dcbe2f,2025-09-30 11:27:14.358781 UTC,0,,0,0,,0,,0,,,86,60-120 sec,0,0,0,0,0,0,0,0,0,0,0,0,0,0,0,0,,0,,0,0,0,0,0,0,0,0,0,0,0,0,0,0,0,0,0
ad9a903d-4959-4d15-a465-1dfd6d756c42,2025-09-30 11:29:21.512704 UTC,0,,0,0,,0,,0,,,118,60-120 sec,0,0,0,0,0,0,0,0,0,0,0,0,0,0,0,0,,0,,0,0,0,0,0,0,0,0,0,0,0,0,0,0,0,0,0
6d03759e-b218-4e0d-9a9a-f9706d8b631e,2025-09-30 11:31:38.757951 UTC,0,,0,0,,0,,0,,,74,60-120 sec,0,0,0,0,0,0,0,0,0,0,0,0,0,0,0,0,,0,,0,0,0,0,0,0,0,0,0,0,0,0,0,0,0,0,0
7310b816-0d62-43c6-abe3-745be6dc8b65,2025-09-30 11:57:55.071193 UTC,0,false,0,0,,0,,0,,,71,60-120 sec,0,0,0,0,0,0,0,0,0,0,0,0,0,0,0,0,false,0,false,0,0,0,0,0,0,0,0,0,0,0,0,0,0,0,0,0
fd4b337e-f8c4-46b7-bd29-6d10efa0510f,2025-09-30 12:36:54.175377 UTC,0,,0,0,,0,,0,,,16,5-30 sec,0,0,0,0,0,0,0,0,0,0,0,0,0,0,0,0,,0,,0,0,0,0,0,0,0,0,0,0,0,0,0,0,0,0,0
87c49b20-8b61-4cb2-b642-91ae7f5bd214,2025-09-30 12:38:33.430845 UTC,0,,0,0,,0,,0,,,446,>120 sec,0,0,0,0,0,0,0,0,0,0,0,0,0,0,0,0,,0,,0,0,0,0,0,0,0,0,0,0,0,0,0,0,0,0,0
119GM9W6GMuTHGDiIAf8MdZew,2025-09-30 13:10:36.779238 UTC,0,,0,0,,0,,0,,,44,30-60 sec,0,0,0,0,0,0,0,0,0,0,0,0,0,0,0,0,,0,,0,0,0,0,0,0,0,0,0,0,0,0,0,0,0,0,0
119ZEQM5DtlQQ6MZR0rt3Z5qw,2025-09-30 13:47:26.716883 UTC,0,,0,0,,0,,0,,,110,60-120 sec,0,0,0,0,0,0,0,0,0,0,0,0,0,0,0,0,,0,,0,0,0,0,0,0,0,0,0,0,0,0,0,0,0,0,0
119HrE-7HCcRIa60XGbPyz1Bw,2025-09-30 13:54:36.381787 UTC,0,,0,0,,0,,0,,,129,>120 sec,0,0,0,0,0,0,0,0,0,0,0,0,0,0,0,0,,0,,0,0,0,0,0,0,0,0,0,0,0,0,0,0,0,0,0
0654xdWTq1xRiW_TBlVRDOEWA,2025-09-30 13:59:50.596091 UTC,0,,0,0,,0,,0,,,37,30-60 sec,0,0,0,0,0,0,0,0,0,0,0,0,0,0,0,0,,0,,0,0,0,0,0,0,0,0,0,0,0,0,0,0,0,0,0
119nDpssZ6yRY-bCDvjB70F0w,2025-09-30 14:01:39.114868 UTC,0,,0,0,,0,,0,,,61,60-120 sec,0,0,0,0,0,0,0,0,0,0,0,0,0,0,0,0,,0,,0,0,0,0,0,0,0,0,0,0,0,0,0,0,0,0,0
065B6oTxIB9QEuEzt9E_R-tiA,2025-09-30 14:15:20.858948 UTC,0,,0,0,,0,,0,,,149,>120 sec,0,0,0,0,0,0,0,0,0,0,0,0,0,0,0,0,,0,,0,0,0,0,0,0,0,0,0,0,0,0,0,0,0,0,0
065tZBz7cAnQw21L8oz0Q8F7A,2025-09-30 14:27:35.137035 UTC,0,,0,0,,0,,0,,,5,0-5 sec,0,0,0,0,0,0,0,0,0,0,0,0,0,0,0,0,,0,,0,0,0,0,0,0,0,0,0,0,0,0,0,0,0,0,0
3c6de75b-fb1e-432f-9b3e-341bc94f7cbc,2025-09-30 14:54:50.203991 UTC,0,,0,0,,0,,0,,,26,5-30 sec,0,0,0,0,0,0,0,0,0,0,0,0,0,0,0,0,,0,,0,0,0,0,0,0,0,0,0,0,0,0,0,0,0,0,0
346a881b-e8bc-4234-9457-4e29ad2adeb8,2025-09-30 14:55:26.960674 UTC,0,,0,0,,0,,0,,,14,5-30 sec,0,0,0,0,0,0,0,0,0,0,0,0,0,0,0,0,,0,,0,0,0,0,0,0,0,0,0,0,0,0,0,0,0,0,0
064727a4-f960-4b50-8cef-9191a8a37e14,2025-09-30 14:56:18.469777 UTC,0,,0,0,,0,,0,,,41,30-60 sec,0,0,0,0,0,0,0,0,0,0,0,0,0,0,0,0,,0,,0,0,0,0,0,0,0,0,0,0,0,0,0,0,0,0,0
16f03b45-1684-4468-a0f5-81190d795b6f,2025-09-30 14:57:40.244295 UTC,0,,0,0,,0,,0,,,4,0-5 sec,0,0,0,0,0,0,0,0,0,0,0,0,0,0,0,0,,0,,0,0,0,0,0,0,0,0,0,0,0,0,0,0,0,0,0
c838d7cb-d0e9-443a-be75-3756384f5212,2025-09-30 14:58:25.751197 UTC,0,,0,0,,0,,0,,,15,5-30 sec,0,0,0,0,0,0,0,0,0,0,0,0,0,0,0,0,,0,,0,0,0,0,0,0,0,0,0,0,0,0,0,0,0,0,0
15060849-114e-4aae-b829-4cbe9ac0b9cc,2025-09-30 14:58:44.639220 UTC,0,,0,0,,0,,0,,,13,5-30 sec,0,0,0,0,0,0,0,0,0,0,0,0,0,0,0,0,,0,,0,0,0,0,0,0,0,0,0,0,0,0,0,0,0,0,0
701eb05c-8701-4500-b007-2cd14d16b36c,2025-09-30 15:01:13.434387 UTC,0,,0,0,,0,,0,,,35,30-60 sec,0,0,0,0,0,0,0,0,0,0,0,0,0,0,0,0,,0,,0,0,0,0,0,0,0,0,0,0,0,0,0,0,0,0,0
103qqQR_EGbRRSzbrhnXAlsXg,2025-09-30 15:01:33.406105 UTC,0,,0,0,,0,,0,,,56,30-60 sec,0,0,0,0,0,0,0,0,0,0,0,0,0,0,0,0,,0,,0,0,0,0,0,0,0,0,0,0,0,0,0,0,0,0,0
081fCioPZM1SjOmgkVbjVkZ5Q,2025-09-30 15:13:03.473531 UTC,0,,0,0,,0,,0,,,56,30-60 sec,0,0,0,0,0,0,0,0,0,0,0,0,0,0,0,0,,0,,0,0,0,0,0,0,0,0,0,0,0,0,0,0,0,0,0
065SDs3p5moRWi-PdTZi_kb0A,2025-09-30 15:29:38.144295 UTC,0,,0,0,,0,,0,,,82,60-120 sec,0,0,0,0,0,0,0,0,0,0,0,0,0,0,0,0,,0,,0,0,0,0,0,0,0,0,0,0,0,0,0,0,0,0,0
065NOFghEN0QlCy-6UmYy6vEA,2025-09-30 15:33:04.631660 UTC,0,,0,0,,0,,0,,,114,60-120 sec,0,0,0,0,0,0,0,0,0,0,0,0,0,0,0,0,,0,,0,0,0,0,0,0,0,0,0,0,0,0,0,0,0,0,0
c0344338-aec1-482b-9868-5292d6288085,2025-09-30 15:37:10.074302 UTC,0,,0,0,,0,,0,,,10,5-30 sec,0,0,0,0,0,0,0,0,0,0,0,0,0,0,0,0,,0,,0,0,0,0,0,0,0,0,0,0,0,0,0,0,0,0,0
3ff736d4-4c6e-4019-ab3a-e4a5ca100ff0,2025-09-30 15:37:37.524676 UTC,0,,0,0,,0,,0,,,3,0-5 sec,0,0,0,0,0,0,0,0,0,0,0,0,0,0,0,0,,0,,0,0,0,0,0,0,0,0,0,0,0,0,0,0,0,0,0
8d4cc9e1-de58-4448-9556-0811548f0b3a,2025-09-30 15:37:44.641950 UTC,0,,0,0,,0,,0,,,40,30-60 sec,0,0,0,0,0,0,0,0,0,0,0,0,0,0,0,0,,0,,0,0,0,0,0,0,0,0,0,0,0,0,0,0,0,0,0
f8e97c74-bcff-497b-87af-ce02911894b7,2025-09-30 15:38:48.560670 UTC,0,,0,0,,0,,0,,,19,5-30 sec,0,0,0,0,0,0,0,0,0,0,0,0,0,0,0,0,,0,,0,0,0,0,0,0,0,0,0,0,0,0,0,0,0,0,0
119rnAQenfvSECjbKM8-TB2fw,2025-09-30 15:39:52.303761 UTC,0,,0,0,,0,,0,,,167,>120 sec,0,0,0,0,0,0,0,0,0,0,0,0,0,0,0,0,,0,,0,0,0,0,0,0,0,0,0,0,0,0,0,0,0,0,0
119IVGIiuRfTPaKOVDk-Twc7w,2025-09-30 15:45:16.378790 UTC,0,false,0,0,,0,,0,,,177,>120 sec,0,0,0,0,0,0,0,0,0,0,0,0,0,0,0,0,false,0,false,0,0,0,0,0,0,0,0,0,0,0,0,0,0,0,0,0
119-NFw9hoTRB6OG3v0xdQYAw,2025-09-30 15:47:28.117809 UTC,0,,0,0,,0,,0,,,91,60-120 sec,0,0,0,0,0,0,0,0,0,0,0,0,0,0,0,0,,0,,0,0,0,0,0,0,0,0,0,0,0,0,0,0,0,0,0
065ypJRIRFjRdStvJ0DTuVomA,2025-09-30 15:49:46.552853 UTC,0,true,0,0,,0,,0,,,283,>120 sec,0,0,0,0,0,0,0,0,0,0,0,0,0,0,0,0,false,0,false,0,0,0,0,0,0,0,0,0,0,0,0,0,0,0,0,0
98c8538c-d1cd-4604-9e15-e1ba7452f59c,2025-09-30 15:55:19.701039 UTC,0,,0,0,,0,,0,,,10,5-30 sec,0,0,0,0,0,0,0,0,0,0,0,0,0,0,0,0,,0,,0,0,0,0,0,0,0,0,0,0,0,0,0,0,0,0,0
103lvzbWkjfRk6lMy5B0PBU_g,2025-09-30 16:05:20.033324 UTC,0,,0,0,,0,,0,,,88,60-120 sec,0,0,0,0,0,0,0,0,0,0,0,0,0,0,0,0,,0,,0,0,0,0,0,0,0,0,0,0,0,0,0,0,0,0,0
ead46e1e-76cd-458d-947f-edaa9eb4176e,2025-09-30 16:19:26.706721 UTC,0,,0,0,,0,,0,,,1242,>120 sec,0,0,0,0,0,0,0,0,0,0,0,0,0,0,0,0,,0,,0,0,0,0,0,0,0,0,0,0,0,0,0,0,0,0,0
081QtPlmPvRTAqcnnq_IPbf2Q,2025-09-30 16:26:57.199533 UTC,0,,0,0,,0,,0,,,101,60-120 sec,0,0,0,0,0,0,0,0,0,0,0,0,0,0,0,0,,0,,0,0,0,0,0,0,0,0,0,0,0,0,0,0,0,0,0
065eysnxILtTSyVafdYePt_iA,2025-09-30 16:32:19.708066 UTC,0,,0,0,,0,,0,,,123,>120 sec,0,0,0,0,0,0,0,0,0,0,0,0,0,0,0,0,,0,,0,0,0,0,0,0,0,0,0,0,0,0,0,0,0,0,0
081hQTpu8DGSdGxPdQoYxEzyQ,2025-09-30 16:36:03.071826 UTC,0,,0,0,,0,,0,,,284,>120 sec,0,0,0,0,0,0,0,0,0,0,0,0,0,0,0,0,,0,,0,0,0,0,0,0,0,0,0,0,0,0,0,0,0,0,0
b3192818-f79d-490d-87e0-8f1d82bf5e4c,2025-09-30 16:40:48.300449 UTC,0,,0,0,,0,,0,,,62,60-120 sec,0,0,0,0,0,0,0,0,0,0,0,0,0,0,0,0,,0,,0,0,0,0,0,0,0,0,0,0,0,0,0,0,0,0,0
bd61c1c2-afa4-4edb-93c4-8b738eddb874,2025-09-30 16:42:35.317436 UTC,0,,0,0,,0,,0,,,275,>120 sec,0,0,0,0,0,0,0,0,0,0,0,0,0,0,0,0,,0,,0,0,0,0,0,0,0,0,0,0,0,0,0,0,0,0,0
838eaf65-85e1-48ad-8785-a9d8f00ec274,2025-09-30 17:14:45.590367 UTC,0,,0,0,,0,,0,,,58,30-60 sec,0,0,0,0,0,0,0,0,0,0,0,0,0,0,0,0,,0,,0,0,0,0,0,0,0,0,0,0,0,0,0,0,0,0,0
081wMZY6yr3Rd-nNSraNMD-2Q,2025-09-30 17:58:17.503918 UTC,0,,0,0,,0,,0,,,199,>120 sec,0,0,0,0,0,0,0,0,0,0,0,0,0,0,0,0,,0,,0,0,0,0,0,0,0,0,0,0,0,0,0,0,0,0,0
e0394bba-6d7a-4329-b9f1-963036fc3e34,2025-10-01 07:48:38.255910 UTC,0,false,0,0,,0,,0,,,50,30-60 sec,0,0,0,0,0,0,0,0,0,0,0,0,0,0,0,0,false,0,false,0,0,0,0,0,0,0,0,0,0,0,0,0,0,0,0,0
bd9d0284-c326-46da-88b9-aefb5330f5c2,2025-10-01 07:59:10.850106 UTC,0,false,0,0,,0,,0,,,9,5-30 sec,0,0,0,0,0,0,0,0,0,0,0,0,0,0,0,0,false,0,false,0,0,0,0,0,0,0,0,0,0,0,0,0,0,0,0,0
fba53e09-1240-4409-a3ed-8c6b5517a304,2025-10-01 08:09:38.387395 UTC,0,false,0,0,,0,,0,,,139,>120 sec,0,0,0,0,0,0,0,0,0,0,0,0,0,0,0,0,false,0,false,0,0,0,0,0,0,0,0,0,0,0,0,0,0,0,0,0
6e92cf53-6c2a-4295-90ea-bdd2bae8260b,2025-10-01 08:26:04.579229 UTC,0,false,0,0,,0,,0,,,12,5-30 sec,0,0,0,0,0,0,0,0,0,0,0,0,0,0,0,0,false,0,false,0,0,0,0,0,0,0,0,0,0,0,0,0,0,0,0,0
927fa38e-53ad-4f56-9a6c-a2cdb5f1d07f,2025-10-01 08:30:47.080090 UTC,0,false,0,0,,0,,0,,,11,5-30 sec,0,0,0,0,0,0,0,0,0,0,0,0,0,0,0,0,false,0,false,0,0,0,0,0,0,0,0,0,0,0,0,0,0,0,0,0
700a3de0-4027-4e67-b0a2-9df22bc01f0f,2025-10-01 08:33:47.511885 UTC,0,false,0,0,,0,,0,,,12,5-30 sec,0,0,0,0,0,0,0,0,0,0,0,0,0,0,0,0,false,0,false,0,0,0,0,0,0,0,0,0,0,0,0,0,0,0,0,0
dbbf7749-357b-4d71-b41f-2eef63dde3af,2025-10-01 08:35:04.529684 UTC,0,false,0,0,,0,,0,,,10,5-30 sec,0,0,0,0,0,0,0,0,0,0,0,0,0,0,0,0,false,0,false,0,0,0,0,0,0,0,0,0,0,0,0,0,0,0,0,0
354d83d5-75d6-45bf-bf6a-b5f4fd67eeae,2025-10-01 08:40:37.425381 UTC,0,false,0,0,,0,,0,,,10,5-30 sec,0,0,0,0,0,0,0,0,0,0,0,0,0,0,0,0,false,0,false,0,0,0,0,0,0,0,0,0,0,0,0,0,0,0,0,0
4c2682b9-ed5e-4946-9598-6b72f71e649a,2025-10-01 08:54:31.811194 UTC,0,false,0,0,,0,,0,,,12,5-30 sec,0,0,0,0,0,0,0,0,0,0,0,0,0,0,0,0,false,0,false,0,0,0,0,0,0,0,0,0,0,0,0,0,0,0,0,0
3ea362b1-c4c1-4eab-a052-26829f43cc79,2025-10-01 10:02:53.882629 UTC,0,false,0,0,,0,,0,,,20,5-30 sec,0,0,0,0,0,0,0,0,0,0,0,0,0,0,0,0,false,0,false,0,0,0,0,0,0,0,0,0,0,0,0,0,0,0,0,0
a0593eb6-7b96-4ea4-ba19-b7ae783bba2e,2025-10-01 10:51:49.054074 UTC,0,false,0,0,,0,,0,,,13,5-30 sec,0,0,0,0,0,0,0,0,0,0,0,0,0,0,0,0,false,0,false,0,0,0,0,0,0,0,0,0,0,0,0,0,0,0,0,0
4c2a39d9-2167-42fb-a57c-3ca31b8d854a,2025-10-01 11:23:13.147710 UTC,0,,0,0,,0,,0,,,0,0-5 sec,0,0,0,0,0,0,0,0,0,0,0,0,0,0,0,0,,0,,0,0,0,0,0,0,0,0,0,0,0,0,0,0,0,0,0
472c34f9-77a5-4d5e-86e0-8ba1cc5ecc37,2025-10-01 11:23:23.054094 UTC,0,,0,0,,0,,0,,,13,5-30 sec,0,0,0,0,0,0,0,0,0,0,0,0,0,0,0,0,,0,,0,0,0,0,0,0,0,0,0,0,0,0,0,0,0,0,0
c8ce0744-9c0c-48bf-aa9a-a97cbdea592d,2025-10-01 11:23:42.183683 UTC,0,,0,0,,0,,0,,,2,0-5 sec,0,0,0,0,0,0,0,0,0,0,0,0,0,0,0,0,,0,,0,0,0,0,0,0,0,0,0,0,0,0,0,0,0,0,0
369c6d-d5d-ee9-dbd-8b3289547,2025-10-01 11:24:37.188508 UTC,0,,0,0,,0,,0,,,0,0-5 sec,0,0,0,0,0,0,0,0,0,0,0,0,0,0,0,0,,0,,0,0,0,0,0,0,0,0,0,0,0,0,0,0,0,0,0
266a60d6-0bd3-4a41-8df0-eb164023dc7e,2025-10-01 11:27:09.326532 UTC,0,,0,0,,0,,0,,,0,0-5 sec,0,0,0,0,0,0,0,0,0,0,0,0,0,0,0,0,,0,,0,0,0,0,0,0,0,0,0,0,0,0,0,0,0,0,0
f5323f94-6144-496a-80c4-6c2db7d4d178,2025-10-01 11:27:42.188417 UTC,0,,0,0,,0,,0,,,0,0-5 sec,0,0,0,0,0,0,0,0,0,0,0,0,0,0,0,0,,0,,0,0,0,0,0,0,0,0,0,0,0,0,0,0,0,0,0
076cef25-ab28-464e-bbad-1757f9aacad9,2025-10-01 13:13:14.566060 UTC,0,,0,0,,0,,0,,,0,0-5 sec,0,0,0,0,0,0,0,0,0,0,0,0,0,0,0,0,,0,,0,0,0,0,0,0,0,0,0,0,0,0,0,0,0,0,0
103zPB9_3U0QpaQmJUW5ZMMgg,2025-10-01 13:36:25.458330 UTC,0,,0,0,,0,,0,,,60,30-60 sec,0,0,0,0,0,0,0,0,0,0,0,0,0,0,0,0,,0,,0,0,0,0,0,0,0,0,0,0,0,0,0,0,0,0,0
065yXzsmMgxTH6MAcxgAY_0fA,2025-10-01 13:40:05.474355 UTC,0,,0,0,,0,,0,,,74,60-120 sec,0,0,0,0,0,0,0,0,0,0,0,0,0,0,0,0,,0,,0,0,0,0,0,0,0,0,0,0,0,0,0,0,0,0,0
db313048-ffd7-40d5-8e14-36ec4fa03f2c,2025-10-01 14:13:50.987388 UTC,0,,0,0,,0,,0,,,17,5-30 sec,0,0,0,0,0,0,0,0,0,0,0,0,0,0,0,0,,0,,0,0,0,0,0,0,0,0,0,0,0,0,0,0,0,0,0
f27bf76b-25bd-41a3-9d77-b78131b5c92c,2025-10-01 14:14:39.752144 UTC,0,,0,0,,0,,0,,,50,30-60 sec,0,0,0,0,0,0,0,0,0,0,0,0,0,0,0,0,,0,,0,0,0,0,0,0,0,0,0,0,0,0,0,0,0,0,0
f6f4a714-e9fd-4c9f-bc6c-ce0fe82d29ef,2025-10-01 14:17:24.838646 UTC,0,,0,0,,0,,0,,,14,5-30 sec,0,0,0,0,0,0,0,0,0,0,0,0,0,0,0,0,,0,,0,0,0,0,0,0,0,0,0,0,0,0,0,0,0,0,0
b9b2f3fc-ec04-41ec-b310-72eb2056d447,2025-10-01 14:17:40.585805 UTC,0,,0,0,,0,,0,,,107,60-120 sec,0,0,0,0,0,0,0,0,0,0,0,0,0,0,0,0,,0,,0,0,0,0,0,0,0,0,0,0,0,0,0,0,0,0,0
3775c788-dae5-4bdd-9c1e-eced606227dd,2025-10-01 14:18:40.700832 UTC,0,false,0,0,,0,,0,,,90,60-120 sec,0,0,0,0,0,0,0,0,0,0,0,0,0,0,0,0,false,0,false,0,0,0,0,0,0,0,0,0,0,0,0,0,0,0,0,0
fb14de15-6d42-4ec9-84f1-02c3ff0da67e,2025-10-01 14:46:19.638271 UTC,0,,0,0,,0,,0,,,111,60-120 sec,0,0,0,0,0,0,0,0,0,0,0,0,0,0,0,0,,0,,0,0,0,0,0,0,0,0,0,0,0,0,0,0,0,0,0
119JbDw0mFxRyWBkuZRZgfiRw,2025-10-01 16:20:58.707318 UTC,0,,0,0,,0,,0,,,227,>120 sec,0,0,0,0,0,0,0,0,0,0,0,0,0,0,0,0,,0,,0,0,0,0,0,0,0,0,0,0,0,0,0,0,0,0,0
081obPI5izOQVuuB_HmQQW8uQ,2025-10-01 16:26:03.720397 UTC,0,,0,0,,0,,0,,,219,>120 sec,0,0,0,0,0,0,0,0,0,0,0,0,0,0,0,0,,0,,0,0,0,0,0,0,0,0,0,0,0,0,0,0,0,0,0
081j0GhnqyBRSuQVQgVXVEaYQ,2025-10-01 16:32:38.727467 UTC,0,,0,0,,0,,0,,,176,>120 sec,0,0,0,0,0,0,0,0,0,0,0,0,0,0,0,0,,0,,0,0,0,0,0,0,0,0,0,0,0,0,0,0,0,0,0
119Mu9GOL1BTAi9pTbqBuWDrw,2025-10-01 16:37:52.498793 UTC,0,,0,0,,0,,0,,,149,>120 sec,0,0,0,0,0,0,0,0,0,0,0,0,0,0,0,0,,0,,0,0,0,0,0,0,0,0,0,0,0,0,0,0,0,0,0
065TLSd9mUjR3W5QYVq-EcspA,2025-10-01 16:42:03.662737 UTC,0,,0,0,,0,,0,,,286,>120 sec,0,0,0,0,0,0,0,0,0,0,0,0,0,0,0,0,,0,,0,0,0,0,0,0,0,0,0,0,0,0,0,0,0,0,0
065hZXTYqY9TOWApKhO7hmPcA,2025-10-03 11:11:50.324655 UTC,0,,0,0,,0,,0,,,116,60-120 sec,0,0,0,0,0,0,0,0,0,0,0,0,0,0,0,0,,0,,0,0,0,0,0,0,0,0,0,0,0,0,0,0,0,0,0
081WhpSqAEqRRa-eEPKATCfyQ,2025-10-03 11:19:04.366661 UTC,0,,0,0,,0,,0,,,108,60-120 sec,0,0,0,0,0,0,0,0,0,0,0,0,0,0,0,0,,0,,0,0,0,0,0,0,0,0,0,0,0,0,0,0,0,0,0
065lsQPiOLwRUyLaG5M-6aj-A,2025-10-03 13:46:46.442503 UTC,0,,0,0,,0,,0,,,367,>120 sec,0,0,0,0,0,0,0,0,0,0,0,0,0,0,0,0,,0,,0,0,0,0,0,0,0,0,0,0,0,0,0,0,0,0,0
065VGbfZVNuTrCCiiSuzU2ueA,2025-10-03 14:33:27.707401 UTC,0,false,0,0,,0,,0,,,242,>120 sec,0,0,0,0,0,0,0,0,0,0,0,0,0,0,0,0,false,0,false,0,0,0,0,0,0,0,0,0,0,0,0,0,0,0,0,0
081bYz4yTqZRkOmDLrJ1bZAhQ,2025-10-03 14:39:18.500769 UTC,0,false,0,0,,0,,0,,,217,>120 sec,0,0,0,0,0,0,0,0,0,0,0,0,0,0,0,0,false,0,false,0,0,0,0,0,0,0,0,0,0,0,0,0,0,0,0,0
081VtLi6c7eSdSgYR_4i_r1jQ,2025-10-03 14:57:42.995077 UTC,0,false,0,0,,0,,0,,,209,>120 sec,0,0,0,0,0,0,0,0,0,0,0,0,0,0,0,0,false,0,false,0,0,0,0,0,0,0,0,0,0,0,0,0,0,0,0,0
103p2epShmwQ-igsam_Fwj6Mg,2025-10-03 15:15:49.951084 UTC,0,,0,0,,0,,0,,,276,>120 sec,0,0,0,0,0,0,0,0,0,0,0,0,0,0,0,0,,0,,0,0,0,0,0,0,0,0,0,0,0,0,0,0,0,0,0
103sQx61_XRSPWI3KQhrif5rg,2025-10-03 16:21:48.299273 UTC,0,false,0,0,,0,,0,,,240,>120 sec,0,0,0,0,0,0,0,0,0,0,0,0,0,0,0,0,false,0,false,0,0,0,0,0,0,0,0,0,0,0,0,0,0,0,0,0
081_FNLIAT0QDugs0PuoTKR_Q,2025-10-03 16:33:15.685755 UTC,0,,0,0,,0,,0,,,326,>120 sec,0,0,0,0,0,0,0,0,0,0,0,0,0,0,0,0,,0,,0,0,0,0,0,0,0,0,0,0,0,0,0,0,0,0,0
065Q9O6UgC8ThK42wcxU5feLA,2025-10-03 16:41:30.073013 UTC,0,,0,0,,0,,0,,,237,>120 sec,0,0,0,0,0,0,0,0,0,0,0,0,0,0,0,0,,0,,0,0,0,0,0,0,0,0,0,0,0,0,0,0,0,0,0
081r3ylhdVgSHWc12ci8Ur1KQ,2025-10-03 16:46:33.864553 UTC,0,,0,0,,0,,0,,,167,>120 sec,0,0,0,0,0,0,0,0,0,0,0,0,0,0,0,0,,0,,0,0,0,0,0,0,0,0,0,0,0,0,0,0,0,0,0
119u-WZhR8oQKalBBjPxQHY5w,2025-10-03 16:50:50.776909 UTC,0,,0,0,,0,,0,,,369,>120 sec,0,0,0,0,0,0,0,0,0,0,0,0,0,0,0,0,,0,,0,0,0,0,0,0,0,0,0,0,0,0,0,0,0,0,0
2db23011-c601-47ad-b29c-2a30b72cdb08,2025-10-06 11:59:42.780807 UTC,0,,0,0,,0,,0,,,17,5-30 sec,0,0,0,0,0,0,0,0,0,0,0,0,0,0,0,0,,0,,0,0,0,0,0,0,0,0,0,0,0,0,0,0,0,0,0
081SfOBMQuYSxOPryp7nbHFaQ,2025-10-06 12:34:58.756182 UTC,0,,0,0,,0,,0,,,124,>120 sec,0,0,0,0,0,0,0,0,0,0,0,0,0,0,0,0,,0,,0,0,0,0,0,0,0,0,0,0,0,0,0,0,0,0,0
081fZhaNcg8RUyRyPmgmdQ3nQ,2025-10-06 12:36:12.740351 UTC,0,,0,0,,0,,0,,,200,>120 sec,0,0,0,0,0,0,0,0,0,0,0,0,0,0,0,0,,0,,0,0,0,0,0,0,0,0,0,0,0,0,0,0,0,0,0
081AgZZ6YL8RpeLljDfGh8z6Q,2025-10-06 12:41:42.153188 UTC,0,,0,0,,0,,0,,,38,30-60 sec,0,0,0,0,0,0,0,0,0,0,0,0,0,0,0,0,,0,,0,0,0,0,0,0,0,0,0,0,0,0,0,0,0,0,0
103MpORX3x2S7G1bQ_AzmBJgg,2025-10-06 12:42:32.129431 UTC,0,,0,0,,0,,0,,,82,60-120 sec,0,0,0,0,0,0,0,0,0,0,0,0,0,0,0,0,,0,,0,0,0,0,0,0,0,0,0,0,0,0,0,0,0,0,0
065myX_UHMcRzKloM2_3w82tA,2025-10-06 12:46:36.579300 UTC,0,,0,0,,0,,0,,,244,>120 sec,0,0,0,0,0,0,0,0,0,0,0,0,0,0,0,0,,0,,0,0,0,0,0,0,0,0,0,0,0,0,0,0,0,0,0
10320_g6Kd7TSyG1fErgLY5og,2025-10-06 13:01:59.242641 UTC,0,,0,0,,0,,0,,,206,>120 sec,0,0,0,0,0,0,0,0,0,0,0,0,0,0,0,0,,0,,0,0,0,0,0,0,0,0,0,0,0,0,0,0,0,0,0
103w6Yz6RolST62jK7Hxr68Eg,2025-10-06 13:07:44.051502 UTC,0,,0,0,,0,,0,,,218,>120 sec,0,0,0,0,0,0,0,0,0,0,0,0,0,0,0,0,,0,,0,0,0,0,0,0,0,0,0,0,0,0,0,0,0,0,0
5937aeff-7a63-4f77-b89b-cba033a283e4,2025-10-06 15:00:53.245401 UTC,0,,0,0,,0,,0,,,38,30-60 sec,0,0,0,0,0,0,0,0,0,0,0,0,0,0,0,0,,0,,0,0,0,0,0,0,0,0,0,0,0,0,0,0,0,0,0
93526098-1ec3-44b6-b3ec-724558d482d9,2025-10-06 16:06:40.764467 UTC,0,false,0,0,,0,,0,,,53,30-60 sec,0,0,0,0,0,0,0,0,0,0,0,0,0,0,0,0,false,0,false,0,0,0,0,0,0,0,0,0,0,0,0,0,0,0,0,0
db59fefb-89dd-4652-b150-918875f6f497,2025-10-06 16:10:56.534611 UTC,0,,0,0,,0,,0,,,105,60-120 sec,0,0,0,0,0,0,0,0,0,0,0,0,0,0,0,0,,0,,0,0,0,0,0,0,0,0,0,0,0,0,0,0,0,0,0
13ef8b9b-1c54-4f28-a5f7-8a1e94456a03,2025-10-06 16:14:13.783205 UTC,0,,0,0,,0,,0,,,299,>120 sec,0,0,0,0,0,0,0,0,0,0,0,0,0,0,0,0,,0,,0,0,0,0,0,0,0,0,0,0,0,0,0,0,0,0,0
065OflyrRbSQdmd1P2FqHROmA,2025-10-06 16:23:24.751231 UTC,0,,0,0,,0,,0,,,162,>120 sec,0,0,0,0,0,0,0,0,0,0,0,0,0,0,0,0,,0,,0,0,0,0,0,0,0,0,0,0,0,0,0,0,0,0,0
1035B9Ay631TQ6_JHsS_Uh_xg,2025-10-06 16:29:39.665818 UTC,0,,0,0,,0,,0,false,,115,60-120 sec,0,0,0,0,0,0,0,0,0,0,0,0,0,0,0,0,,0,,0,0,0,0,0,0,0,0,0,0,0,0,0,0,0,0,0
fadf2081-69eb-4f2c-9eaf-12e604fc9b13,2025-10-06 16:31:57.652838 UTC,0,,0,0,,0,,0,,,7,5-30 sec,0,0,0,0,0,0,0,0,0,0,0,0,0,0,0,0,,0,,0,0,0,0,0,0,0,0,0,0,0,0,0,0,0,0,0
072fb6f5-c5dd-4ece-bd9d-05cc0e19c573,2025-10-06 16:32:35.281954 UTC,0,,0,0,,0,,0,,,0,0-5 sec,0,0,0,0,0,0,0,0,0,0,0,0,0,0,0,0,,0,,0,0,0,0,0,0,0,0,0,0,0,0,0,0,0,0,0
065sBEvp9x6StuG-6WgNCHvMA,2025-10-06 17:19:03.194468 UTC,0,,0,0,,0,,0,,,176,>120 sec,0,0,0,0,0,0,0,0,0,0,0,0,0,0,0,0,,0,,0,0,0,0,0,0,0,0,0,0,0,0,0,0,0,0,0
03f6fcab-9bc9-4d3e-835e-d2ddea59da33,2025-10-06 19:38:16.918043 UTC,0,,0,0,,0,,0,false,,302,>120 sec,0,0,0,0,0,0,0,0,0,0,0,0,0,0,0,0,,0,,0,0,0,0,0,0,0,0,0,0,0,0,0,0,0,0,0
d2cfb1f9-e111-4d3d-9f4b-5b39106849b2,2025-10-06 19:45:49.445900 UTC,0,,0,0,,0,,0,false,,10,5-30 sec,0,0,0,0,0,0,0,0,0,0,0,0,0,0,0,0,,0,,0,0,0,0,0,0,0,0,0,0,0,0,0,0,0,0,0
119EbHqKlFFTeSlFLvI3o2Duw,2025-10-06 21:06:01.486928 UTC,0,,0,0,ABANDONED,0,ABANDONED,0,false,R0,60,30-60 sec,0,0,0,0,0,0,0,0,0,0,0,0,0,0,0,0,,0,,0,0,0,0,0,0,0,0,0,0,0,0,0,0,0,0,0
081Zy0XgO9MTQyJaAmQqF81SQ,2025-10-07 08:24:14.663668 UTC,0,,0,0,ABANDONED,0,ABANDONED,0,false,R0,153,>120 sec,0,0,0,0,0,0,0,0,0,0,0,0,0,0,0,0,,0,,0,0,0,0,0,0,0,0,0,0,0,0,0,0,0,0,0
119gyh7TnejRW2GQLXVBMzSWw,2025-10-07 08:28:43.028819 UTC,0,,0,0,ABANDONED,0,ABANDONED,0,false,R0,287,>120 sec,0,0,0,0,0,0,0,0,0,0,0,0,0,0,0,0,,0,,0,0,0,0,0,0,0,0,0,0,0,0,0,0,0,0,0
0819S0zpvUaSVSn-DSIM4IPZQ,2025-10-07 08:40:29.241287 UTC,0,$session.params.escalate,0,0,ABANDONED,0,ABANDONED,0,false,R0,135,>120 sec,0,0,0,0,0,0,0,0,0,0,0,0,0,0,0,0,,0,,0,0,0,0,0,0,0,0,0,0,0,0,0,0,0,0,0
081xndd0RaoQj6Gr5P7GRO6mQ,2025-10-07 08:44:58.752311 UTC,0,true,0,0,ABANDONED,0,ABANDONED,0,false,R0,207,>120 sec,0,0,0,0,0,0,0,0,0,0,0,0,0,0,0,0,false,0,false,0,0,0,0,0,0,0,0,0,0,0,0,0,0,0,0,0
081GVYkxVQJR4y6M2Xmh_D8zQ,2025-10-07 08:51:29.031130 UTC,0,$session.params.escalate,0,0,ABANDONED,0,ABANDONED,0,false,R0,316,>120 sec,0,0,0,0,0,0,0,0,0,0,0,0,0,0,0,0,,0,,0,0,0,0,0,0,0,0,0,0,0,0,0,0,0,0,0
065Kw8_6YxUQYaplA4T0JlhPA,2025-10-07 09:05:06.606499 UTC,0,$session.params.escalate,0,0,ABANDONED,0,ABANDONED,0,false,R0,216,>120 sec,0,0,0,0,0,0,0,0,0,0,0,0,0,0,0,0,,0,,0,0,0,0,0,0,0,0,0,0,0,0,0,0,0,0,0
b3e52a0f-4146-4c16-8e5e-7e258a2af5d3,2025-10-07 09:28:14.010545 UTC,0,$session.params.escalate,0,0,ABANDONED,0,ABANDONED,0,false,R0,1185,>120 sec,0,0,0,0,0,0,0,0,0,0,0,0,0,0,0,0,,0,,0,0,0,0,0,0,0,0,0,0,0,0,0,0,0,0,0
c4f24de9-cdc8-4c02-9f91-139c4e918c76,2025-10-07 09:50:50.267751 UTC,0,,0,0,ABANDONED,0,ABANDONED,0,false,R0,84,60-120 sec,0,0,0,0,0,0,0,0,0,0,0,0,0,0,0,0,,0,,0,0,0,0,0,0,0,0,0,0,0,0,0,0,0,0,0
9178635f-4611-45df-91f3-fe3d740e7193,2025-10-07 09:59:29.021950 UTC,0,false,0,0,ABANDONED,0,ABANDONED,0,false,R0,98,60-120 sec,0,0,0,0,0,0,0,0,0,0,0,0,0,0,0,0,false,0,false,0,0,0,0,0,0,0,0,0,0,0,0,0,0,0,0,0
538b540a-c950-438f-b929-a9ea57f64dde,2025-10-07 11:06:03.871515 UTC,0,,0,0,ABANDONED,0,ABANDONED,0,false,R0,98,60-120 sec,0,0,0,0,0,0,0,0,0,0,0,0,0,0,0,0,,0,,0,0,0,0,0,0,0,0,0,0,0,0,0,0,0,0,0
720ba47d-b6c8-494b-ad58-358b13b7176f,2025-10-07 11:10:10.474972 UTC,0,,0,0,ABANDONED,0,ABANDONED,0,false,R0,376,>120 sec,0,0,0,0,0,0,0,0,0,0,0,0,0,0,0,0,,0,,0,0,0,0,0,0,0,0,0,0,0,0,0,0,0,0,0
41c285ff-78e3-4704-a2f0-6c2b8e0c454a,2025-10-07 11:42:59.099216 UTC,0,true,0,0,ABANDONED,0,ABANDONED,0,false,R0,46,30-60 sec,0,0,0,0,0,0,0,0,0,0,0,0,0,0,0,0,,0,,0,0,0,0,0,0,0,0,0,0,0,0,0,0,0,0,0
a325c94a-5ae8-41ac-b431-4ce121333e95,2025-10-07 11:43:53.958391 UTC,0,,0,0,ABANDONED,0,ABANDONED,0,false,R0,6,5-30 sec,0,0,0,0,0,0,0,0,0,0,0,0,0,0,0,0,,0,,0,0,0,0,0,0,0,0,0,0,0,0,0,0,0,0,0
5da5bf26-b68a-4483-842b-fcbf26f02ca2,2025-10-07 11:45:03.580955 UTC,0,,0,0,ABANDONED,0,ABANDONED,0,false,R0,1724,>120 sec,0,0,0,0,0,0,0,0,0,0,0,0,0,0,0,0,,0,,0,0,0,0,0,0,0,0,0,0,0,0,0,0,0,0,0
119SftITdbnQYSoXRhCFGX3cw,2025-10-07 12:06:28.821317 UTC,0,$session.params.escalate,0,0,ABANDONED,0,ABANDONED,0,false,R0,109,60-120 sec,0,0,0,0,0,0,0,0,0,0,0,0,0,0,0,0,,0,,0,0,0,0,0,0,0,0,0,0,0,0,0,0,0,0,0
68355046-acd8-4856-b651-8ed9ee6d39d9,2025-10-07 12:35:00.683366 UTC,0,false,0,0,ABANDONED,0,ABANDONED,0,false,R0,66,60-120 sec,0,0,0,0,0,0,0,0,0,0,0,0,0,0,0,0,false,0,false,0,0,0,0,0,0,0,0,0,0,0,0,0,0,0,0,0
2091c614-a9f2-4508-8822-a9783fc10d8a,2025-10-07 12:51:57.961506 UTC,0,false,0,0,ABANDONED,0,ABANDONED,0,false,R0,32,30-60 sec,0,0,0,0,0,0,0,0,0,0,0,0,0,0,0,0,false,0,false,0,0,0,0,0,0,0,0,0,0,0,0,0,0,0,0,0
1199Md80TvTSB6K_sQrKF3Rxw,2025-10-07 12:59:11.131170 UTC,0,$session.params.escalate,0,0,ABANDONED,0,ABANDONED,0,false,R0,317,>120 sec,0,0,0,0,0,0,0,0,0,0,0,0,0,0,0,0,,0,,0,0,0,0,0,0,0,0,0,0,0,0,0,0,0,0,0
10378pKO8ciQxGtPjH7iBlZQg,2025-10-07 13:05:45.664779 UTC,0,$session.params.escalate,0,0,ABANDONED,0,ABANDONED,0,false,R0,132,>120 sec,0,0,0,0,0,0,0,0,0,0,0,0,0,0,0,0,,0,,0,0,0,0,0,0,0,0,0,0,0,0,0,0,0,0,0
103YSXM57i-R3G5uEUMBMhwzg,2025-10-07 13:09:37.218452 UTC,0,,0,0,ABANDONED,0,ABANDONED,0,false,R0,233,>120 sec,0,0,0,0,0,0,0,0,0,0,0,0,0,0,0,0,,0,,0,0,0,0,0,0,0,0,0,0,0,0,0,0,0,0,0
103hz5rG6moSOKNvcQy_7U5cg,2025-10-07 13:18:20.794796 UTC,0,true,0,0,ABANDONED,0,ABANDONED,0,false,R0,154,>120 sec,0,0,0,0,0,0,0,0,0,0,0,0,0,0,0,0,false,0,false,0,0,0,0,0,0,0,0,0,0,0,0,0,0,0,0,0
103Ad8hxwShSDyjyK9FzLVEug,2025-10-07 13:23:55.352504 UTC,0,$session.params.escalate,0,0,ABANDONED,0,ABANDONED,0,false,R0,322,>120 sec,0,0,0,0,0,0,0,0,0,0,0,0,0,0,0,0,,0,,0,0,0,0,0,0,0,0,0,0,0,0,0,0,0,0,0
103vFNUo1sGRb6TdDK2nYDdog,2025-10-07 13:38:09.525593 UTC,0,,0,0,ABANDONED,0,ABANDONED,0,false,R0,232,>120 sec,0,0,0,0,0,0,0,0,0,0,0,0,0,0,0,0,,0,,0,0,0,0,0,0,0,0,0,0,0,0,0,0,0,0,0
1194SaIwC6vT0K9v4ou6-6Y6w,2025-10-07 13:46:54.258700 UTC,0,$session.params.escalate,0,0,ABANDONED,0,ABANDONED,0,false,R0,153,>120 sec,0,0,0,0,0,0,0,0,0,0,0,0,0,0,0,0,,0,,0,0,0,0,0,0,0,0,0,0,0,0,0,0,0,0,0
119ydf542yHSNaehezPKMUn-w,2025-10-07 14:31:25.355588 UTC,0,,0,0,ABANDONED,0,ABANDONED,0,false,R0,326,>120 sec,0,0,0,0,0,0,0,0,0,0,0,0,0,0,0,0,,0,,0,0,0,0,0,0,0,0,0,0,0,0,0,0,0,0,0
2bff9212-c7d4-4777-9674-e604e94e4ba8,2025-10-07 15:20:09.385693 UTC,0,,0,0,ABANDONED,0,ABANDONED,0,false,R0,278,>120 sec,0,0,0,0,0,0,0,0,0,0,0,0,0,0,0,0,,0,,0,0,0,0,0,0,0,0,0,0,0,0,0,0,0,0,0
103G4wEQUvQRIS0715CV7N32g,2025-10-07 16:12:19.646435 UTC,0,true,0,0,ABANDONED,0,ABANDONED,0,false,R0,81,60-120 sec,0,0,0,0,0,0,0,0,0,0,0,0,0,0,0,0,,0,,0,0,0,0,0,0,0,0,0,0,0,0,0,0,0,0,0
4b7e5aee-7ec3-497c-8703-0c304649fc9c,2025-10-07 16:23:36.787446 UTC,0,,0,0,ABANDONED,0,ABANDONED,0,false,R0,11,5-30 sec,0,0,0,0,0,0,0,0,0,0,0,0,0,0,0,0,,0,,0,0,0,0,0,0,0,0,0,0,0,0,0,0,0,0,0
44fe50e8-00ae-490d-9ff7-39924ad81c8c,2025-10-07 16:26:02.194863 UTC,0,,0,0,ABANDONED,0,ABANDONED,0,false,R0,367,>120 sec,0,0,0,0,0,0,0,0,0,0,0,0,0,0,0,0,,0,,0,0,0,0,0,0,0,0,0,0,0,0,0,0,0,0,0
d2f6bcc6-44d4-4b4d-a042-c8e51f3c0ee0,2025-10-07 16:33:30.230805 UTC,0,,0,0,ABANDONED,0,ABANDONED,0,false,R0,13,5-30 sec,0,0,0,0,0,0,0,0,0,0,0,0,0,0,0,0,,0,,0,0,0,0,0,0,0,0,0,0,0,0,0,0,0,0,0
89bc66e2-1111-4354-aeaf-9e917d8e4746,2025-10-07 16:46:22.287786 UTC,0,$session.params.escalate,0,0,ABANDONED,0,ABANDONED,0,false,R0,138,>120 sec,0,0,0,0,0,0,0,0,0,0,0,0,0,0,0,0,,0,,0,0,0,0,0,0,0,0,0,0,0,0,0,0,0,0,0
4bf8093a-6804-4d7b-a86f-eefd83fc186a,2025-10-07 16:49:44.490136 UTC,0,,0,0,ABANDONED,0,ABANDONED,0,false,R0,32,30-60 sec,0,0,0,0,0,0,0,0,0,0,0,0,0,0,0,0,,0,,0,0,0,0,0,0,0,0,0,0,0,0,0,0,0,0,0
d705c13b-f7de-422c-9692-68ed066eb682,2025-10-07 19:04:51.081729 UTC,0,,0,0,ABANDONED,0,ABANDONED,0,false,R0,262,>120 sec,0,0,0,0,0,0,0,0,0,0,0,0,0,0,0,0,,0,,0,0,0,0,0,0,0,0,0,0,0,0,0,0,0,0,0
d9a85d24-2d81-4f5c-a483-6119d1457f38,2025-10-07 19:09:33.396716 UTC,0,,0,0,ABANDONED,0,ABANDONED,0,false,R0,26,5-30 sec,0,0,0,0,0,0,0,0,0,0,0,0,0,0,0,0,,0,,0,0,0,0,0,0,0,0,0,0,0,0,0,0,0,0,0
45e8f163-36b2-41d3-8887-668c8cfb946a,2025-10-07 20:06:40.460859 UTC,0,$session.params.escalate,0,0,ABANDONED,0,ABANDONED,0,false,R0,83,60-120 sec,0,0,0,0,0,0,0,0,0,0,0,0,0,0,0,0,,0,,0,0,0,0,0,0,0,0,0,0,0,0,0,0,0,0,0
6d34b977-eb1b-4417-a76a-2ddf6d04c4f9,2025-10-07 20:10:14.196957 UTC,0,,0,0,ABANDONED,0,ABANDONED,0,false,R0,13,5-30 sec,0,0,0,0,0,0,0,0,0,0,0,0,0,0,0,0,,0,,0,0,0,0,0,0,0,0,0,0,0,0,0,0,0,0,0
9b815d77-6b4c-4365-a98c-53fca74a35b2,2025-10-07 20:10:42.154492 UTC,0,,0,0,ABANDONED,0,ABANDONED,0,false,R0,13,5-30 sec,0,0,0,0,0,0,0,0,0,0,0,0,0,0,0,0,,0,,0,0,0,0,0,0,0,0,0,0,0,0,0,0,0,0,0
3be9b34e-ec03-483c-8677-2b76661ac6b0,2025-10-07 20:12:41.912947 UTC,0,,0,0,ABANDONED,0,ABANDONED,0,false,R0,55,30-60 sec,0,0,0,0,0,0,0,0,0,0,0,0,0,0,0,0,,0,,0,0,0,0,0,0,0,0,0,0,0,0,0,0,0,0,0
fb9d8b7d-a51d-4485-bdcc-0f927f023f43,2025-10-07 20:16:20.555189 UTC,0,,0,0,ABANDONED,0,ABANDONED,0,false,R0,159,>120 sec,0,0,0,0,0,0,0,0,0,0,0,0,0,0,0,0,,0,,0,0,0,0,0,0,0,0,0,0,0,0,0,0,0,0,0
081LvTQDFNBQAG4jTkRgM2RIQ,2025-10-08 08:20:52.903536 UTC,0,,0,0,ABANDONED,0,ABANDONED,0,false,R0,128,>120 sec,0,0,0,0,0,0,0,0,0,0,0,0,0,0,0,0,,0,,0,0,0,0,0,0,0,0,0,0,0,0,0,0,0,0,0
081vYd_taltS_es2dZItwuUMQ,2025-10-08 08:24:01.462148 UTC,0,false,0,0,ABANDONED,0,ABANDONED,0,false,R0,186,>120 sec,0,0,0,0,0,0,0,0,0,0,0,0,0,0,0,0,false,0,false,0,0,0,0,0,0,0,0,0,0,0,0,0,0,0,0,0
a5698c95-14cd-44d7-b98e-bd3f90968895,2025-10-08 10:16:03.053013 UTC,0,,0,0,ABANDONED,0,ABANDONED,0,false,R0,151,>120 sec,0,0,0,0,0,0,0,0,0,0,0,0,0,0,0,0,,0,,0,0,0,0,0,0,0,0,0,0,0,0,0,0,0,0,0
e39c93fd-4ffd-4a96-bb05-e28d0fd4b2c6,2025-10-08 10:31:50.830480 UTC,0,,0,0,ABANDONED,0,ABANDONED,0,false,R0,154,>120 sec,0,0,0,0,0,0,0,0,0,0,0,0,0,0,0,0,,0,,0,0,0,0,0,0,0,0,0,0,0,0,0,0,0,0,0
89d5a12a-d182-42d0-9029-6a1ade317a94,2025-10-08 10:49:10.014789 UTC,0,,0,0,ABANDONED,0,ABANDONED,0,false,R0,33,30-60 sec,0,0,0,0,0,0,0,0,0,0,0,0,0,0,0,0,,0,,0,0,0,0,0,0,0,0,0,0,0,0,0,0,0,0,0
edba2e14-53d5-4b83-9d94-e9fb828327c1,2025-10-08 11:00:47.584639 UTC,0,$session.params.escalate,0,0,ABANDONED,0,ABANDONED,0,false,R0,47,30-60 sec,0,0,0,0,0,0,0,0,0,0,0,0,0,0,0,0,,0,,0,0,0,0,0,0,0,0,0,0,0,0,0,0,0,0,0
ba5d31c4-cdae-4639-83af-159c2816ae0e,2025-10-08 11:07:12.834606 UTC,0,REDACTED,0,0,,0,,0,REDACTED,,8,5-30 sec,0,0,0,0,0,0,0,0,0,0,0,0,0,0,0,0,,0,,0,0,0,0,0,0,0,0,0,0,0,0,0,0,0,0,0
fa1c670a-fb93-470a-a939-d21c07559bc1,2025-10-08 11:08:32.517698 UTC,0,,0,0,ABANDONED,0,ABANDONED,0,false,R0,10,5-30 sec,0,0,0,0,0,0,0,0,0,0,0,0,0,0,0,0,,0,,0,0,0,0,0,0,0,0,0,0,0,0,0,0,0,0,0
8b0ffbc6-fb42-44f9-831f-7c5e0e65bf1b,2025-10-08 11:10:24.535559 UTC,0,,0,0,ABANDONED,0,ABANDONED,0,false,R0,245,>120 sec,0,0,0,0,0,0,0,0,0,0,0,0,0,0,0,0,,0,,0,0,0,0,0,0,0,0,0,0,0,0,0,0,0,0,0
ddcae610-8fc0-4b12-ab75-35c029719485,2025-10-08 11:10:56.195439 UTC,0,$session.params.escalate,0,0,ABANDONED,0,ABANDONED,0,false,R0,593,>120 sec,0,0,0,0,0,0,0,0,0,0,0,0,0,0,0,0,,0,,0,0,0,0,0,0,0,0,0,0,0,0,0,0,0,0,0
cfcae0d2-191f-4516-aaa1-73dc43b53f13,2025-10-08 11:15:14.203092 UTC,0,,0,0,ABANDONED,0,ABANDONED,0,false,R0,10,5-30 sec,0,0,0,0,0,0,0,0,0,0,0,0,0,0,0,0,,0,,0,0,0,0,0,0,0,0,0,0,0,0,0,0,0,0,0
c5402fc7-ee97-4b96-abf8-59bb2cfaff08,2025-10-08 11:17:29.351314 UTC,0,,0,0,ABANDONED,0,ABANDONED,0,false,R0,10,5-30 sec,0,0,0,0,0,0,0,0,0,0,0,0,0,0,0,0,,0,,0,0,0,0,0,0,0,0,0,0,0,0,0,0,0,0,0
d94462d0-cbb4-4770-bf6e-67a7f220b5de,2025-10-08 11:19:36.429261 UTC,0,,0,0,ABANDONED,0,ABANDONED,0,false,R0,9,5-30 sec,0,0,0,0,0,0,0,0,0,0,0,0,0,0,0,0,,0,,0,0,0,0,0,0,0,0,0,0,0,0,0,0,0,0,0
6a7bdfba-619a-491f-b120-59d805df7556,2025-10-08 11:21:26.848041 UTC,0,,0,0,ABANDONED,0,ABANDONED,0,false,R0,9,5-30 sec,0,0,0,0,0,0,0,0,0,0,0,0,0,0,0,0,,0,,0,0,0,0,0,0,0,0,0,0,0,0,0,0,0,0,0
0652acff-c837-4916-85e0-4b1cfc1bbf6c,2025-10-08 11:21:47.111259 UTC,0,,0,0,ABANDONED,0,ABANDONED,0,false,R0,4,0-5 sec,0,0,0,0,0,0,0,0,0,0,0,0,0,0,0,0,,0,,0,0,0,0,0,0,0,0,0,0,0,0,0,0,0,0,0
7021a95c-934a-46da-87e4-40d3cbad8f41,2025-10-08 11:23:05.732695 UTC,0,,0,0,ABANDONED,0,ABANDONED,0,false,R0,0,0-5 sec,0,0,0,0,0,0,0,0,0,0,0,0,0,0,0,0,,0,,0,0,0,0,0,0,0,0,0,0,0,0,0,0,0,0,0
d78f3e24-0224-44d5-9798-1208250b19f6,2025-10-08 11:23:51.580093 UTC,0,,0,0,ABANDONED,0,ABANDONED,0,false,R0,7,5-30 sec,0,0,0,0,0,0,0,0,0,0,0,0,0,0,0,0,,0,,0,0,0,0,0,0,0,0,0,0,0,0,0,0,0,0,0
e4e9410f-037b-4366-8aa8-e32ff1ea8bf0,2025-10-08 11:49:03.130876 UTC,0,$session.params.escalate,0,0,ABANDONED,0,ABANDONED,0,false,R0,7,5-30 sec,0,0,0,0,0,0,0,0,0,0,0,0,0,0,0,0,,0,,0,0,0,0,0,0,0,0,0,0,0,0,0,0,0,0,0
ea30f2ad-5648-4bf2-9561-c7c7471c9d5e,2025-10-08 11:53:02.935954 UTC,0,,0,0,ABANDONED,0,ABANDONED,0,false,R0,28,5-30 sec,0,0,0,0,0,0,0,0,0,0,0,0,0,0,0,0,,0,,0,0,0,0,0,0,0,0,0,0,0,0,0,0,0,0,0
b4af3d7f-b97e-4ca3-8d63-651cb04e1d8a,2025-10-08 11:57:44.544998 UTC,0,$session.params.escalate,0,0,ABANDONED,0,ABANDONED,0,false,R0,22,5-30 sec,0,0,0,0,0,0,0,0,0,0,0,0,0,0,0,0,,0,,0,0,0,0,0,0,0,0,0,0,0,0,0,0,0,0,0
154e01c4-3bc4-418b-aecf-890caf23a2a8,2025-10-08 11:59:16.490649 UTC,0,$session.params.escalate,0,0,ABANDONED,0,ABANDONED,0,false,R0,9,5-30 sec,0,0,0,0,0,0,0,0,0,0,0,0,0,0,0,0,,0,,0,0,0,0,0,0,0,0,0,0,0,0,0,0,0,0,0
b265b152-33ae-4915-b1e0-5b7d71e2acdd,2025-10-08 12:01:19.121091 UTC,0,$session.params.escalate,0,0,ABANDONED,0,ABANDONED,0,false,R0,10,5-30 sec,0,0,0,0,0,0,0,0,0,0,0,0,0,0,0,0,,0,,0,0,0,0,0,0,0,0,0,0,0,0,0,0,0,0,0
6a69e7a9-b388-4d0e-a184-1d771b91b14e,2025-10-08 12:11:58.315166 UTC,0,false,0,0,ABANDONED,0,ABANDONED,0,false,R0,61,60-120 sec,0,0,0,0,0,0,0,0,0,0,0,0,0,0,0,0,false,0,false,0,0,0,0,0,0,0,0,0,0,0,0,0,0,0,0,0
e1e78c15-2542-4808-adfb-c2d9769656bc,2025-10-08 12:16:03.644317 UTC,0,REDACTED,0,0,,0,,0,REDACTED,,9,5-30 sec,0,0,0,0,0,0,0,0,0,0,0,0,0,0,0,0,,0,,0,0,0,0,0,0,0,0,0,0,0,0,0,0,0,0,0
b5107288-45a8-45a0-aa76-8392687900b6,2025-10-08 12:17:28.443035 UTC,0,,0,0,ABANDONED,0,ABANDONED,0,false,R0,6,5-30 sec,0,0,0,0,0,0,0,0,0,0,0,0,0,0,0,0,,0,,0,0,0,0,0,0,0,0,0,0,0,0,0,0,0,0,0
38025ec5-b247-478d-90ee-5d52c1166483,2025-10-08 12:19:27.342673 UTC,0,,0,0,ABANDONED,0,ABANDONED,0,false,R0,21,5-30 sec,0,0,0,0,0,0,0,0,0,0,0,0,0,0,0,0,,0,,0,0,0,0,0,0,0,0,0,0,0,0,0,0,0,0,0
e30ba012-1ef3-41f3-8828-d501e16cd858,2025-10-08 12:21:17.813412 UTC,0,$session.params.escalate,0,0,ABANDONED,0,ABANDONED,0,false,R0,23,5-30 sec,0,0,0,0,0,0,0,0,0,0,0,0,0,0,0,0,,0,,0,0,0,0,0,0,0,0,0,0,0,0,0,0,0,0,0
578abd44-8d68-470b-ab42-a3b92bbbeeee,2025-10-08 12:24:17.274039 UTC,0,$session.params.escalate,0,0,ABANDONED,0,ABANDONED,0,false,R0,7,5-30 sec,0,0,0,0,0,0,0,0,0,0,0,0,0,0,0,0,,0,,0,0,0,0,0,0,0,0,0,0,0,0,0,0,0,0,0
209e919f-1e0c-4f5a-8a8d-a1bd94ad5cd6,2025-10-08 12:24:28.496121 UTC,0,$session.params.escalate,0,0,ABANDONED,0,ABANDONED,0,false,R0,8,5-30 sec,0,0,0,0,0,0,0,0,0,0,0,0,0,0,0,0,,0,,0,0,0,0,0,0,0,0,0,0,0,0,0,0,0,0,0
b0a5bb0d-7376-474a-9cad-564824eb2f24,2025-10-08 12:34:39.191883 UTC,0,,0,0,ABANDONED,0,ABANDONED,0,false,R0,20,5-30 sec,0,0,0,0,0,0,0,0,0,0,0,0,0,0,0,0,,0,,0,0,0,0,0,0,0,0,0,0,0,0,0,0,0,0,0
11999d67-f5c0-442b-885a-b60709be17e4,2025-10-08 12:35:08.338147 UTC,0,$session.params.escalate,0,0,ABANDONED,0,ABANDONED,0,false,R0,18,5-30 sec,0,0,0,0,0,0,0,0,0,0,0,0,0,0,0,0,,0,,0,0,0,0,0,0,0,0,0,0,0,0,0,0,0,0,0
ea2028b5-5e1b-43e7-853a-e88a4bbde6e4,2025-10-08 12:36:53.674235 UTC,0,$session.params.escalate,0,0,ABANDONED,0,ABANDONED,0,false,R0,7,5-30 sec,0,0,0,0,0,0,0,0,0,0,0,0,0,0,0,0,,0,,0,0,0,0,0,0,0,0,0,0,0,0,0,0,0,0,0
906ec81d-2e95-40dc-a510-1d00e5b32dde,2025-10-08 12:53:51.875554 UTC,0,$session.params.escalate,0,0,ABANDONED,0,ABANDONED,0,false,R0,10,5-30 sec,0,0,0,0,0,0,0,0,0,0,0,0,0,0,0,0,,0,,0,0,0,0,0,0,0,0,0,0,0,0,0,0,0,0,0
d81cd83e-8dc6-4fc8-a066-ccab54beb983,2025-10-08 13:11:58.586942 UTC,0,$session.params.escalate,0,0,ABANDONED,0,ABANDONED,0,false,R0,7,5-30 sec,0,0,0,0,0,0,0,0,0,0,0,0,0,0,0,0,,0,,0,0,0,0,0,0,0,0,0,0,0,0,0,0,0,0,0
47a5633e-4eb6-4e45-8fff-edfe388c25b4,2025-10-08 13:12:18.193330 UTC,0,$session.params.escalate,0,0,ABANDONED,0,ABANDONED,0,false,R0,8,5-30 sec,0,0,0,0,0,0,0,0,0,0,0,0,0,0,0,0,,0,,0,0,0,0,0,0,0,0,0,0,0,0,0,0,0,0,0
1f86e0c4-d2a6-4dc2-89f6-5690e0200c25,2025-10-08 13:12:35.162058 UTC,0,,0,0,ABANDONED,0,ABANDONED,0,false,R0,0,0-5 sec,0,0,0,0,0,0,0,0,0,0,0,0,0,0,0,0,,0,,0,0,0,0,0,0,0,0,0,0,0,0,0,0,0,0,0
a9b97ee9-fa64-409b-88bd-8548f32bb370,2025-10-08 13:14:53.072723 UTC,0,,0,0,ABANDONED,0,ABANDONED,0,false,R0,0,0-5 sec,0,0,0,0,0,0,0,0,0,0,0,0,0,0,0,0,,0,,0,0,0,0,0,0,0,0,0,0,0,0,0,0,0,0,0
69a1aad3-f551-4687-a3ae-38d4311722b9,2025-10-08 13:15:25.595570 UTC,0,,0,0,ABANDONED,0,ABANDONED,0,false,R0,58,30-60 sec,0,0,0,0,0,0,0,0,0,0,0,0,0,0,0,0,,0,,0,0,0,0,0,0,0,0,0,0,0,0,0,0,0,0,0
081vQi9gnEZTyuoj8bnJ_ZonQ,2025-10-08 13:27:56.490556 UTC,0,,0,0,ABANDONED,0,ABANDONED,0,false,R0,175,>120 sec,0,0,0,0,0,0,0,0,0,0,0,0,0,0,0,0,,0,,0,0,0,0,0,0,0,0,0,0,0,0,0,0,0,0,0
103oyG7CUWWTnGxBOnb1euppg,2025-10-08 14:09:45.633880 UTC,0,,0,0,ABANDONED,0,ABANDONED,0,false,R0,118,60-120 sec,0,0,0,0,0,0,0,0,0,0,0,0,0,0,0,0,,0,,0,0,0,0,0,0,0,0,0,0,0,0,0,0,0,0,0
081y1D2IDNITRKGhTfJ2clrDQ,2025-10-08 14:12:46.299860 UTC,0,,0,0,ABANDONED,0,ABANDONED,0,false,R0,92,60-120 sec,0,0,0,0,0,0,0,0,0,0,0,0,0,0,0,0,,0,,0,0,0,0,0,0,0,0,0,0,0,0,0,0,0,0,0
119_2j_FbwLQgWyOdbKaEBmRw,2025-10-08 14:20:39.474828 UTC,0,,0,0,ABANDONED,0,ABANDONED,0,false,R0,89,60-120 sec,0,0,0,0,0,0,0,0,0,0,0,0,0,0,0,0,,0,,0,0,0,0,0,0,0,0,0,0,0,0,0,0,0,0,0
103P5p2WVkJQk6f6REkE2L4ng,2025-10-08 14:25:59.914204 UTC,0,,0,0,ABANDONED,0,ABANDONED,0,false,R0,96,60-120 sec,0,0,0,0,0,0,0,0,0,0,0,0,0,0,0,0,,0,,0,0,0,0,0,0,0,0,0,0,0,0,0,0,0,0,0
119wcVFERaiRrOUKrNMoltsdw,2025-10-08 14:32:09.005528 UTC,0,,0,0,ABANDONED,0,ABANDONED,0,false,R0,94,60-120 sec,0,0,0,0,0,0,0,0,0,0,0,0,0,0,0,0,,0,,0,0,0,0,0,0,0,0,0,0,0,0,0,0,0,0,0
0652f6uzzQURVi4pMa0VQf48A,2025-10-08 14:44:33.683928 UTC,0,$session.params.escalate,0,0,ABANDONED,0,ABANDONED,0,false,R0,59,30-60 sec,0,0,0,0,0,0,0,0,0,0,0,0,0,0,0,0,,0,,0,0,0,0,0,0,0,0,0,0,0,0,0,0,0,0,0
119iugkwXU3SbKekSIY9mNBMw,2025-10-08 14:46:49.152277 UTC,0,true,0,0,ABANDONED,0,ABANDONED,0,false,R0,147,>120 sec,0,0,0,0,0,0,0,0,0,0,0,0,0,0,0,0,,0,,0,0,0,0,0,0,0,0,0,0,0,0,0,0,0,0,0
081KfnvQ2bTTyaPZPzwZTKg3Q,2025-10-08 14:47:50.758476 UTC,0,,0,0,ABANDONED,0,ABANDONED,0,false,R0,97,60-120 sec,0,0,0,0,0,0,0,0,0,0,0,0,0,0,0,0,,0,,0,0,0,0,0,0,0,0,0,0,0,0,0,0,0,0,0
0653hHGKOJERnid9Cwwc7C_AA,2025-10-08 14:51:27.733422 UTC,0,,0,0,ABANDONED,0,ABANDONED,0,false,R0,321,>120 sec,0,0,0,0,0,0,0,0,0,0,0,0,0,0,0,0,,0,,0,0,0,0,0,0,0,0,0,0,0,0,0,0,0,0,0
065lOuwS_-yT8aPGjBIoSO_1A,2025-10-08 14:52:35.842080 UTC,0,,0,0,ABANDONED,0,ABANDONED,0,false,R0,109,60-120 sec,0,0,0,0,0,0,0,0,0,0,0,0,0,0,0,0,,0,,0,0,0,0,0,0,0,0,0,0,0,0,0,0,0,0,0
081oCkkhVcLRIiV4Lcp7c1bUQ,2025-10-08 15:09:11.987343 UTC,0,true,0,0,ABANDONED,0,ABANDONED,0,false,R0,264,>120 sec,0,0,0,0,0,0,0,0,0,0,0,0,0,0,0,0,,0,,0,0,0,0,0,0,0,0,0,0,0,0,0,0,0,0,0
081HaeLjS4mR1G2TqXzgYKIGQ,2025-10-08 15:19:23.764850 UTC,0,true,0,0,ABANDONED,0,ABANDONED,0,false,R0,122,>120 sec,0,0,0,0,0,0,0,0,0,0,0,0,0,0,0,0,,0,,0,0,0,0,0,0,0,0,0,0,0,0,0,0,0,0,0
0815SaQ3OX8Q1eVBYNBJt2P4Q,2025-10-08 16:01:36.862650 UTC,0,false,0,0,ABANDONED,0,ABANDONED,0,false,R0,141,>120 sec,0,0,0,0,0,0,0,0,0,0,0,0,0,0,0,0,false,0,false,0,0,0,0,0,0,0,0,0,0,0,0,0,0,0,0,0
103Y2KZXXyLTKqFfHA-BgLeag,2025-10-08 16:05:53.238576 UTC,0,$session.params.escalate,0,0,ABANDONED,0,ABANDONED,0,false,R0,153,>120 sec,0,0,0,0,0,0,0,0,0,0,0,0,0,0,0,0,,0,,0,0,0,0,0,0,0,0,0,0,0,0,0,0,0,0,0
081GVebaKkVTIq4IBvmhbUshQ,2025-10-08 16:10:07.523563 UTC,0,,0,0,ABANDONED,0,ABANDONED,0,false,R0,106,60-120 sec,0,0,0,0,0,0,0,0,0,0,0,0,0,0,0,0,,0,,0,0,0,0,0,0,0,0,0,0,0,0,0,0,0,0,0
103afLjJ5wtTOKA-KPk43lZjg,2025-10-08 16:21:11.168470 UTC,0,$session.params.escalate,0,0,ABANDONED,0,ABANDONED,0,false,R0,301,>120 sec,0,0,0,0,0,0,0,0,0,0,0,0,0,0,0,0,,0,,0,0,0,0,0,0,0,0,0,0,0,0,0,0,0,0,0
081ED1Ur4WLT7mxIMQMg0KQcQ,2025-10-08 16:39:08.841242 UTC,0,,0,0,ABANDONED,0,ABANDONED,0,false,R0,269,>120 sec,0,0,0,0,0,0,0,0,0,0,0,0,0,0,0,0,,0,,0,0,0,0,0,0,0,0,0,0,0,0,0,0,0,0,0
065JZeHPxJvSYusJednhXnfiA,2025-10-08 17:24:48.101591 UTC,0,,0,0,ABANDONED,0,ABANDONED,0,false,R0,160,>120 sec,0,0,0,0,0,0,0,0,0,0,0,0,0,0,0,0,,0,,0,0,0,0,0,0,0,0,0,0,0,0,0,0,0,0,0
103TyRtvA76TgmAXPlpsPe_qg,2025-10-08 17:28:31.270892 UTC,0,true,0,0,ABANDONED,0,ABANDONED,0,false,R0,198,>120 sec,0,0,0,0,0,0,0,0,0,0,0,0,0,0,0,0,,0,,0,0,0,0,0,0,0,0,0,0,0,0,0,0,0,0,0
119H2lThnI8TYuIjpaXKDXkNw,2025-10-08 17:38:40.042120 UTC,0,,0,0,ABANDONED,0,ABANDONED,0,false,R0,170,>120 sec,0,0,0,0,0,0,0,0,0,0,0,0,0,0,0,0,,0,,0,0,0,0,0,0,0,0,0,0,0,0,0,0,0,0,0
081jzLJKKMCRQaNRrbcmO8FlQ,2025-10-08 17:42:15.170004 UTC,0,,0,0,ABANDONED,0,ABANDONED,0,false,R0,0,0-5 sec,0,0,0,0,0,0,0,0,0,0,0,0,0,0,0,0,,0,,0,0,0,0,0,0,0,0,0,0,0,0,0,0,0,0,0
119WbxpKBlXQWesJdULK7h-jw,2025-10-08 17:42:54.124134 UTC,0,,0,0,ABANDONED,0,ABANDONED,0,false,R0,58,30-60 sec,0,0,0,0,0,0,0,0,0,0,0,0,0,0,0,0,,0,,0,0,0,0,0,0,0,0,0,0,0,0,0,0,0,0,0
065pnGmvyNzR76IemFebpFxFA,2025-10-08 17:47:53.791783 UTC,0,$session.params.escalate,0,0,ABANDONED,0,ABANDONED,0,false,R0,184,>120 sec,0,0,0,0,0,0,0,0,0,0,0,0,0,0,0,0,,0,,0,0,0,0,0,0,0,0,0,0,0,0,0,0,0,0,0
119TXPi6GZ0S460e8--nX3Ivw,2025-10-08 17:54:47.310473 UTC,0,,0,0,ABANDONED,0,ABANDONED,0,false,R0,147,>120 sec,0,0,0,0,0,0,0,0,0,0,0,0,0,0,0,0,,0,,0,0,0,0,0,0,0,0,0,0,0,0,0,0,0,0,0
081whja1Ab-T7Sf0EZd26ZjYQ,2025-10-08 18:07:28.063098 UTC,0,$session.params.escalate,0,0,ABANDONED,0,ABANDONED,0,false,R0,121,>120 sec,0,0,0,0,0,0,0,0,0,0,0,0,0,0,0,0,,0,,0,0,0,0,0,0,0,0,0,0,0,0,0,0,0,0,0
119RC33ntIPRyadq6f7Bsyjiw,2025-10-08 18:11:47.299677 UTC,0,,0,0,ABANDONED,0,ABANDONED,0,false,R0,66,60-120 sec,0,0,0,0,0,0,0,0,0,0,0,0,0,0,0,0,,0,,0,0,0,0,0,0,0,0,0,0,0,0,0,0,0,0,0
0650jHEyH2PQ76GK5jO3tE4cA,2025-10-08 18:15:09.365265 UTC,0,,0,0,ABANDONED,0,ABANDONED,0,false,R0,286,>120 sec,0,0,0,0,0,0,0,0,0,0,0,0,0,0,0,0,,0,,0,0,0,0,0,0,0,0,0,0,0,0,0,0,0,0,0
103EZ30SngDSsia1Xu9J6jFlg,2025-10-08 18:28:13.487985 UTC,0,$session.params.escalate,0,0,ABANDONED,0,ABANDONED,0,false,R0,151,>120 sec,0,0,0,0,0,0,0,0,0,0,0,0,0,0,0,0,,0,,0,0,0,0,0,0,0,0,0,0,0,0,0,0,0,0,0
081r-ZJTo76T1ye4h9bHaN2ZQ,2025-10-08 18:33:19.954740 UTC,0,$session.params.escalate,0,0,ABANDONED,0,ABANDONED,0,false,R0,145,>120 sec,0,0,0,0,0,0,0,0,0,0,0,0,0,0,0,0,,0,,0,0,0,0,0,0,0,0,0,0,0,0,0,0,0,0,0
065BYNfmPvjQwyA_IqsjMSxrA,2025-10-08 18:43:47.870893 UTC,0,,0,0,ABANDONED,0,ABANDONED,0,false,R0,5,0-5 sec,0,0,0,0,0,0,0,0,0,0,0,0,0,0,0,0,,0,,0,0,0,0,0,0,0,0,0,0,0,0,0,0,0,0,0
081dgxnjfiKTvyqq_awcC6CoQ,2025-10-08 18:45:07.051616 UTC,0,,0,0,ABANDONED,0,ABANDONED,0,false,R0,194,>120 sec,0,0,0,0,0,0,0,0,0,0,0,0,0,0,0,0,,0,,0,0,0,0,0,0,0,0,0,0,0,0,0,0,0,0,0
9cdd9a5f-866e-4531-a388-47923793bc5c,2025-10-08 19:29:24.531598 UTC,0,,0,0,ABANDONED,0,ABANDONED,0,false,R0,123,>120 sec,0,0,0,0,0,0,0,0,0,0,0,0,0,0,0,0,,0,,0,0,0,0,0,0,0,0,0,0,0,0,0,0,0,0,0
db51c6d3-8197-4775-8e34-401567cb0723,2025-10-08 19:32:08.561425 UTC,0,,0,0,ABANDONED,0,ABANDONED,0,false,R0,26,5-30 sec,0,0,0,0,0,0,0,0,0,0,0,0,0,0,0,0,,0,,0,0,0,0,0,0,0,0,0,0,0,0,0,0,0,0,0
ba420adb-9396-4b15-a145-7e004cac2852,2025-10-08 19:33:48.607886 UTC,0,,0,0,ABANDONED,0,ABANDONED,0,false,R0,22,5-30 sec,0,0,0,0,0,0,0,0,0,0,0,0,0,0,0,0,,0,,0,0,0,0,0,0,0,0,0,0,0,0,0,0,0,0,0
58e4e073-e599-4887-984f-9773775456fc,2025-10-08 19:49:56.757560 UTC,0,,0,0,ABANDONED,0,ABANDONED,0,false,R0,22,5-30 sec,0,0,0,0,0,0,0,0,0,0,0,0,0,0,0,0,,0,,0,0,0,0,0,0,0,0,0,0,0,0,0,0,0,0,0
1369de6e-61ba-48c7-8ba6-aa0c06f04bbe,2025-10-08 19:50:23.834648 UTC,0,,0,0,ABANDONED,0,ABANDONED,0,false,R0,22,5-30 sec,0,0,0,0,0,0,0,0,0,0,0,0,0,0,0,0,,0,,0,0,0,0,0,0,0,0,0,0,0,0,0,0,0,0,0
29aedfff-7364-434e-927c-fc02f83416bd,2025-10-08 19:51:31.429911 UTC,0,,0,0,ABANDONED,0,ABANDONED,0,false,R0,20,5-30 sec,0,0,0,0,0,0,0,0,0,0,0,0,0,0,0,0,,0,,0,0,0,0,0,0,0,0,0,0,0,0,0,0,0,0,0
b5c9a24d-0f2d-4c4c-8722-b939d1bc359e,2025-10-08 19:57:20.300457 UTC,0,,0,0,ABANDONED,0,ABANDONED,0,false,R0,22,5-30 sec,0,0,0,0,0,0,0,0,0,0,0,0,0,0,0,0,,0,,0,0,0,0,0,0,0,0,0,0,0,0,0,0,0,0,0
fee50d51-89ba-4955-bb6d-e339ed778028,2025-10-08 19:58:53.799615 UTC,0,,0,0,ABANDONED,0,ABANDONED,0,false,R0,24,5-30 sec,0,0,0,0,0,0,0,0,0,0,0,0,0,0,0,0,,0,,0,0,0,0,0,0,0,0,0,0,0,0,0,0,0,0,0
45671abd-4451-41cb-a80f-ba80bcb1225b,2025-10-08 20:00:21.258099 UTC,0,,0,0,ABANDONED,0,ABANDONED,0,false,R0,23,5-30 sec,0,0,0,0,0,0,0,0,0,0,0,0,0,0,0,0,,0,,0,0,0,0,0,0,0,0,0,0,0,0,0,0,0,0,0
5b8c25a4-6d5b-4b2b-9778-28d43cf62dcc,2025-10-08 20:13:00.271839 UTC,0,,0,0,ABANDONED,0,ABANDONED,0,false,R0,23,5-30 sec,0,0,0,0,0,0,0,0,0,0,0,0,0,0,0,0,,0,,0,0,0,0,0,0,0,0,0,0,0,0,0,0,0,0,0
14e19591-c4d9-4054-87a0-5d8b56f21d6f,2025-10-08 21:13:53.462925 UTC,0,,0,0,ABANDONED,0,ABANDONED,0,false,R0,57,30-60 sec,0,0,0,0,0,0,0,0,0,0,0,0,0,0,0,0,,0,,0,0,0,0,0,0,0,0,0,0,0,0,0,0,0,0,0
7a97a425-545b-4c0f-9926-5176e8d1cf90,2025-10-08 21:16:24.729938 UTC,0,,0,0,ABANDONED,0,ABANDONED,0,false,R0,7,5-30 sec,0,0,0,0,0,0,0,0,0,0,0,0,0,0,0,0,,0,,0,0,0,0,0,0,0,0,0,0,0,0,0,0,0,0,0
d77cd5bb-0a39-48d0-83c9-626d4df30677,2025-10-08 21:20:45.983485 UTC,0,,0,0,ABANDONED,0,ABANDONED,0,false,R0,7,5-30 sec,0,0,0,0,0,0,0,0,0,0,0,0,0,0,0,0,,0,,0,0,0,0,0,0,0,0,0,0,0,0,0,0,0,0,0
119HS-gNQY8ROOGuOtD2r3p8w,2025-10-08 21:21:56.395828 UTC,0,,0,0,ABANDONED,0,ABANDONED,0,false,R0,77,60-120 sec,0,0,0,0,0,0,0,0,0,0,0,0,0,0,0,0,,0,,0,0,0,0,0,0,0,0,0,0,0,0,0,0,0,0,0
119W8VfweN8RAe6f9Qdcx7lCw,2025-10-08 21:23:55.787680 UTC,0,,0,0,ABANDONED,0,ABANDONED,0,false,R0,95,60-120 sec,0,0,0,0,0,0,0,0,0,0,0,0,0,0,0,0,,0,,0,0,0,0,0,0,0,0,0,0,0,0,0,0,0,0,0
ad787d76-675e-4f65-9bc9-ca1a9a05667e,2025-10-08 21:30:20.854950 UTC,0,false,0,0,ABANDONED,0,ABANDONED,0,false,R0,80,60-120 sec,0,0,0,0,0,0,0,0,0,0,0,0,0,0,0,0,false,0,false,0,0,0,0,0,0,0,0,0,0,0,0,0,0,0,0,0
d153789e-ef97-4b13-b204-90bde87898f5,2025-10-08 21:34:26.484643 UTC,0,,0,0,ABANDONED,0,ABANDONED,0,false,R0,81,60-120 sec,0,0,0,0,0,0,0,0,0,0,0,0,0,0,0,0,,0,,0,0,0,0,0,0,0,0,0,0,0,0,0,0,0,0,0
cca72626-9b5b-4c88-9cea-350f1250497a,2025-10-08 21:36:40.367076 UTC,0,,0,0,ABANDONED,0,ABANDONED,0,false,R0,51,30-60 sec,0,0,0,0,0,0,0,0,0,0,0,0,0,0,0,0,,0,,0,0,0,0,0,0,0,0,0,0,0,0,0,0,0,0,0
9bf71ad9-92fd-4181-a415-8c0bdc87aabc,2025-10-08 21:37:48.583070 UTC,0,,0,0,ABANDONED,0,ABANDONED,0,false,R0,21,5-30 sec,0,0,0,0,0,0,0,0,0,0,0,0,0,0,0,0,,0,,0,0,0,0,0,0,0,0,0,0,0,0,0,0,0,0,0
3e00e660-5b99-4fd5-af10-bcab7683676a,2025-10-08 21:38:23.713231 UTC,0,,0,0,ABANDONED,0,ABANDONED,0,false,R0,1073,>120 sec,0,0,0,0,0,0,0,0,0,0,0,0,0,0,0,0,,0,,0,0,0,0,0,0,0,0,0,0,0,0,0,0,0,0,0
5e602241-4dbf-4d02-bbd7-eaf59f0d7526,2025-10-08 21:59:19.241696 UTC,0,,0,0,ABANDONED,0,ABANDONED,0,false,R0,16,5-30 sec,0,0,0,0,0,0,0,0,0,0,0,0,0,0,0,0,,0,,0,0,0,0,0,0,0,0,0,0,0,0,0,0,0,0,0
f5330d04-de5f-4921-9b6c-ad6ff2045e62,2025-10-08 21:59:45.461557 UTC,0,,0,0,ABANDONED,0,ABANDONED,0,false,R0,16,5-30 sec,0,0,0,0,0,0,0,0,0,0,0,0,0,0,0,0,,0,,0,0,0,0,0,0,0,0,0,0,0,0,0,0,0,0,0
38c6b346-fdf3-4298-95e9-42bd0f579f0b,2025-10-08 22:00:18.651811 UTC,0,,0,0,ABANDONED,0,ABANDONED,0,false,R0,57,30-60 sec,0,0,0,0,0,0,0,0,0,0,0,0,0,0,0,0,,0,,0,0,0,0,0,0,0,0,0,0,0,0,0,0,0,0,0
23759f31-6804-4c87-a72d-48ea14e23138,2025-10-08 22:01:56.045964 UTC,0,,0,0,ABANDONED,0,ABANDONED,0,false,R0,16,5-30 sec,0,0,0,0,0,0,0,0,0,0,0,0,0,0,0,0,,0,,0,0,0,0,0,0,0,0,0,0,0,0,0,0,0,0,0
e9d8cfa5-e5c9-42a5-9ca5-50405ccb26a8,2025-10-08 22:02:21.162180 UTC,0,,0,0,ABANDONED,0,ABANDONED,0,false,R0,212,>120 sec,0,0,0,0,0,0,0,0,0,0,0,0,0,0,0,0,,0,,0,0,0,0,0,0,0,0,0,0,0,0,0,0,0,0,0
19356487-c47d-4478-a163-0cae6f6866c7,2025-10-08 22:07:52.140867 UTC,0,,0,0,ABANDONED,0,ABANDONED,0,false,R0,20,5-30 sec,0,0,0,0,0,0,0,0,0,0,0,0,0,0,0,0,,0,,0,0,0,0,0,0,0,0,0,0,0,0,0,0,0,0,0
57769a09-92f1-4a2a-9f87-e8445f665dd4,2025-10-08 22:08:16.274646 UTC,0,,0,0,ABANDONED,0,ABANDONED,0,false,R0,14,5-30 sec,0,0,0,0,0,0,0,0,0,0,0,0,0,0,0,0,,0,,0,0,0,0,0,0,0,0,0,0,0,0,0,0,0,0,0
77cb214a-35d3-4059-8448-3ee2d42f378c,2025-10-08 22:16:33.268039 UTC,0,$session.params.escalate,0,0,ABANDONED,0,ABANDONED,0,false,R0,68,60-120 sec,0,0,0,0,0,0,0,0,0,0,0,0,0,0,0,0,,0,,0,0,0,0,0,0,0,0,0,0,0,0,0,0,0,0,0
119okOK5UD9RY2HuLNwBOA1fw,2025-10-09 07:37:12.662940 UTC,0,false,0,0,ABANDONED,0,ABANDONED,0,false,R0,102,60-120 sec,0,0,0,0,0,0,0,0,0,0,0,0,0,0,0,0,false,0,false,0,0,0,0,0,0,0,0,0,0,0,0,0,0,0,0,0
081HZMW3li_RnmtKPoSEMAEqQ,2025-10-09 09:49:51.014403 UTC,0,false,0,0,ABANDONED,0,ABANDONED,0,false,R0,228,>120 sec,0,0,0,0,0,0,0,0,0,0,0,0,0,0,0,0,false,0,false,0,0,0,0,0,0,0,0,0,0,0,0,0,0,0,0,0
065TRCBU7IMQaGrBXtYsfF-5A,2025-10-09 09:54:42.825420 UTC,0,true,0,0,ABANDONED,0,ABANDONED,0,false,R0,57,30-60 sec,0,0,0,0,0,0,0,0,0,0,0,0,0,0,0,0,,0,,0,0,0,0,0,0,0,0,0,0,0,0,0,0,0,0,0
081DX4mGQCWRWq8Yr4Y_xi_bQ,2025-10-09 10:04:31.358666 UTC,0,$session.params.escalate,0,0,ABANDONED,0,ABANDONED,0,false,R0,60,30-60 sec,0,0,0,0,0,0,0,0,0,0,0,0,0,0,0,0,,0,,0,0,0,0,0,0,0,0,0,0,0,0,0,0,0,0,0
103h1ESweutSPCwMYMZt2Breg,2025-10-09 10:06:38.802002 UTC,0,$session.params.escalate,0,0,ABANDONED,0,ABANDONED,0,false,R0,56,30-60 sec,0,0,0,0,0,0,0,0,0,0,0,0,0,0,0,0,,0,,0,0,0,0,0,0,0,0,0,0,0,0,0,0,0,0,0
065w8eS9IBJSyGHNbFNj9_mlA,2025-10-09 10:08:35.053083 UTC,0,true,0,0,ABANDONED,0,ABANDONED,0,false,R0,165,>120 sec,0,0,0,0,0,0,0,0,0,0,0,0,0,0,0,0,,0,,0,0,0,0,0,0,0,0,0,0,0,0,0,0,0,0,0
103DT12FmPNTdW3w0JJwEHgig,2025-10-09 10:14:13.929931 UTC,0,,0,0,ABANDONED,0,ABANDONED,0,false,R0,423,>120 sec,0,0,0,0,0,0,0,0,0,0,0,0,0,0,0,0,,0,,0,0,0,0,0,0,0,0,0,0,0,0,0,0,0,0,0
080f6bad-d9f2-478b-a9da-916bf8a24b11,2025-10-09 10:34:40.331701 UTC,0,$session.params.escalate,0,0,ABANDONED,0,ABANDONED,0,false,R0,422,>120 sec,0,0,0,0,0,0,0,0,0,0,0,0,0,0,0,0,,0,,0,0,0,0,0,0,0,0,0,0,0,0,0,0,0,0,0
ce67ee07-52f8-4a85-8933-84259ee8ae9e,2025-10-09 10:42:05.043730 UTC,0,,0,0,ABANDONED,0,ABANDONED,0,false,R0,10,5-30 sec,0,0,0,0,0,0,0,0,0,0,0,0,0,0,0,0,,0,,0,0,0,0,0,0,0,0,0,0,0,0,0,0,0,0,0
217bfa53-1422-4315-931b-10b06ea304b7,2025-10-09 10:42:30.458451 UTC,0,,0,0,ABANDONED,0,ABANDONED,0,false,R0,11,5-30 sec,0,0,0,0,0,0,0,0,0,0,0,0,0,0,0,0,,0,,0,0,0,0,0,0,0,0,0,0,0,0,0,0,0,0,0
33a5456a-d56f-404a-9e23-3ab972cedd1d,2025-10-09 10:42:47.941189 UTC,0,,0,0,ABANDONED,0,ABANDONED,0,false,R0,338,>120 sec,0,0,0,0,0,0,0,0,0,0,0,0,0,0,0,0,,0,,0,0,0,0,0,0,0,0,0,0,0,0,0,0,0,0,0
53610c34-71a4-4e27-9882-e50755c2b8ac,2025-10-09 10:49:01.948425 UTC,0,,0,0,ABANDONED,0,ABANDONED,0,false,R0,8,5-30 sec,0,0,0,0,0,0,0,0,0,0,0,0,0,0,0,0,,0,,0,0,0,0,0,0,0,0,0,0,0,0,0,0,0,0,0
4f4597ba-6c73-422b-b7e9-d47b1548bcea,2025-10-09 10:50:13.962916 UTC,0,,0,0,ABANDONED,0,ABANDONED,0,false,R0,35,30-60 sec,0,0,0,0,0,0,0,0,0,0,0,0,0,0,0,0,,0,,0,0,0,0,0,0,0,0,0,0,0,0,0,0,0,0,0
103rFiuahvzRlC5fLkcfMtx6g,2025-10-09 10:51:50.580601 UTC,0,$session.params.escalate,0,0,ABANDONED,0,ABANDONED,0,false,R0,134,>120 sec,0,0,0,0,0,0,0,0,0,0,0,0,0,0,0,0,,0,,0,0,0,0,0,0,0,0,0,0,0,0,0,0,0,0,0
0818PIHJVeJQCqptrx2GQCjJQ,2025-10-09 10:54:59.236132 UTC,0,$session.params.escalate,0,0,ABANDONED,0,ABANDONED,0,false,R0,138,>120 sec,0,0,0,0,0,0,0,0,0,0,0,0,0,0,0,0,,0,,0,0,0,0,0,0,0,0,0,0,0,0,0,0,0,0,0
081s730SqNdSKCRvWepDgkYgQ,2025-10-09 11:04:34.481068 UTC,0,$session.params.escalate,0,0,ABANDONED,0,ABANDONED,0,false,R0,226,>120 sec,0,0,0,0,0,0,0,0,0,0,0,0,0,0,0,0,,0,,0,0,0,0,0,0,0,0,0,0,0,0,0,0,0,0,0
065wDFUWvBtS3ic6wJrXSaz4A,2025-10-09 11:33:02.694906 UTC,0,$session.params.escalate,0,0,ABANDONED,0,ABANDONED,0,false,R0,202,>120 sec,0,0,0,0,0,0,0,0,0,0,0,0,0,0,0,0,,0,,0,0,0,0,0,0,0,0,0,0,0,0,0,0,0,0,0
103Nkm9VktnQnCtFDamFbhjBg,2025-10-09 11:49:23.841902 UTC,0,,0,0,ABANDONED,0,ABANDONED,0,false,R0,275,>120 sec,0,0,0,0,0,0,0,0,0,0,0,0,0,0,0,0,,0,,0,0,0,0,0,0,0,0,0,0,0,0,0,0,0,0,0
119-IysrbidTvuOxiBQvzeVdw,2025-10-09 11:55:47.110577 UTC,0,$session.params.escalate,0,0,ABANDONED,0,ABANDONED,0,false,R0,168,>120 sec,0,0,0,0,0,0,0,0,0,0,0,0,0,0,0,0,,0,,0,0,0,0,0,0,0,0,0,0,0,0,0,0,0,0,0
348d9472-2ea4-43d6-9406-760f6f3046e8,2025-10-09 12:22:26.321960 UTC,0,,0,0,ABANDONED,0,ABANDONED,0,false,R0,83,60-120 sec,0,0,0,0,0,0,0,0,0,0,0,0,0,0,0,0,,0,,0,0,0,0,0,0,0,0,0,0,0,0,0,0,0,0,0
4ac92ac6-514d-473b-850f-cd9c3deecebc,2025-10-09 12:24:31.862048 UTC,0,,0,0,ABANDONED,0,ABANDONED,0,false,R0,169,>120 sec,0,0,0,0,0,0,0,0,0,0,0,0,0,0,0,0,,0,,0,0,0,0,0,0,0,0,0,0,0,0,0,0,0,0,0
6df49dac-3d41-4d5d-8661-f8a39ea59123,2025-10-09 12:27:29.884016 UTC,0,,0,0,ABANDONED,0,ABANDONED,0,false,R0,326,>120 sec,0,0,0,0,0,0,0,0,0,0,0,0,0,0,0,0,,0,,0,0,0,0,0,0,0,0,0,0,0,0,0,0,0,0,0
6a92ed64-615b-4c72-8b33-396166968a17,2025-10-09 13:35:07.942672 UTC,0,,0,0,ABANDONED,0,ABANDONED,0,false,R0,44,30-60 sec,0,0,0,0,0,0,0,0,0,0,0,0,0,0,0,0,,0,,0,0,0,0,0,0,0,0,0,0,0,0,0,0,0,0,0
f0bfd556-9a1c-48d2-8acb-ae8b065aa96b,2025-10-09 13:36:30.741313 UTC,0,$session.params.escalate,0,0,ABANDONED,0,ABANDONED,0,false,R0,351,>120 sec,0,0,0,0,0,0,0,0,0,0,0,0,0,0,0,0,,0,,0,0,0,0,0,0,0,0,0,0,0,0,0,0,0,0,0
3f42b373-0844-450c-afec-1579408c70d2,2025-10-09 13:43:22.536062 UTC,0,$session.params.escalate,0,0,ABANDONED,0,ABANDONED,0,false,R0,20,5-30 sec,0,0,0,0,0,0,0,0,0,0,0,0,0,0,0,0,,0,,0,0,0,0,0,0,0,0,0,0,0,0,0,0,0,0,0
ea924bcd-e778-4834-a775-5a0372184709,2025-10-09 13:48:13.746538 UTC,0,true,0,0,ABANDONED,0,ABANDONED,0,false,R0,17,5-30 sec,0,0,0,0,0,0,0,0,0,0,0,0,0,0,0,0,,0,,0,0,0,0,0,0,0,0,0,0,0,0,0,0,0,0,0
8ec721bd-787c-4779-bfdb-aca32fdfcdf1,2025-10-09 13:49:02.268674 UTC,0,,0,0,ABANDONED,0,ABANDONED,0,false,R0,114,60-120 sec,0,0,0,0,0,0,0,0,0,0,0,0,0,0,0,0,,0,,0,0,0,0,0,0,0,0,0,0,0,0,0,0,0,0,0
e2bfab5a-e199-413b-9fc9-3679692e3f38,2025-10-09 13:51:03.325115 UTC,0,$session.params.escalate,0,0,ABANDONED,0,ABANDONED,0,false,R0,5305,>120 sec,0,0,0,0,0,0,0,0,0,0,0,0,0,0,0,0,,0,,0,0,0,0,0,0,0,0,0,0,0,0,0,0,0,0,0
ebc29d68-3566-4763-bdb7-ded76e7f0505,2025-10-09 15:48:41.403387 UTC,0,,0,0,ABANDONED,0,ABANDONED,0,false,R0,12,5-30 sec,0,0,0,0,0,0,0,0,0,0,0,0,0,0,0,0,,0,,0,0,0,0,0,0,0,0,0,0,0,0,0,0,0,0,0
d61058fb-f422-4a22-b413-04c2a2b77584,2025-10-09 18:16:54.927107 UTC,0,,0,0,ABANDONED,0,ABANDONED,0,false,R0,102,60-120 sec,0,0,0,0,0,0,0,0,0,0,0,0,0,0,0,0,,0,,0,0,0,0,0,0,0,0,0,0,0,0,0,0,0,0,0
fc3e9d64-ffaf-41bf-a399-9abb8b58619c,2025-10-09 18:18:43.886562 UTC,0,,0,0,ABANDONED,0,ABANDONED,0,false,R0,8,5-30 sec,0,0,0,0,0,0,0,0,0,0,0,0,0,0,0,0,,0,,0,0,0,0,0,0,0,0,0,0,0,0,0,0,0,0,0
1956576e-618a-4502-ac74-dd0684a405b0,2025-10-09 18:19:06.788815 UTC,0,,0,0,ABANDONED,0,ABANDONED,0,false,R0,7,5-30 sec,0,0,0,0,0,0,0,0,0,0,0,0,0,0,0,0,,0,,0,0,0,0,0,0,0,0,0,0,0,0,0,0,0,0,0
eecf2892-9e4c-414e-b494-6791f6141521,2025-10-09 18:19:19.066426 UTC,0,,0,0,ABANDONED,0,ABANDONED,0,false,R0,16,5-30 sec,0,0,0,0,0,0,0,0,0,0,0,0,0,0,0,0,,0,,0,0,0,0,0,0,0,0,0,0,0,0,0,0,0,0,0
44a8a897-565d-4b09-b2fb-aeb842d8d0d7,2025-10-09 18:19:42.579745 UTC,0,,0,0,ABANDONED,0,ABANDONED,0,false,R0,12,5-30 sec,0,0,0,0,0,0,0,0,0,0,0,0,0,0,0,0,,0,,0,0,0,0,0,0,0,0,0,0,0,0,0,0,0,0,0
9e7c8fa6-6a03-4d1f-85a3-32407ad8745c,2025-10-09 18:20:00.107279 UTC,0,$session.params.escalate,0,0,ABANDONED,0,ABANDONED,0,false,R0,32,30-60 sec,0,0,0,0,0,0,0,0,0,0,0,0,0,0,0,0,,0,,0,0,0,0,0,0,0,0,0,0,0,0,0,0,0,0,0
6492cede-58c2-4dae-9080-3bc6ace8553d,2025-10-09 18:20:42.820472 UTC,0,false,0,0,ABANDONED,0,ABANDONED,0,false,R0,11,5-30 sec,0,0,0,0,0,0,0,0,0,0,0,0,0,0,0,0,,0,,0,0,0,0,0,0,0,0,0,0,0,0,0,0,0,0,0
26eaf4dd-9157-4dc9-aca6-4fa53be5ed75,2025-10-09 18:21:12.210976 UTC,0,$session.params.escalate,0,0,ABANDONED,0,ABANDONED,0,false,R0,11,5-30 sec,0,0,0,0,0,0,0,0,0,0,0,0,0,0,0,0,,0,,0,0,0,0,0,0,0,0,0,0,0,0,0,0,0,0,0
fb70f0f7-a92b-4530-9b46-eaa8a5682b73,2025-10-09 18:21:40.853798 UTC,0,true,0,0,ABANDONED,0,ABANDONED,0,false,R0,12,5-30 sec,0,0,0,0,0,0,0,0,0,0,0,0,0,0,0,0,,0,,0,0,0,0,0,0,0,0,0,0,0,0,0,0,0,0,0
437bd857-53d9-47b5-9a58-a327f7122e6e,2025-10-09 18:22:29.126241 UTC,0,$session.params.escalate,0,0,ABANDONED,0,ABANDONED,0,false,R0,12,5-30 sec,0,0,0,0,0,0,0,0,0,0,0,0,0,0,0,0,,0,,0,0,0,0,0,0,0,0,0,0,0,0,0,0,0,0,0
b68976f9-c8e2-4719-bae5-3ce6d17a7c3a,2025-10-09 18:27:23.736577 UTC,0,$session.params.escalate,0,0,ABANDONED,0,ABANDONED,0,false,R0,763,>120 sec,0,0,0,0,0,0,0,0,0,0,0,0,0,0,0,0,,0,,0,0,0,0,0,0,0,0,0,0,0,0,0,0,0,0,0
d5b4f949-a7ab-483e-90d6-2105d1f5a4e4,2025-10-09 18:58:47.420899 UTC,0,REDACTED,0,0,,0,,0,REDACTED,,11,5-30 sec,0,0,0,0,0,0,0,0,0,0,0,0,0,0,0,0,,0,,0,0,0,0,0,0,0,0,0,0,0,0,0,0,0,0,0
9dfdf362-3cab-49d0-980a-92c17001118c,2025-10-09 18:59:00.549092 UTC,0,,0,0,,0,,0,,,14,5-30 sec,0,0,0,0,0,0,0,0,0,0,0,0,0,0,0,0,,0,,0,0,0,0,0,0,0,0,0,0,0,0,0,0,0,0,0
5d3a4f25-3be6-4df3-9a80-9b8b0bd2dd14,2025-10-09 18:59:17.329405 UTC,0,,0,0,ABANDONED,0,ABANDONED,0,false,R0,3,0-5 sec,0,0,0,0,0,0,0,0,0,0,0,0,0,0,0,0,,0,,0,0,0,0,0,0,0,0,0,0,0,0,0,0,0,0,0
8e64d5e7-2a25-4781-abab-df4676e91507,2025-10-09 18:59:21.966372 UTC,0,,0,0,,0,,0,,,0,0-5 sec,0,0,0,0,0,0,0,0,0,0,0,0,0,0,0,0,,0,,0,0,0,0,0,0,0,0,0,0,0,0,0,0,0,0,0
5be96915-2bc5-466f-b833-25aeaffbc3a8,2025-10-09 18:59:34.370243 UTC,0,,0,0,ABANDONED,0,ABANDONED,0,false,R0,57,30-60 sec,0,0,0,0,0,0,0,0,0,0,0,0,0,0,0,0,,0,,0,0,0,0,0,0,0,0,0,0,0,0,0,0,0,0,0
e3bad9e6-6853-4e15-80a2-743d0d1ed437,2025-10-09 19:00:44.105088 UTC,0,,0,0,ABANDONED,0,ABANDONED,0,false,R0,25,5-30 sec,0,0,0,0,0,0,0,0,0,0,0,0,0,0,0,0,,0,,0,0,0,0,0,0,0,0,0,0,0,0,0,0,0,0,0
b3e70680-5ae7-4563-8304-6ecdc5e37f56,2025-10-09 19:02:05.594730 UTC,0,,0,0,ABANDONED,0,ABANDONED,0,false,R0,36,30-60 sec,0,0,0,0,0,0,0,0,0,0,0,0,0,0,0,0,,0,,0,0,0,0,0,0,0,0,0,0,0,0,0,0,0,0,0
78c6fb66-60ba-4b5d-b47b-0662813fae9a,2025-10-09 19:04:36.916552 UTC,0,,0,0,ABANDONED,0,ABANDONED,0,false,R0,7,5-30 sec,0,0,0,0,0,0,0,0,0,0,0,0,0,0,0,0,,0,,0,0,0,0,0,0,0,0,0,0,0,0,0,0,0,0,0
f55662c5-fcbb-41e3-a15e-7496b3c45262,2025-10-09 19:04:49.795461 UTC,0,,0,0,ABANDONED,0,ABANDONED,0,false,R0,7,5-30 sec,0,0,0,0,0,0,0,0,0,0,0,0,0,0,0,0,,0,,0,0,0,0,0,0,0,0,0,0,0,0,0,0,0,0,0
491b1338-1e42-4ae6-b0be-bfbd5f6f7192,2025-10-09 19:07:59.603635 UTC,0,$session.params.escalate,0,0,ABANDONED,0,ABANDONED,0,false,R0,134,>120 sec,0,0,0,0,0,0,0,0,0,0,0,0,0,0,0,0,,0,,0,0,0,0,0,0,0,0,0,0,0,0,0,0,0,0,0
c05c0fee-4bc6-4a15-a034-4d0ec2cb7b81,2025-10-09 19:11:03.746739 UTC,0,$session.params.escalate,0,0,ABANDONED,0,ABANDONED,0,false,R0,16,5-30 sec,0,0,0,0,0,0,0,0,0,0,0,0,0,0,0,0,,0,,0,0,0,0,0,0,0,0,0,0,0,0,0,0,0,0,0
42a4c898-d551-4539-9b37-84398aa2ba6d,2025-10-09 19:11:35.651332 UTC,0,$session.params.escalate,0,0,ABANDONED,0,ABANDONED,0,false,R0,15,5-30 sec,0,0,0,0,0,0,0,0,0,0,0,0,0,0,0,0,,0,,0,0,0,0,0,0,0,0,0,0,0,0,0,0,0,0,0
79be906d-20a0-4ec1-8d23-38fad9c021be,2025-10-09 19:18:13.069045 UTC,0,REDACTED,0,0,,0,,0,REDACTED,,13,5-30 sec,0,0,0,0,0,0,0,0,0,0,0,0,0,0,0,0,,0,,0,0,0,0,0,0,0,0,0,0,0,0,0,0,0,0,0
97b99e87-5879-43a9-8465-dc1abaebe7cb,2025-10-09 19:18:36.904618 UTC,0,$session.params.escalate,0,0,ABANDONED,0,ABANDONED,0,false,R0,121,>120 sec,0,0,0,0,0,0,0,0,0,0,0,0,0,0,0,0,,0,,0,0,0,0,0,0,0,0,0,0,0,0,0,0,0,0,0
aad745bf-6dac-4628-9242-44cd68d97a94,2025-10-09 19:22:08.528080 UTC,0,$session.params.escalate,0,0,ABANDONED,0,ABANDONED,0,false,R0,14,5-30 sec,0,0,0,0,0,0,0,0,0,0,0,0,0,0,0,0,,0,,0,0,0,0,0,0,0,0,0,0,0,0,0,0,0,0,0
a7a3a5ec-74df-4fa3-b9ec-ec7db3ad8b99,2025-10-09 19:24:21.224245 UTC,0,$session.params.escalate,0,0,ABANDONED,0,ABANDONED,0,false,R0,16,5-30 sec,0,0,0,0,0,0,0,0,0,0,0,0,0,0,0,0,,0,,0,0,0,0,0,0,0,0,0,0,0,0,0,0,0,0,0
000a25f3-96e0-4b05-83ae-068df9c0603c,2025-10-09 19:24:51.638974 UTC,0,$session.params.escalate,0,0,ABANDONED,0,ABANDONED,0,false,R0,14,5-30 sec,0,0,0,0,0,0,0,0,0,0,0,0,0,0,0,0,,0,,0,0,0,0,0,0,0,0,0,0,0,0,0,0,0,0,0
c85153ef-8b18-4a04-bc1a-d9d24f1ba5a2,2025-10-09 19:25:44.618946 UTC,0,true,0,0,ABANDONED,0,ABANDONED,0,false,R0,10,5-30 sec,0,0,0,0,0,0,0,0,0,0,0,0,0,0,0,0,,0,,0,0,0,0,0,0,0,0,0,0,0,0,0,0,0,0,0
5a09dd37-b21e-488b-8203-b9c2c680cfcc,2025-10-09 19:26:41.220531 UTC,0,$session.params.escalate,0,0,ABANDONED,0,ABANDONED,0,false,R0,70,60-120 sec,0,0,0,0,0,0,0,0,0,0,0,0,0,0,0,0,,0,,0,0,0,0,0,0,0,0,0,0,0,0,0,0,0,0,0
01737ba9-474d-461d-9721-af6c5817b9e3,2025-10-09 19:36:19.303238 UTC,0,REDACTED,0,0,,0,,0,REDACTED,,13,5-30 sec,0,0,0,0,0,0,0,0,0,0,0,0,0,0,0,0,,0,,0,0,0,0,0,0,0,0,0,0,0,0,0,0,0,0,0
284e6f0c-326d-4d20-b7e2-45167475d77d,2025-10-09 19:36:41.450837 UTC,0,,0,0,ABANDONED,0,ABANDONED,0,false,R0,107,60-120 sec,0,0,0,0,0,0,0,0,0,0,0,0,0,0,0,0,,0,,0,0,0,0,0,0,0,0,0,0,0,0,0,0,0,0,0
8aceaf47-5704-41de-b11e-6dc78ed37cfb,2025-10-09 19:39:23.221607 UTC,0,,0,0,ABANDONED,0,ABANDONED,0,false,R0,45,30-60 sec,0,0,0,0,0,0,0,0,0,0,0,0,0,0,0,0,,0,,0,0,0,0,0,0,0,0,0,0,0,0,0,0,0,0,0
1c96e1ac-b82a-47e6-976d-c0f22c6c7f34,2025-10-09 19:42:25.417277 UTC,0,,0,0,ABANDONED,0,ABANDONED,0,false,R0,37,30-60 sec,0,0,0,0,0,0,0,0,0,0,0,0,0,0,0,0,,0,,0,0,0,0,0,0,0,0,0,0,0,0,0,0,0,0,0
e78804c9-fb51-42d6-b871-3c488d1e2191,2025-10-09 19:44:21.206330 UTC,0,$session.params.escalate,0,0,ABANDONED,0,ABANDONED,0,false,R0,22,5-30 sec,0,0,0,0,0,0,0,0,0,0,0,0,0,0,0,0,,0,,0,0,0,0,0,0,0,0,0,0,0,0,0,0,0,0,0
484a87c5-2863-4343-8f25-f6120fe404b8,2025-10-09 19:45:23.467540 UTC,0,,0,0,ABANDONED,0,ABANDONED,0,false,R0,13,5-30 sec,0,0,0,0,0,0,0,0,0,0,0,0,0,0,0,0,,0,,0,0,0,0,0,0,0,0,0,0,0,0,0,0,0,0,0
ddf9965c-49be-4b48-b7ee-10078dfc0327,2025-10-09 19:46:53.999812 UTC,0,$session.params.escalate,0,0,ABANDONED,0,ABANDONED,0,false,R0,14,5-30 sec,0,0,0,0,0,0,0,0,0,0,0,0,0,0,0,0,,0,,0,0,0,0,0,0,0,0,0,0,0,0,0,0,0,0,0
238ad7db-3919-485f-9e00-a46c43a1151f,2025-10-09 19:48:21.052146 UTC,0,$session.params.escalate,0,0,ABANDONED,0,ABANDONED,0,false,R0,12,5-30 sec,0,0,0,0,0,0,0,0,0,0,0,0,0,0,0,0,,0,,0,0,0,0,0,0,0,0,0,0,0,0,0,0,0,0,0
8f84bb73-1454-4bb5-ad42-3efdc3674362,2025-10-09 20:11:53.586751 UTC,0,,0,0,ABANDONED,0,ABANDONED,0,false,R0,135,>120 sec,0,0,0,0,0,0,0,0,0,0,0,0,0,0,0,0,,0,,0,0,0,0,0,0,0,0,0,0,0,0,0,0,0,0,0
065aKxq9NsERjKns3zDP02PKA,2025-10-09 20:16:00.316100 UTC,0,$session.params.escalate,0,0,ABANDONED,0,ABANDONED,0,false,R0,163,>120 sec,0,0,0,0,0,0,0,0,0,0,0,0,0,0,0,0,,0,,0,0,0,0,0,0,0,0,0,0,0,0,0,0,0,0,0
065zyqxdkodRieBW2h0yz4PmA,2025-10-09 20:20:24.311219 UTC,0,,0,0,ABANDONED,0,ABANDONED,0,false,R0,34,30-60 sec,0,0,0,0,0,0,0,0,0,0,0,0,0,0,0,0,,0,,0,0,0,0,0,0,0,0,0,0,0,0,0,0,0,0,0
1195rEiebGLRwihbFy081hkAw,2025-10-09 20:27:34.976853 UTC,0,,0,0,ABANDONED,0,ABANDONED,0,false,R0,103,60-120 sec,0,0,0,0,0,0,0,0,0,0,0,0,0,0,0,0,,0,,0,0,0,0,0,0,0,0,0,0,0,0,0,0,0,0,0
081LCL9MO35SgGjDR_CwCeacQ,2025-10-09 20:31:11.768128 UTC,0,,0,0,ABANDONED,0,ABANDONED,0,false,R0,192,>120 sec,0,0,0,0,0,0,0,0,0,0,0,0,0,0,0,0,,0,,0,0,0,0,0,0,0,0,0,0,0,0,0,0,0,0,0
983b8c09-ff74-43e2-ac40-218634d734a1,2025-10-09 20:44:02.667200 UTC,0,,0,0,ABANDONED,0,ABANDONED,0,false,R0,183,>120 sec,0,0,0,0,0,0,0,0,0,0,0,0,0,0,0,0,,0,,0,0,0,0,0,0,0,0,0,0,0,0,0,0,0,0,0
e8295c11-64ce-461a-a95a-70965213f586,2025-10-09 20:50:31.940732 UTC,0,$session.params.escalate,0,0,ABANDONED,0,ABANDONED,0,false,R0,182,>120 sec,0,0,0,0,0,0,0,0,0,0,0,0,0,0,0,0,,0,,0,0,0,0,0,0,0,0,0,0,0,0,0,0,0,0,0
081Iisxqw8oSWWYYcazUsmvoQ,2025-10-09 21:33:45.019680 UTC,0,true,0,0,ABANDONED,0,ABANDONED,0,false,R0,87,60-120 sec,0,0,0,0,0,0,0,0,0,0,0,0,0,0,0,0,,0,,0,0,0,0,0,0,0,0,0,0,0,0,0,0,0,0,0
103R8gHgMVdQYO38f6AMkhuFg,2025-10-09 21:46:15.151161 UTC,0,true,0,0,ABANDONED,0,ABANDONED,0,false,R0,120,60-120 sec,0,0,0,0,0,0,0,0,0,0,0,0,0,0,0,0,,0,,0,0,0,0,0,0,0,0,0,0,0,0,0,0,0,0,0
081OaSkooJtRQiKWwyi8uxl-Q,2025-10-09 21:54:18.834288 UTC,0,true,0,0,ABANDONED,0,ABANDONED,0,false,R0,101,60-120 sec,0,0,0,0,0,0,0,0,0,0,0,0,0,0,0,0,,0,,0,0,0,0,0,0,0,0,0,0,0,0,0,0,0,0,0
081VGvuETRfQKeYnF3xSteE0Q,2025-10-09 22:03:53.706805 UTC,0,true,0,0,ABANDONED,0,ABANDONED,0,false,R0,102,60-120 sec,0,0,0,0,0,0,0,0,0,0,0,0,0,0,0,0,,0,,0,0,0,0,0,0,0,0,0,0,0,0,0,0,0,0,0
21ad5339-aee3-4c00-b1c5-956a9abcd2f2,2025-10-10 08:40:10.229164 UTC,0,$session.params.escalate,0,0,ABANDONED,0,ABANDONED,0,false,R0,196,>120 sec,0,0,0,0,0,0,0,0,0,0,0,0,0,0,0,0,,0,,0,0,0,0,0,0,0,0,0,0,0,0,0,0,0,0,0
94764257-e34c-4bc8-ad11-af698e2d519b,2025-10-10 08:56:30.902934 UTC,0,$session.params.escalate,0,0,ABANDONED,0,ABANDONED,0,false,R0,18,5-30 sec,0,0,0,0,0,0,0,0,0,0,0,0,0,0,0,0,,0,,0,0,0,0,0,0,0,0,0,0,0,0,0,0,0,0,0
3a28fbe3-6cc0-4f09-ae79-23186d2f0e95,2025-10-10 09:08:04.573184 UTC,0,,0,0,ABANDONED,0,ABANDONED,0,false,R0,27,5-30 sec,0,0,0,0,0,0,0,0,0,0,0,0,0,0,0,0,,0,,0,0,0,0,0,0,0,0,0,0,0,0,0,0,0,0,0
119m0arsTT1SK6nGq_6YR6Diw,2025-10-10 09:52:44.289525 UTC,0,$session.params.escalate,0,0,ABANDONED,0,ABANDONED,0,false,R0,184,>120 sec,0,0,0,0,0,0,0,0,0,0,0,0,0,0,0,0,,0,,0,0,0,0,0,0,0,0,0,0,0,0,0,0,0,0,0
103lkvc64EURwSt1Jp1MMDsCg,2025-10-10 09:56:55.051507 UTC,0,$session.params.escalate,0,0,ABANDONED,0,ABANDONED,0,false,R0,265,>120 sec,0,0,0,0,0,0,0,0,0,0,0,0,0,0,0,0,,0,,0,0,0,0,0,0,0,0,0,0,0,0,0,0,0,0,0
119pLtqluGtR1WqUrejUX6XZw,2025-10-10 10:02:33.664407 UTC,0,$session.params.escalate,0,0,ABANDONED,0,ABANDONED,0,false,R0,186,>120 sec,0,0,0,0,0,0,0,0,0,0,0,0,0,0,0,0,,0,,0,0,0,0,0,0,0,0,0,0,0,0,0,0,0,0,0
103wSpLL8LcRQageHcQkOB_Vg,2025-10-10 13:42:46.439718 UTC,0,$session.params.escalate,0,0,ABANDONED,0,ABANDONED,0,false,R0,219,>120 sec,0,0,0,0,0,0,0,0,0,0,0,0,0,0,0,0,,0,,0,0,0,0,0,0,0,0,0,0,0,0,0,0,0,0,0
065YapJI50mQdW78aCjhIuj7A,2025-10-10 13:47:45.043565 UTC,0,true,0,0,ABANDONED,0,ABANDONED,0,false,R0,128,>120 sec,0,0,0,0,0,0,0,0,0,0,0,0,0,0,0,0,,0,,0,0,0,0,0,0,0,0,0,0,0,0,0,0,0,0,0
9c039f3e-fe07-47d5-a47d-5309ccf9f71f,2025-10-10 14:31:49.242789 UTC,0,,0,0,ABANDONED,0,ABANDONED,0,false,R0,10,5-30 sec,0,0,0,0,0,0,0,0,0,0,0,0,0,0,0,0,,0,,0,0,0,0,0,0,0,0,0,0,0,0,0,0,0,0,0
119HTXdKLA7TjWZlpbAYkkHTw,2025-10-10 16:27:09.317176 UTC,0,$session.params.escalate,0,0,ABANDONED,0,ABANDONED,0,false,R0,152,>120 sec,0,0,0,0,0,0,0,0,0,0,0,0,0,0,0,0,,0,,0,0,0,0,0,0,0,0,0,0,0,0,0,0,0,0,0
119sSOoKQdPRFyxxrJ3tuGbmw,2025-10-10 16:32:54.868558 UTC,0,$session.params.escalate,0,0,ABANDONED,0,ABANDONED,0,false,R0,254,>120 sec,0,0,0,0,0,0,0,0,0,0,0,0,0,0,0,0,,0,,0,0,0,0,0,0,0,0,0,0,0,0,0,0,0,0,0
7ef03720-4a7b-49fa-892f-5a005dbbe795,2025-10-10 19:27:45.167607 UTC,0,,0,0,ABANDONED,0,ABANDONED,0,false,R0,11,5-30 sec,0,0,0,0,0,0,0,0,0,0,0,0,0,0,0,0,,0,,0,0,0,0,0,0,0,0,0,0,0,0,0,0,0,0,0
57451446-edfe-4377-b0f7-4e66f96762ff,2025-10-10 19:28:10.275683 UTC,0,,0,0,ABANDONED,0,ABANDONED,0,false,R0,29,5-30 sec,0,0,0,0,0,0,0,0,0,0,0,0,0,0,0,0,,0,,0,0,0,0,0,0,0,0,0,0,0,0,0,0,0,0,0
140a3dc4-c157-4cda-a63c-f4ee823819d4,2025-10-10 19:29:07.628677 UTC,0,,0,0,ABANDONED,0,ABANDONED,0,false,R0,42,30-60 sec,0,0,0,0,0,0,0,0,0,0,0,0,0,0,0,0,,0,,0,0,0,0,0,0,0,0,0,0,0,0,0,0,0,0,0
35e2877c-9e6f-4ad5-8c14-a0c606abb816,2025-10-10 19:33:02.925805 UTC,0,true,0,0,ABANDONED,0,ABANDONED,0,false,R0,47,30-60 sec,0,0,0,0,0,0,0,0,0,0,0,0,0,0,0,0,,0,,0,0,0,0,0,0,0,0,0,0,0,0,0,0,0,0,0
081oKj4SeyPTtKjPYxo02yr9Q,2025-10-13 09:10:26.997711 UTC,0,$session.params.escalate,0,0,ABANDONED,0,ABANDONED,0,false,R0,168,>120 sec,0,0,0,0,0,0,0,0,0,0,0,0,0,0,0,0,,0,,0,0,0,0,0,0,0,0,0,0,0,0,0,0,0,0,0
0816sAZZFUkSsaMUy76F5AvSQ,2025-10-13 10:59:46.900205 UTC,0,,0,0,ABANDONED,0,ABANDONED,0,false,R0,162,>120 sec,0,0,0,0,0,0,0,0,0,0,0,0,0,0,0,0,,0,,0,0,0,0,0,0,0,0,0,0,0,0,0,0,0,0,0
119RiO8fs75TjSh8vrWRdpoww,2025-10-13 11:11:12.291678 UTC,0,,0,0,ABANDONED,0,ABANDONED,0,false,R0,117,60-120 sec,0,0,0,0,0,0,0,0,0,0,0,0,0,0,0,0,,0,,0,0,0,0,0,0,0,0,0,0,0,0,0,0,0,0,0
081F75CBINwRyuWA8RR98KLKQ,2025-10-13 11:16:01.022902 UTC,0,true,0,0,ABANDONED,0,ABANDONED,0,false,R0,353,>120 sec,0,0,0,0,0,0,0,0,0,0,0,0,0,0,0,0,false,0,false,0,0,0,0,0,0,0,0,0,0,0,0,0,0,0,0,0
065Bp7K1aWSS0ChpL_uNKih_A,2025-10-13 11:26:29.297813 UTC,0,,0,0,ABANDONED,0,ABANDONED,0,false,R0,115,60-120 sec,0,0,0,0,0,0,0,0,0,0,0,0,0,0,0,0,,0,,0,0,0,0,0,0,0,0,0,0,0,0,0,0,0,0,0
103qDdPo0vdSVqUGeDiIBIITg,2025-10-13 11:29:11.540704 UTC,0,true,0,0,ABANDONED,0,ABANDONED,0,false,R0,137,>120 sec,0,0,0,0,0,0,0,0,0,0,0,0,0,0,0,0,,0,,0,0,0,0,0,0,0,0,0,0,0,0,0,0,0,0,0
065Bh717xAoSdq2Ze9pmnfC5A,2025-10-13 11:42:00.484294 UTC,0,true,0,0,ABANDONED,0,ABANDONED,0,false,R0,156,>120 sec,0,0,0,0,0,0,0,0,0,0,0,0,0,0,0,0,false,0,false,0,0,0,0,0,0,0,0,0,0,0,0,0,0,0,0,0
fcf8bf07-944f-4cb2-b49e-df5a713a8e1b,2025-10-13 12:34:08.665199 UTC,0,true,0,0,ABANDONED,0,ABANDONED,0,false,R0,51,30-60 sec,0,0,0,0,0,0,0,0,0,0,0,0,0,0,0,0,,0,,0,0,0,0,0,0,0,0,0,0,0,0,0,0,0,0,0
85d1241a-1a5f-4e37-ae01-3ffd6688af6d,2025-10-13 12:36:34.886558 UTC,0,true,0,0,ABANDONED,0,ABANDONED,0,false,R0,11,5-30 sec,0,0,0,0,0,0,0,0,0,0,0,0,0,0,0,0,,0,,0,0,0,0,0,0,0,0,0,0,0,0,0,0,0,0,0
c7dbcbf9-f6cb-48f0-a43f-08cfdb65cb9e,2025-10-13 12:42:10.803209 UTC,0,,0,0,ABANDONED,0,ABANDONED,0,false,R0,38,30-60 sec,0,0,0,0,0,0,0,0,0,0,0,0,0,0,0,0,,0,,0,0,0,0,0,0,0,0,0,0,0,0,0,0,0,0,0
75374175-3f52-4006-b87c-f7d30b975e82,2025-10-13 12:49:28.749903 UTC,0,true,0,0,ABANDONED,0,ABANDONED,0,false,R0,11,5-30 sec,0,0,0,0,0,0,0,0,0,0,0,0,0,0,0,0,,0,,0,0,0,0,0,0,0,0,0,0,0,0,0,0,0,0,0
632f6e88-9344-4ec5-b766-4b7e70e7af13,2025-10-13 12:50:46.129253 UTC,0,true,0,0,ABANDONED,0,ABANDONED,0,false,R0,659,>120 sec,0,0,0,0,0,0,0,0,0,0,0,0,0,0,0,0,,0,,0,0,0,0,0,0,0,0,0,0,0,0,0,0,0,0,0
0002ac53-4145-4af8-8f8f-568dc9747da5,2025-10-13 13:03:43.390939 UTC,0,$session.params.escalate,0,0,ABANDONED,0,ABANDONED,0,false,R0,14,5-30 sec,0,0,0,0,0,0,0,0,0,0,0,0,0,0,0,0,,0,,0,0,0,0,0,0,0,0,0,0,0,0,0,0,0,0,0
11976rlhv94TrGvahTWw-Wynw,2025-10-13 13:20:06.618223 UTC,0,,0,0,ABANDONED,0,ABANDONED,0,false,R0,21,5-30 sec,0,0,0,0,0,0,0,0,0,0,0,0,0,0,0,0,,0,,0,0,0,0,0,0,0,0,0,0,0,0,0,0,0,0,0
6fab905e-cf97-4639-aa0f-30fe0c84cf13,2025-10-13 13:32:37.224402 UTC,0,,0,0,ABANDONED,0,ABANDONED,0,false,R0,353,>120 sec,0,0,0,0,0,0,0,0,0,0,0,0,0,0,0,0,,0,,0,0,0,0,0,0,0,0,0,0,0,0,0,0,0,0,0
103WgCjPVKDR6Chs-dK13pCBg,2025-10-13 13:55:43.316787 UTC,0,$session.params.escalate,0,0,ABANDONED,0,ABANDONED,0,false,R0,105,60-120 sec,0,0,0,0,0,0,0,0,0,0,0,0,0,0,0,0,,0,,0,0,0,0,0,0,0,0,0,0,0,0,0,0,0,0,0
081nbaDDpu5SjWT5ep2do-ONQ,2025-10-13 14:11:09.536110 UTC,0,$session.params.escalate,0,0,ABANDONED,0,ABANDONED,0,false,R0,105,60-120 sec,0,0,0,0,0,0,0,0,0,0,0,0,0,0,0,0,,0,,0,0,0,0,0,0,0,0,0,0,0,0,0,0,0,0,0
103zFeDETP6T46tiu7ymiZT0g,2025-10-13 14:14:21.200818 UTC,0,,0,0,ABANDONED,0,ABANDONED,0,false,R0,206,>120 sec,0,0,0,0,0,0,0,0,0,0,0,0,0,0,0,0,,0,,0,0,0,0,0,0,0,0,0,0,0,0,0,0,0,0,0
641527b8-7813-42be-90dd-5991f36eb3ff,2025-10-13 14:24:09.705558 UTC,0,$session.params.escalate,0,0,ABANDONED,0,ABANDONED,0,false,R0,67,60-120 sec,0,0,0,0,0,0,0,0,0,0,0,0,0,0,0,0,,0,,0,0,0,0,0,0,0,0,0,0,0,0,0,0,0,0,0
085c4e1c-1fed-431a-84dd-9ec0c848e358,2025-10-13 14:25:42.912459 UTC,0,$session.params.escalate,0,0,ABANDONED,0,ABANDONED,0,false,R0,9,5-30 sec,0,0,0,0,0,0,0,0,0,0,0,0,0,0,0,0,,0,,0,0,0,0,0,0,0,0,0,0,0,0,0,0,0,0,0
c29c5349-5662-4b12-b064-1fbb6041aa7d,2025-10-13 14:26:37.149418 UTC,0,true,0,0,ABANDONED,0,ABANDONED,0,false,R0,9,5-30 sec,0,0,0,0,0,0,0,0,0,0,0,0,0,0,0,0,,0,,0,0,0,0,0,0,0,0,0,0,0,0,0,0,0,0,0
1c09799a-a637-490a-bdca-13a8f85d66d4,2025-10-13 15:26:37.165246 UTC,0,,0,0,ABANDONED,0,ABANDONED,0,false,R0,34,30-60 sec,0,0,0,0,0,0,0,0,0,0,0,0,0,0,0,0,,0,,0,0,0,0,0,0,0,0,0,0,0,0,0,0,0,0,0
58b9479e-48aa-4fd7-bcd0-23907ea7d98c,2025-10-13 15:27:34.341044 UTC,0,,0,0,ABANDONED,0,ABANDONED,0,false,R0,10,5-30 sec,0,0,0,0,0,0,0,0,0,0,0,0,0,0,0,0,,0,,0,0,0,0,0,0,0,0,0,0,0,0,0,0,0,0,0
7e52d92f-deb4-4ca4-909b-81991744a45d,2025-10-13 15:30:41.339931 UTC,0,,0,0,ABANDONED,0,ABANDONED,0,false,R0,28,5-30 sec,0,0,0,0,0,0,0,0,0,0,0,0,0,0,0,0,,0,,0,0,0,0,0,0,0,0,0,0,0,0,0,0,0,0,0
065KYviAhG-RgW2B40m_mfTWA,2025-10-13 17:32:56.806427 UTC,0,,0,0,ABANDONED,0,ABANDONED,0,false,R0,123,>120 sec,0,0,0,0,0,0,0,0,0,0,0,0,0,0,0,0,,0,,0,0,0,0,0,0,0,0,0,0,0,0,0,0,0,0,0
871982d0-b411-43ca-a320-e5958438adc8,2025-10-13 17:36:51.240826 UTC,0,,0,0,ABANDONED,0,ABANDONED,0,false,R0,209,>120 sec,0,0,0,0,0,0,0,0,0,0,0,0,0,0,0,0,,0,,0,0,0,0,0,0,0,0,0,0,0,0,0,0,0,0,0
41c8b6b4-9e90-45c3-994a-b055f280b51c,2025-10-13 17:41:52.270254 UTC,0,,0,0,ABANDONED,0,ABANDONED,0,false,R0,254,>120 sec,0,0,0,0,0,0,0,0,0,0,0,0,0,0,0,0,,0,,0,0,0,0,0,0,0,0,0,0,0,0,0,0,0,0,0
979ac2a9-93b8-4077-a044-6709f4b10f2f,2025-10-13 17:53:03.716109 UTC,0,,0,0,ABANDONED,0,ABANDONED,0,false,R0,50,30-60 sec,0,0,0,0,0,0,0,0,0,0,0,0,0,0,0,0,,0,,0,0,0,0,0,0,0,0,0,0,0,0,0,0,0,0,0
709f8503-339b-439e-b432-3cdd8c69f6ae,2025-10-13 17:57:25.708491 UTC,0,,0,0,ABANDONED,0,ABANDONED,0,false,R0,34,30-60 sec,0,0,0,0,0,0,0,0,0,0,0,0,0,0,0,0,,0,,0,0,0,0,0,0,0,0,0,0,0,0,0,0,0,0,0
0fe2e1d0-605c-49f2-9d4e-ff763eb42d59,2025-10-13 18:34:22.010226 UTC,0,,0,0,ABANDONED,0,ABANDONED,0,false,R0,13,5-30 sec,0,0,0,0,0,0,0,0,0,0,0,0,0,0,0,0,,0,,0,0,0,0,0,0,0,0,0,0,0,0,0,0,0,0,0
64b14c46-1dbd-4ba5-9bca-fc3d0889141f,2025-10-13 18:34:47.389887 UTC,0,,0,0,ABANDONED,0,ABANDONED,0,false,R0,6,5-30 sec,0,0,0,0,0,0,0,0,0,0,0,0,0,0,0,0,,0,,0,0,0,0,0,0,0,0,0,0,0,0,0,0,0,0,0
b0de0c5b-6f65-4753-b7f8-90c950657da4,2025-10-13 18:35:18.805832 UTC,0,,0,0,ABANDONED,0,ABANDONED,0,false,R0,3,0-5 sec,0,0,0,0,0,0,0,0,0,0,0,0,0,0,0,0,,0,,0,0,0,0,0,0,0,0,0,0,0,0,0,0,0,0,0
abc9b00a-5534-4b4a-be60-374706c7d64c,2025-10-13 18:35:46.017668 UTC,0,$session.params.escalate,0,0,ABANDONED,0,ABANDONED,0,false,R0,16,5-30 sec,0,0,0,0,0,0,0,0,0,0,0,0,0,0,0,0,,0,,0,0,0,0,0,0,0,0,0,0,0,0,0,0,0,0,0
ae74d343-2f40-4fbf-b81c-78cf1a529fb3,2025-10-13 18:36:40.526177 UTC,0,true,0,0,ABANDONED,0,ABANDONED,0,false,R0,4,0-5 sec,0,0,0,0,0,0,0,0,0,0,0,0,0,0,0,0,,0,,0,0,0,0,0,0,0,0,0,0,0,0,0,0,0,0,0
556b680e-007f-4627-a2f0-49f2bdd6c27b,2025-10-13 18:38:41.050590 UTC,0,$session.params.escalate,0,0,ABANDONED,0,ABANDONED,0,false,R0,13,5-30 sec,0,0,0,0,0,0,0,0,0,0,0,0,0,0,0,0,,0,,0,0,0,0,0,0,0,0,0,0,0,0,0,0,0,0,0
e2acea49-2b47-4ffd-ab45-b7cf7388b1e8,2025-10-13 18:39:12.961624 UTC,0,true,0,0,ABANDONED,0,ABANDONED,0,false,R0,13,5-30 sec,0,0,0,0,0,0,0,0,0,0,0,0,0,0,0,0,,0,,0,0,0,0,0,0,0,0,0,0,0,0,0,0,0,0,0
54742c1a-b038-4e93-8b35-f828219160f0,2025-10-13 18:44:46.028884 UTC,0,,0,0,ABANDONED,0,ABANDONED,0,false,R0,15,5-30 sec,0,0,0,0,0,0,0,0,0,0,0,0,0,0,0,0,,0,,0,0,0,0,0,0,0,0,0,0,0,0,0,0,0,0,0
d9f8625e-3f28-432b-9b58-696150fdc79b,2025-10-13 18:45:37.499210 UTC,0,$session.params.escalate,0,0,ABANDONED,0,ABANDONED,0,false,R0,22,5-30 sec,0,0,0,0,0,0,0,0,0,0,0,0,0,0,0,0,,0,,0,0,0,0,0,0,0,0,0,0,0,0,0,0,0,0,0
ac843696-7b45-4364-a40c-3cf523ab1f52,2025-10-13 18:46:39.803499 UTC,0,,0,0,ABANDONED,0,ABANDONED,0,false,R0,14,5-30 sec,0,0,0,0,0,0,0,0,0,0,0,0,0,0,0,0,,0,,0,0,0,0,0,0,0,0,0,0,0,0,0,0,0,0,0
4f8230a2-097d-46da-b2f8-082fc7ce6e99,2025-10-13 18:47:26.452722 UTC,0,true,0,0,ABANDONED,0,ABANDONED,0,false,R0,5,0-5 sec,0,0,0,0,0,0,0,0,0,0,0,0,0,0,0,0,,0,,0,0,0,0,0,0,0,0,0,0,0,0,0,0,0,0,0
56fe9cbe-72ed-4397-b5d0-90042f823e9b,2025-10-13 18:54:35.828467 UTC,0,,0,0,ABANDONED,0,ABANDONED,0,false,R0,3,0-5 sec,0,0,0,0,0,0,0,0,0,0,0,0,0,0,0,0,,0,,0,0,0,0,0,0,0,0,0,0,0,0,0,0,0,0,0
20e287f7-e66f-47d0-b6bd-ab5dc459735e,2025-10-13 19:25:36.620466 UTC,0,true,0,0,ABANDONED,0,ABANDONED,0,false,R0,24,5-30 sec,0,0,0,0,0,0,0,0,0,0,0,0,0,0,0,0,,0,,0,0,0,0,0,0,0,0,0,0,0,0,0,0,0,0,0
5e54554c-b403-4ec9-89ea-ddf2982fd427,2025-10-13 19:26:12.970974 UTC,0,true,0,0,ABANDONED,0,ABANDONED,0,false,R0,18,5-30 sec,0,0,0,0,0,0,0,0,0,0,0,0,0,0,0,0,,0,,0,0,0,0,0,0,0,0,0,0,0,0,0,0,0,0,0
f178e4be-0c61-4869-907c-aaef5cfa3206,2025-10-13 19:26:47.162212 UTC,0,true,0,0,ABANDONED,0,ABANDONED,0,false,R0,30,5-30 sec,0,0,0,0,0,0,0,0,0,0,0,0,0,0,0,0,,0,,0,0,0,0,0,0,0,0,0,0,0,0,0,0,0,0,0
16c2a16f-c745-4d4b-940a-9dcd1ffe2397,2025-10-13 19:51:33.255098 UTC,0,$session.params.escalate,0,0,ABANDONED,0,ABANDONED,0,false,R0,2015,>120 sec,0,0,0,0,0,0,0,0,0,0,0,0,0,0,0,0,,0,,0,0,0,0,0,0,0,0,0,0,0,0,0,0,0,0,0
a1cbe4ed-fe83-4ac2-9733-e9f7e487c107,2025-10-13 20:25:18.038359 UTC,0,$session.params.escalate,0,0,ABANDONED,0,ABANDONED,0,false,R3,139,>120 sec,0,0,0,0,0,0,0,0,0,0,0,0,0,0,0,0,,0,,0,0,0,0,0,0,0,0,0,0,0,0,0,0,0,0,0
d9dfcf2c-c129-4072-930a-dfd1daa8c1e5,2025-10-13 20:28:29.154321 UTC,0,$session.params.escalate,0,0,ABANDONED,0,ABANDONED,0,false,R3,1817,>120 sec,0,0,0,0,0,0,0,0,0,0,0,0,0,0,0,0,,0,,0,0,0,0,0,0,0,0,0,0,0,0,0,0,0,0,0
ad3a2406-c8ce-41ae-9a5a-d1a5b356f0c0,2025-10-13 20:30:03.586678 UTC,0,$session.params.escalate,0,0,ABANDONED,0,ABANDONED,0,false,R3,71,60-120 sec,0,0,0,0,0,0,0,0,0,0,0,0,0,0,0,0,,0,,0,0,0,0,0,0,0,0,0,0,0,0,0,0,0,0,0
142d4d9a-c9d1-47c6-b47a-5fd5afd52b82,2025-10-13 20:32:59.066512 UTC,0,$session.params.escalate,0,0,ABANDONED,0,ABANDONED,0,false,R3,20,5-30 sec,0,0,0,0,0,0,0,0,0,0,0,0,0,0,0,0,,0,,0,0,0,0,0,0,0,0,0,0,0,0,0,0,0,0,0
3539c5f1-c8f6-49a5-9ba8-5da20fbb83a6,2025-10-13 20:35:01.096153 UTC,0,$session.params.escalate,0,0,ABANDONED,0,ABANDONED,0,false,R3,21,5-30 sec,0,0,0,0,0,0,0,0,0,0,0,0,0,0,0,0,,0,,0,0,0,0,0,0,0,0,0,0,0,0,0,0,0,0,0
e1c21efa-e413-4d98-962c-7c2ec8ba5a3f,2025-10-13 20:36:29.949915 UTC,0,$session.params.escalate,0,0,ABANDONED,0,ABANDONED,0,false,R3,20,5-30 sec,0,0,0,0,0,0,0,0,0,0,0,0,0,0,0,0,,0,,0,0,0,0,0,0,0,0,0,0,0,0,0,0,0,0,0
786a0223-b900-427f-9a94-8a4db4c6f97b,2025-10-13 20:38:08.910566 UTC,0,$session.params.escalate,0,0,ABANDONED,0,ABANDONED,0,false,R3,20,5-30 sec,0,0,0,0,0,0,0,0,0,0,0,0,0,0,0,0,,0,,0,0,0,0,0,0,0,0,0,0,0,0,0,0,0,0,0
14ec01c1-0bdb-4613-bf8e-9cf0521a4f33,2025-10-13 20:39:50.779050 UTC,0,$session.params.escalate,0,0,ABANDONED,0,ABANDONED,0,false,R3,28,5-30 sec,0,0,0,0,0,0,0,0,0,0,0,0,0,0,0,0,,0,,0,0,0,0,0,0,0,0,0,0,0,0,0,0,0,0,0
951a1950-66a1-4a6a-ba8b-97a279039f76,2025-10-13 20:42:21.398164 UTC,0,$session.params.escalate,0,0,ABANDONED,0,ABANDONED,0,false,R3,48,30-60 sec,0,0,0,0,0,0,0,0,0,0,0,0,0,0,0,0,,0,,0,0,0,0,0,0,0,0,0,0,0,0,0,0,0,0,0
07e73f54-36cb-4f32-9fbb-a51bf23d33e3,2025-10-13 20:43:39.993589 UTC,0,true,0,0,ABANDONED,0,ABANDONED,0,false,R3,25,5-30 sec,0,0,0,0,0,0,0,0,0,0,0,0,0,0,0,0,,0,,0,0,0,0,0,0,0,0,0,0,0,0,0,0,0,0,0
82b7e91e-6a61-4456-a362-282560111143,2025-10-13 20:44:19.839660 UTC,0,true,0,0,ABANDONED,0,ABANDONED,0,false,R3,69,60-120 sec,0,0,0,0,0,0,0,0,0,0,0,0,0,0,0,0,,0,,0,0,0,0,0,0,0,0,0,0,0,0,0,0,0,0,0
ff25fcef-a2b3-4eda-a3b9-16c091800c1f,2025-10-13 20:45:56.334863 UTC,0,true,0,0,ABANDONED,0,ABANDONED,0,false,R3,42,30-60 sec,0,0,0,0,0,0,0,0,0,0,0,0,0,0,0,0,,0,,0,0,0,0,0,0,0,0,0,0,0,0,0,0,0,0,0
144bbf4c-6e70-4e38-9535-b5f5c19eecfc,2025-10-13 21:04:26.921352 UTC,0,true,0,0,ABANDONED,0,ABANDONED,0,false,R3,46,30-60 sec,0,0,0,0,0,0,0,0,0,0,0,0,0,0,0,0,,0,,0,0,0,0,0,0,0,0,0,0,0,0,0,0,0,0,0
d4913ba3-e183-4e88-85c7-e60134289f1e,2025-10-13 21:09:34.932200 UTC,0,$session.params.escalate,0,0,ABANDONED,0,ABANDONED,0,false,R3,43,30-60 sec,0,0,0,0,0,0,0,0,0,0,0,0,0,0,0,0,,0,,0,0,0,0,0,0,0,0,0,0,0,0,0,0,0,0,0
03f1a0d8-7b11-450c-958c-9e61001f836f,2025-10-13 21:26:02.795324 UTC,0,,0,0,ABANDONED,0,ABANDONED,0,false,R3,290,>120 sec,0,0,0,0,0,0,0,0,0,0,0,0,0,0,0,0,,0,,0,0,0,0,0,0,0,0,0,0,0,0,0,0,0,0,0
e697767b-32e4-4227-a259-8f17a5dbcdb6,2025-10-13 21:31:43.488732 UTC,0,$session.params.escalate,0,0,ABANDONED,0,ABANDONED,0,false,R3,41,30-60 sec,0,0,0,0,0,0,0,0,0,0,0,0,0,0,0,0,,0,,0,0,0,0,0,0,0,0,0,0,0,0,0,0,0,0,0
2756c2ab-ea21-47d3-9d49-75ea5c7154ad,2025-10-13 21:39:50.816034 UTC,0,$session.params.escalate,0,0,ABANDONED,0,ABANDONED,0,false,R3,36,30-60 sec,0,0,0,0,0,0,0,0,0,0,0,0,0,0,0,0,,0,,0,0,0,0,0,0,0,0,0,0,0,0,0,0,0,0,0
de9eaf96-2249-439f-8f02-92006761826f,2025-10-13 21:41:46.744822 UTC,0,true,0,0,ABANDONED,0,ABANDONED,0,false,R3,277,>120 sec,0,0,0,0,0,0,0,0,0,0,0,0,0,0,0,0,,0,,0,0,0,0,0,0,0,0,0,0,0,0,0,0,0,0,0
6b0c0f29-53c9-48b4-8521-cf9d2bc9859f,2025-10-13 21:47:09.033062 UTC,0,true,0,0,ABANDONED,0,ABANDONED,0,false,R3,33,30-60 sec,0,0,0,0,0,0,0,0,0,0,0,0,0,0,0,0,,0,,0,0,0,0,0,0,0,0,0,0,0,0,0,0,0,0,0
7f77ae37-2e38-46db-a478-7c457c85429b,2025-10-13 21:49:43.942394 UTC,0,true,0,0,ABANDONED,0,ABANDONED,0,false,R3,29,5-30 sec,0,0,0,0,0,0,0,0,0,0,0,0,0,0,0,0,,0,,0,0,0,0,0,0,0,0,0,0,0,0,0,0,0,0,0
417dc7ba-9eed-4392-8916-e53be10e03d8,2025-10-13 21:50:43.029402 UTC,0,true,0,0,ABANDONED,0,ABANDONED,0,false,R3,30,5-30 sec,0,0,0,0,0,0,0,0,0,0,0,0,0,0,0,0,,0,,0,0,0,0,0,0,0,0,0,0,0,0,0,0,0,0,0
1042a8e3-9ae6-4a08-86c2-90b4186a0537,2025-10-13 21:52:02.618211 UTC,0,true,0,0,ABANDONED,0,ABANDONED,0,false,R3,30,5-30 sec,0,0,0,0,0,0,0,0,0,0,0,0,0,0,0,0,,0,,0,0,0,0,0,0,0,0,0,0,0,0,0,0,0,0,0
9f7ae755-addc-481c-a656-724cbff6813b,2025-10-13 21:54:10.383306 UTC,0,true,0,0,ABANDONED,0,ABANDONED,0,false,R3,32,30-60 sec,0,0,0,0,0,0,0,0,0,0,0,0,0,0,0,0,,0,,0,0,0,0,0,0,0,0,0,0,0,0,0,0,0,0,0
37cd6595-acce-46e6-9f76-5bb148686ef3,2025-10-13 21:56:40.200969 UTC,0,true,0,0,ABANDONED,0,ABANDONED,0,false,R3,131,>120 sec,0,0,0,0,0,0,0,0,0,0,0,0,0,0,0,0,,0,,0,0,0,0,0,0,0,0,0,0,0,0,0,0,0,0,0
081CILOVdvwS-m1bJlqIOfmHQ,2025-10-13 22:00:23.013322 UTC,0,true,0,0,ESCALATED,0,ESCALATED,0,false,R2,35,30-60 sec,0,0,0,0,0,0,0,0,0,0,0,0,0,0,0,0,,0,,0,0,0,0,0,0,0,0,0,0,0,0,0,0,0,0,0
7c4fc124-60b7-4cc5-982a-8af36eafe8b3,2025-10-13 22:00:33.359409 UTC,0,true,0,0,ABANDONED,0,ABANDONED,0,false,R3,29,5-30 sec,0,0,0,0,0,0,0,0,0,0,0,0,0,0,0,0,,0,,0,0,0,0,0,0,0,0,0,0,0,0,0,0,0,0,0
7af58402-ce41-40ec-b905-bd58de2b337c,2025-10-13 22:06:54.106349 UTC,0,,0,0,ABANDONED,0,ABANDONED,0,false,R3,28,5-30 sec,0,0,0,0,0,0,0,0,0,0,0,0,0,0,0,0,,0,,0,0,0,0,0,0,0,0,0,0,0,0,0,0,0,0,0
47201f49-6881-4200-bf39-944b3f37fa49,2025-10-13 22:08:21.799338 UTC,0,true,0,0,ABANDONED,0,ABANDONED,0,false,R3,102,60-120 sec,0,0,0,0,0,0,0,0,0,0,0,0,0,0,0,0,,0,,0,0,0,0,0,0,0,0,0,0,0,0,0,0,0,0,0
053b5f2f-49ff-43a8-a145-74b0b169283c,2025-10-13 22:10:18.658552 UTC,0,,0,0,ABANDONED,0,ABANDONED,0,false,R3,34,30-60 sec,0,0,0,0,0,0,0,0,0,0,0,0,0,0,0,0,,0,,0,0,0,0,0,0,0,0,0,0,0,0,0,0,0,0,0
a619495a-efd2-4771-9eb3-c7e7f0c3059a,2025-10-13 22:14:08.465624 UTC,0,$session.params.escalate,0,0,ABANDONED,0,ABANDONED,0,true,R3,187,>120 sec,0,0,0,0,0,0,0,0,0,0,0,0,0,0,0,0,,0,,0,0,0,0,0,0,0,0,0,0,0,0,0,0,0,0,0
119FbY1OchQTn-06lMNwrXWUw,2025-10-13 22:16:24.472393 UTC,0,true,0,0,ESCALATED,0,ESCALATED,0,false,R2,37,30-60 sec,0,0,0,0,0,0,0,0,0,0,0,0,0,0,0,0,,0,,0,0,0,0,0,0,0,0,0,0,0,0,0,0,0,0,0
faa5f431-85b9-4b7a-9c70-cdc894e7558c,2025-10-14 16:49:47.117020 UTC,0,,0,0,ABANDONED,0,ABANDONED,0,false,R2,7,5-30 sec,0,0,0,0,0,0,0,0,0,0,0,0,0,0,0,0,,0,,0,0,0,0,0,0,0,0,0,0,0,0,0,0,0,0,0
cce5e81a-4c07-461f-baf4-342cb3130192,2025-10-15 09:47:40.365727 UTC,0,,0,0,ABANDONED,0,ABANDONED,0,false,R1,4,0-5 sec,0,0,0,0,0,0,0,0,0,0,0,0,0,0,0,0,,0,,0,0,0,0,0,0,0,0,0,0,0,0,0,0,0,0,0
081zq8kb3X-TymVdMkLw_CIyQ,2025-10-15 15:47:15.978794 UTC,0,,0,0,ABANDONED,0,ABANDONED,0,false,R1,5,0-5 sec,0,0,0,0,0,0,0,0,0,0,0,0,0,0,0,0,,0,,0,0,0,0,0,0,0,0,0,0,0,0,0,0,0,0,0
081DTbVppu7QBqCK--XzkEFlQ,2025-10-15 15:55:25.000768 UTC,0,true,0,0,ABANDONED,0,ABANDONED,0,false,R3,194,>120 sec,0,0,0,0,0,0,0,0,0,0,0,0,0,0,0,0,,0,,0,0,0,0,0,0,0,0,0,0,0,0,0,0,0,0,0
081Tz_JiNzVQoiYOz0UnKXKaQ,2025-10-15 16:00:08.838134 UTC,0,true,0,0,ABANDONED,0,ABANDONED,0,false,R3,135,>120 sec,0,0,0,0,0,0,0,0,0,0,0,0,0,0,0,0,,0,,0,0,0,0,0,0,0,0,0,0,0,0,0,0,0,0,0
103J2cErMoTSIWTPy9Sstcw4g,2025-10-16 09:00:05.385951 UTC,0,,0,0,ABANDONED,0,ABANDONED,0,false,R3,110,60-120 sec,0,0,0,0,0,0,0,0,0,0,0,0,0,0,0,0,,0,,0,0,0,0,0,0,0,0,0,0,0,0,0,0,0,0,0
081k31pCasRT-uEho1g8y_ftQ,2025-10-16 09:02:42.864931 UTC,0,true,0,0,ABANDONED,0,ABANDONED,0,false,R3,618,>120 sec,0,0,0,0,0,0,0,0,0,0,0,0,0,0,0,0,,0,,0,0,0,0,0,0,0,0,0,0,0,0,0,0,0,0,0
576e8262-9433-470c-9887-e9ac06e1b20e,2025-10-16 09:25:34.286273 UTC,0,,0,0,ABANDONED,0,ABANDONED,0,false,R1,206,>120 sec,0,0,0,0,0,0,0,0,0,0,0,0,0,0,0,0,,0,,0,0,0,0,0,0,0,0,0,0,0,0,0,0,0,0,0
103PrYecQbKTdiHWlwKoh0O7g,2025-10-16 10:09:44.553690 UTC,0,true,0,0,ABANDONED,0,ABANDONED,0,false,R2,81,60-120 sec,0,0,0,0,0,0,0,0,0,0,0,0,0,0,0,0,,0,,0,0,0,0,0,0,0,0,0,0,0,0,0,0,0,0,0
119RumyRAeZSz-gSe_66MSPEw,2025-10-16 10:14:49.799488 UTC,0,,0,0,ABANDONED,0,ABANDONED,0,false,R1,0,0-5 sec,0,0,0,0,0,0,0,0,0,0,0,0,0,0,0,0,,0,,0,0,0,0,0,0,0,0,0,0,0,0,0,0,0,0,0
103WODkavbgRbmrGTdIjMl2Ag,2025-10-16 10:47:13.843789 UTC,0,true,0,0,ABANDONED,0,ABANDONED,0,false,R3,295,>120 sec,0,0,0,0,0,0,0,0,0,0,0,0,0,0,0,0,,0,,0,0,0,0,0,0,0,0,0,0,0,0,0,0,0,0,0
103QmL8ZnDLQbuqzVpeLrKIFg,2025-10-16 10:59:31.567486 UTC,0,false,0,0,ABANDONED,0,ABANDONED,0,false,R3,214,>120 sec,0,0,0,0,0,0,0,0,0,0,0,0,0,0,0,0,false,0,false,0,0,0,0,0,0,0,0,0,0,0,0,0,0,0,0,0
065dn8tnsh5R86JG614TDRFFA,2025-10-16 11:02:58.989006 UTC,0,,0,0,ABANDONED,0,ABANDONED,0,false,R3,56,30-60 sec,0,0,0,0,0,0,0,0,0,0,0,0,0,0,0,0,,0,,0,0,0,0,0,0,0,0,0,0,0,0,0,0,0,0,0
119WoOPpu2wQD6pAanwyy_kmw,2025-10-16 11:06:23.906377 UTC,0,$session.params.escalate,0,0,ABANDONED,0,ABANDONED,0,true,R3,131,>120 sec,0,0,0,0,0,0,0,0,0,0,0,0,0,0,0,0,,0,,0,0,0,0,0,0,0,0,0,0,0,0,0,0,0,0,0
1039vUT1UGrS_O_PULCRuWRfg,2025-10-16 11:09:46.393649 UTC,0,false,0,0,ABANDONED,0,ABANDONED,0,false,R2,87,60-120 sec,0,0,0,0,0,0,0,0,0,0,0,0,0,0,0,0,false,0,false,0,0,0,0,0,0,0,0,0,0,0,0,0,0,0,0,0
119rZHdICG9TM-9HmPatZFmew,2025-10-16 11:12:50.805158 UTC,0,$session.params.escalate,0,0,ESCALATED,0,ESCALATED,0,false,R2,90,60-120 sec,0,0,0,0,0,0,0,0,0,0,0,0,0,0,0,0,,0,,0,0,0,0,0,0,0,0,0,0,0,0,0,0,0,0,0
065W8Am3XCrRPiB_1JCTUzWTA,2025-10-16 11:15:33.050917 UTC,0,true,0,0,ESCALATED,0,ESCALATED,0,false,R2,83,60-120 sec,0,0,0,0,0,0,0,0,0,0,0,0,0,0,0,0,,0,,0,0,0,0,0,0,0,0,0,0,0,0,0,0,0,0,0
ad5f48d9-ff15-43af-a2bf-20b78f4ca90e,2025-10-16 12:14:50.328220 UTC,0,,0,0,ABANDONED,0,ABANDONED,0,false,R3,448,>120 sec,0,0,0,0,0,0,0,0,0,0,0,0,0,0,0,0,,0,,0,0,0,0,0,0,0,0,0,0,0,0,0,0,0,0,0
065G-RqFkgPTSqPKtwp-BwZ9A,2025-10-16 12:17:52.654349 UTC,0,true,0,0,ABANDONED,0,ABANDONED,0,false,R2,181,>120 sec,0,0,0,0,0,0,0,0,0,0,0,0,0,0,0,0,,0,,0,0,0,0,0,0,0,0,0,0,0,0,0,0,0,0,0
065hYbZBesGRcWjckHLD1JkCA,2025-10-16 12:21:39.853506 UTC,0,true,0,0,ABANDONED,0,ABANDONED,0,false,R1,79,60-120 sec,0,0,0,0,0,0,0,0,0,0,0,0,0,0,0,0,,0,,0,0,0,0,0,0,0,0,0,0,0,0,0,0,0,0,0
f8fc00cd-310a-4114-b580-f16f95219339,2025-10-16 12:22:28.363335 UTC,0,,0,0,ABANDONED,0,ABANDONED,0,false,R1,66,60-120 sec,0,0,0,0,0,0,0,0,0,0,0,0,0,0,0,0,,0,,0,0,0,0,0,0,0,0,0,0,0,0,0,0,0,0,0
10304fnS0ksTbOJg4QfhhtOTg,2025-10-16 12:23:56.369592 UTC,0,true,0,0,ABANDONED,0,ABANDONED,0,false,R1,53,30-60 sec,0,0,0,0,0,0,0,0,0,0,0,0,0,0,0,0,,0,,0,0,0,0,0,0,0,0,0,0,0,0,0,0,0,0,0
119su33CbS9RUOnD921pbzFEw,2025-10-16 12:25:37.848720 UTC,0,true,0,0,ABANDONED,0,ABANDONED,0,false,R1,92,60-120 sec,0,0,0,0,0,0,0,0,0,0,0,0,0,0,0,0,,0,,0,0,0,0,0,0,0,0,0,0,0,0,0,0,0,0,0
081QAk_EQqnTC6bb6d1b7u6xQ,2025-10-16 12:28:37.920397 UTC,0,true,0,0,ABANDONED,0,ABANDONED,0,false,R1,56,30-60 sec,0,0,0,0,0,0,0,0,0,0,0,0,0,0,0,0,,0,,0,0,0,0,0,0,0,0,0,0,0,0,0,0,0,0,0
bd901cd0-8015-4ea9-8439-461bdf528fa9,2025-10-16 12:33:21.042659 UTC,0,,0,0,ABANDONED,0,ABANDONED,0,false,R1,152,>120 sec,0,0,0,0,0,0,0,0,0,0,0,0,0,0,0,0,,0,,0,0,0,0,0,0,0,0,0,0,0,0,0,0,0,0,0
8838beec-2659-43da-8883-960f1111d1e5,2025-10-16 12:36:12.331787 UTC,0,,0,0,ABANDONED,0,ABANDONED,0,false,R1,16,5-30 sec,0,0,0,0,0,0,0,0,0,0,0,0,0,0,0,0,,0,,0,0,0,0,0,0,0,0,0,0,0,0,0,0,0,0,0
1030lcrINkISX23FcTQ48PJ2g,2025-10-16 12:38:20.952021 UTC,0,,0,0,ABANDONED,0,ABANDONED,0,false,R1,5,0-5 sec,0,0,0,0,0,0,0,0,0,0,0,0,0,0,0,0,,0,,0,0,0,0,0,0,0,0,0,0,0,0,0,0,0,0,0
7f127554-09da-46c4-aa3e-c0ebcc7d36db,2025-10-16 12:38:58.489022 UTC,0,,0,0,ABANDONED,0,ABANDONED,0,false,R1,9,5-30 sec,0,0,0,0,0,0,0,0,0,0,0,0,0,0,0,0,,0,,0,0,0,0,0,0,0,0,0,0,0,0,0,0,0,0,0
9d866d86-dce8-4aae-944e-6e1474c7f8b4,2025-10-16 12:44:44.936110 UTC,0,,0,0,ABANDONED,0,ABANDONED,0,false,R1,13,5-30 sec,0,0,0,0,0,0,0,0,0,0,0,0,0,0,0,0,,0,,0,0,0,0,0,0,0,0,0,0,0,0,0,0,0,0,0
5039f2b7-ccda-4890-a26f-6f7eb960f790,2025-10-16 12:46:54.227367 UTC,0,false,0,0,ABANDONED,0,ABANDONED,0,false,R1,113,60-120 sec,0,0,0,0,0,0,0,0,0,0,0,0,0,0,0,0,false,0,false,0,0,0,0,0,0,0,0,0,0,0,0,0,0,0,0,0
081lyfIIofuRnqmVzLemsdVKQ,2025-10-16 13:03:29.939579 UTC,0,,0,0,ABANDONED,0,ABANDONED,0,false,R1,16,5-30 sec,0,0,0,0,0,0,0,0,0,0,0,0,0,0,0,0,,0,,0,0,0,0,0,0,0,0,0,0,0,0,0,0,0,0,0
103TemsA5w-T4WjS6OsdeEEcg,2025-10-16 13:12:05.396353 UTC,0,,0,0,ABANDONED,0,ABANDONED,0,false,R1,5,0-5 sec,0,0,0,0,0,0,0,0,0,0,0,0,0,0,0,0,,0,,0,0,0,0,0,0,0,0,0,0,0,0,0,0,0,0,0
081w5NX_-5OT8aMYLB2ioALkQ,2025-10-16 13:13:08.112762 UTC,0,true,0,0,ABANDONED,0,ABANDONED,0,false,R1,51,30-60 sec,0,0,0,0,0,0,0,0,0,0,0,0,0,0,0,0,,0,,0,0,0,0,0,0,0,0,0,0,0,0,0,0,0,0,0
065bQxT3F56TPySwjf7-P6mYA,2025-10-16 13:18:38.064485 UTC,0,true,0,0,ABANDONED,0,ABANDONED,0,false,R1,52,30-60 sec,0,0,0,0,0,0,0,0,0,0,0,0,0,0,0,0,,0,,0,0,0,0,0,0,0,0,0,0,0,0,0,0,0,0,0
065Jh2sSo9cRjeAIK6UurcPsA,2025-10-16 13:21:26.264225 UTC,0,,0,0,ABANDONED,0,ABANDONED,0,false,R1,18,5-30 sec,0,0,0,0,0,0,0,0,0,0,0,0,0,0,0,0,,0,,0,0,0,0,0,0,0,0,0,0,0,0,0,0,0,0,0
065IsJqsPa4SOeL62aOYFxbNA,2025-10-16 13:26:56.118254 UTC,0,true,0,0,ABANDONED,0,ABANDONED,0,false,R1,96,60-120 sec,0,0,0,0,0,0,0,0,0,0,0,0,0,0,0,0,,0,,0,0,0,0,0,0,0,0,0,0,0,0,0,0,0,0,0
120266f4-a343-41dd-9a41-590a5c49b4d2,2025-10-16 14:22:14.339129 UTC,0,false,0,0,ABANDONED,0,ABANDONED,0,false,R1,79,60-120 sec,0,0,0,0,0,0,0,0,0,0,0,0,0,0,0,0,false,0,false,0,0,0,0,0,0,0,0,0,0,0,0,0,0,0,0,0
0810KYS82u2TaGlIm5KUIKaSQ,2025-10-16 16:06:25.766495 UTC,0,true,0,0,ABANDONED,0,ABANDONED,0,false,R1,37,30-60 sec,0,0,0,0,0,0,0,0,0,0,0,0,0,0,0,0,,0,,0,0,0,0,0,0,0,0,0,0,0,0,0,0,0,0,0
119WnRI0428RYKEQXGjOp8ZJw,2025-10-16 16:10:50.361363 UTC,0,true,0,0,ABANDONED,0,ABANDONED,0,false,R1,21,5-30 sec,0,0,0,0,0,0,0,0,0,0,0,0,0,0,0,0,,0,,0,0,0,0,0,0,0,0,0,0,0,0,0,0,0,0,0
1fd3cb3c-c2a0-4a75-bf33-1ef95671103f,2025-10-16 16:34:23.701671 UTC,0,,0,0,ABANDONED,0,ABANDONED,0,false,R1,20,5-30 sec,0,0,0,0,0,0,0,0,0,0,0,0,0,0,0,0,,0,,0,0,0,0,0,0,0,0,0,0,0,0,0,0,0,0,0
433e12e5-0b6d-4ce8-9196-cd3aa3a3270b,2025-10-16 19:45:15.276847 UTC,0,,0,0,ABANDONED,0,ABANDONED,0,false,R2,136,>120 sec,0,0,0,0,0,0,0,0,0,0,0,0,0,0,0,0,,0,,0,0,0,0,0,0,0,0,0,0,0,0,0,0,0,0,0
5e997a4a-acba-4b12-b989-702ce4fbfdd7,2025-10-17 09:30:41.439569 UTC,0,,0,0,ABANDONED,0,ABANDONED,0,false,R1,186,>120 sec,0,0,0,0,0,0,0,0,0,0,0,0,0,0,0,0,,0,,0,0,0,0,0,0,0,0,0,0,0,0,0,0,0,0,0
fe605421-bc51-41c7-8c8a-370cb6ec3bac,2025-10-17 09:35:06.995758 UTC,0,$session.params.escalate,0,0,ABANDONED,0,ABANDONED,0,false,R2,111,60-120 sec,0,0,0,0,0,0,0,0,0,0,0,0,0,0,0,0,,0,,0,0,0,0,0,0,0,0,0,0,0,0,0,0,0,0,0
c0087709-d9a8-4ea2-a887-073e894660f6,2025-10-17 09:37:50.602021 UTC,0,,0,0,ABANDONED,0,ABANDONED,0,false,R1,71,60-120 sec,0,0,0,0,0,0,0,0,0,0,0,0,0,0,0,0,,0,,0,0,0,0,0,0,0,0,0,0,0,0,0,0,0,0,0
6dfd1e81-7106-44c7-92f8-d0076570ad2c,2025-10-17 09:39:08.892134 UTC,0,$session.params.escalate,0,0,ABANDONED,0,ABANDONED,0,false,R1,25,5-30 sec,0,0,0,0,0,0,0,0,0,0,0,0,0,0,0,0,,0,,0,0,0,0,0,0,0,0,0,0,0,0,0,0,0,0,0
a3dc1e37-a197-4f79-9691-9269f4630162,2025-10-17 09:40:03.760072 UTC,0,,0,0,ABANDONED,0,ABANDONED,0,false,R1,252,>120 sec,0,0,0,0,0,0,0,0,0,0,0,0,0,0,0,0,,0,,0,0,0,0,0,0,0,0,0,0,0,0,0,0,0,0,0
6802441d-65f8-43bf-97e0-9e9d298292b2,2025-10-17 09:45:18.586039 UTC,0,$session.params.escalate,0,0,ABANDONED,0,ABANDONED,0,false,R1,102,60-120 sec,0,0,0,0,0,0,0,0,0,0,0,0,0,0,0,0,,0,,0,0,0,0,0,0,0,0,0,0,0,0,0,0,0,0,0
43b68484-757e-4a79-b642-c487cc9feb78,2025-10-17 09:46:37.166903 UTC,0,,0,0,ABANDONED,0,ABANDONED,0,false,R1,26,5-30 sec,0,0,0,0,0,0,0,0,0,0,0,0,0,0,0,0,,0,,0,0,0,0,0,0,0,0,0,0,0,0,0,0,0,0,0
10e74bbf-9bc2-4ebd-9b71-db7c455e8084,2025-10-17 09:48:19.622822 UTC,0,,0,0,ABANDONED,0,ABANDONED,0,false,R1,73,60-120 sec,0,0,0,0,0,0,0,0,0,0,0,0,0,0,0,0,,0,,0,0,0,0,0,0,0,0,0,0,0,0,0,0,0,0,0
c108b072-2cb5-4422-94fe-dc2d4bd6d842,2025-10-17 09:49:57.477874 UTC,0,,0,0,ABANDONED,0,ABANDONED,0,false,R1,32,30-60 sec,0,0,0,0,0,0,0,0,0,0,0,0,0,0,0,0,,0,,0,0,0,0,0,0,0,0,0,0,0,0,0,0,0,0,0
7c856356-060d-4c2c-bfd2-35c85516ad24,2025-10-17 09:50:36.653836 UTC,0,$session.params.escalate,0,0,ABANDONED,0,ABANDONED,0,false,R1,34,30-60 sec,0,0,0,0,0,0,0,0,0,0,0,0,0,0,0,0,,0,,0,0,0,0,0,0,0,0,0,0,0,0,0,0,0,0,0
59b46bb9-a488-43cd-8282-1206506d41c8,2025-10-17 09:51:25.393741 UTC,0,,0,0,ABANDONED,0,ABANDONED,0,false,R1,48,30-60 sec,0,0,0,0,0,0,0,0,0,0,0,0,0,0,0,0,,0,,0,0,0,0,0,0,0,0,0,0,0,0,0,0,0,0,0
79797f94-554c-4687-a9bd-c9f285a85607,2025-10-17 09:52:55.717789 UTC,0,,0,0,ABANDONED,0,ABANDONED,0,false,R1,9,5-30 sec,0,0,0,0,0,0,0,0,0,0,0,0,0,0,0,0,,0,,0,0,0,0,0,0,0,0,0,0,0,0,0,0,0,0,0
eeb4fc4b-3756-4840-8e84-110de05e7dd9,2025-10-17 09:53:35.787758 UTC,0,,0,0,ABANDONED,0,ABANDONED,0,false,R1,10,5-30 sec,0,0,0,0,0,0,0,0,0,0,0,0,0,0,0,0,,0,,0,0,0,0,0,0,0,0,0,0,0,0,0,0,0,0,0
3a4b12fa-616b-4c56-8d61-830ae6f9503e,2025-10-17 09:54:58.740755 UTC,0,,0,0,ABANDONED,0,ABANDONED,0,false,R1,46,30-60 sec,0,0,0,0,0,0,0,0,0,0,0,0,0,0,0,0,,0,,0,0,0,0,0,0,0,0,0,0,0,0,0,0,0,0,0
1db88418-3c0c-4afc-ae8c-9b78414e5e91,2025-10-17 09:56:07.764393 UTC,0,true,0,0,ABANDONED,0,ABANDONED,0,false,R1,153,>120 sec,0,0,0,0,0,0,0,0,0,0,0,0,0,0,0,0,,0,,0,0,0,0,0,0,0,0,0,0,0,0,0,0,0,0,0
9d524553-abfd-4ade-8e8a-e9c2a3633e92,2025-10-17 10:00:12.982150 UTC,0,,0,0,ABANDONED,0,ABANDONED,0,false,R1,9,5-30 sec,0,0,0,0,0,0,0,0,0,0,0,0,0,0,0,0,,0,,0,0,0,0,0,0,0,0,0,0,0,0,0,0,0,0,0
2b349871-cc1b-458a-ac03-28e78ceeb6e5,2025-10-17 10:00:42.676490 UTC,0,,0,0,ABANDONED,0,ABANDONED,0,false,R1,30,5-30 sec,0,0,0,0,0,0,0,0,0,0,0,0,0,0,0,0,,0,,0,0,0,0,0,0,0,0,0,0,0,0,0,0,0,0,0
dc015069-6a41-4d94-94cc-f23ecdb91f76,2025-10-17 10:01:27.008504 UTC,0,,0,0,ABANDONED,0,ABANDONED,0,false,R1,12,5-30 sec,0,0,0,0,0,0,0,0,0,0,0,0,0,0,0,0,,0,,0,0,0,0,0,0,0,0,0,0,0,0,0,0,0,0,0
ef0818e8-a671-494c-ac4f-40ffbd4466a2,2025-10-17 10:02:58.211924 UTC,0,,0,0,ABANDONED,0,ABANDONED,0,false,R1,10,5-30 sec,0,0,0,0,0,0,0,0,0,0,0,0,0,0,0,0,,0,,0,0,0,0,0,0,0,0,0,0,0,0,0,0,0,0,0
e87fa830-ebe9-4b20-9dd0-f607fbe0a7dd,2025-10-17 10:03:07.006854 UTC,0,true,0,0,ABANDONED,0,ABANDONED,0,false,R1,107,60-120 sec,0,0,0,0,0,0,0,0,0,0,0,0,0,0,0,0,,0,,0,0,0,0,0,0,0,0,0,0,0,0,0,0,0,0,0
2ff6f651-8ec9-481b-a357-268108cea708,2025-10-17 10:03:43.979694 UTC,0,,0,0,ABANDONED,0,ABANDONED,0,false,R1,108,60-120 sec,0,0,0,0,0,0,0,0,0,0,0,0,0,0,0,0,,0,,0,0,0,0,0,0,0,0,0,0,0,0,0,0,0,0,0
4cd47437-7aa6-46c0-8c93-82277438daa5,2025-10-17 10:06:07.002046 UTC,0,,0,0,ABANDONED,0,ABANDONED,0,false,R1,27,5-30 sec,0,0,0,0,0,0,0,0,0,0,0,0,0,0,0,0,,0,,0,0,0,0,0,0,0,0,0,0,0,0,0,0,0,0,0
3a36d1d6-fc5c-4158-9883-83dffc6b8c85,2025-10-17 10:06:49.583740 UTC,0,,0,0,ABANDONED,0,ABANDONED,0,false,R1,212,>120 sec,0,0,0,0,0,0,0,0,0,0,0,0,0,0,0,0,,0,,0,0,0,0,0,0,0,0,0,0,0,0,0,0,0,0,0
bb7d67e5-38d2-4eb2-85fd-5f8726f65973,2025-10-17 10:06:55.345374 UTC,0,,0,0,ABANDONED,0,ABANDONED,0,false,R1,33,30-60 sec,0,0,0,0,0,0,0,0,0,0,0,0,0,0,0,0,,0,,0,0,0,0,0,0,0,0,0,0,0,0,0,0,0,0,0
ad7e0c36-7c8b-4d8d-bac8-a5568d3fb20a,2025-10-17 10:07:47.849937 UTC,0,,0,0,ABANDONED,0,ABANDONED,0,false,R1,223,>120 sec,0,0,0,0,0,0,0,0,0,0,0,0,0,0,0,0,,0,,0,0,0,0,0,0,0,0,0,0,0,0,0,0,0,0,0
1ae50762-6e92-4bb7-be54-873d24568c65,2025-10-17 10:10:33.371500 UTC,0,$session.params.escalate,0,0,ABANDONED,0,ABANDONED,0,false,R1,11,5-30 sec,0,0,0,0,0,0,0,0,0,0,0,0,0,0,0,0,,0,,0,0,0,0,0,0,0,0,0,0,0,0,0,0,0,0,0
e4380fbb-db00-4ad1-b826-f54ea122d416,2025-10-17 10:11:40.443122 UTC,0,$session.params.escalate,0,0,ABANDONED,0,ABANDONED,0,false,R1,11,5-30 sec,0,0,0,0,0,0,0,0,0,0,0,0,0,0,0,0,,0,,0,0,0,0,0,0,0,0,0,0,0,0,0,0,0,0,0
4b6d477f-0edb-4c91-bb67-e4eea0a6155d,2025-10-17 10:12:09.244376 UTC,0,$session.params.escalate,0,0,ABANDONED,0,ABANDONED,0,false,R1,9,5-30 sec,0,0,0,0,0,0,0,0,0,0,0,0,0,0,0,0,,0,,0,0,0,0,0,0,0,0,0,0,0,0,0,0,0,0,0
09d32fcf-c309-444d-8d48-ba87f17b6f7c,2025-10-17 10:12:44.339090 UTC,0,,0,0,ABANDONED,0,ABANDONED,0,false,R1,68,60-120 sec,0,0,0,0,0,0,0,0,0,0,0,0,0,0,0,0,,0,,0,0,0,0,0,0,0,0,0,0,0,0,0,0,0,0,0
202a480b-4ccc-44f0-b480-4782563cb42e,2025-10-17 10:12:46.011946 UTC,0,,0,0,ABANDONED,0,ABANDONED,0,false,R1,30,5-30 sec,0,0,0,0,0,0,0,0,0,0,0,0,0,0,0,0,,0,,0,0,0,0,0,0,0,0,0,0,0,0,0,0,0,0,0
0a2f8fae-cb61-456e-8a88-c033c2952845,2025-10-17 10:13:26.068027 UTC,0,,0,0,ABANDONED,0,ABANDONED,0,false,R2,50,30-60 sec,0,0,0,0,0,0,0,0,0,0,0,0,0,0,0,0,,0,,0,0,0,0,0,0,0,0,0,0,0,0,0,0,0,0,0
923dd453-e05c-4467-8298-a39c53419761,2025-10-17 10:14:32.234012 UTC,0,,0,0,ABANDONED,0,ABANDONED,0,false,R1,106,60-120 sec,0,0,0,0,0,0,0,0,0,0,0,0,0,0,0,0,,0,,0,0,0,0,0,0,0,0,0,0,0,0,0,0,0,0,0
2eebbe8f-ed45-416b-b0b7-f25c2b3d1b27,2025-10-17 10:15:33.692060 UTC,0,,0,0,ABANDONED,0,ABANDONED,0,false,R1,56,30-60 sec,0,0,0,0,0,0,0,0,0,0,0,0,0,0,0,0,,0,,0,0,0,0,0,0,0,0,0,0,0,0,0,0,0,0,0
92c2abfa-1505-40ba-81f7-1b778d6a3ef3,2025-10-17 10:18:20.694763 UTC,0,,0,0,ABANDONED,0,ABANDONED,0,false,R1,28,5-30 sec,0,0,0,0,0,0,0,0,0,0,0,0,0,0,0,0,,0,,0,0,0,0,0,0,0,0,0,0,0,0,0,0,0,0,0
801bc28c-8bc3-497d-90be-7edf764a347d,2025-10-17 10:18:46.798031 UTC,0,,0,0,ABANDONED,0,ABANDONED,0,false,R1,44,30-60 sec,0,0,0,0,0,0,0,0,0,0,0,0,0,0,0,0,,0,,0,0,0,0,0,0,0,0,0,0,0,0,0,0,0,0,0
1636ab69-c678-4f6a-913f-ab3a51b60742,2025-10-17 10:19:35.887000 UTC,0,true,0,0,ABANDONED,0,ABANDONED,0,false,R1,81,60-120 sec,0,0,0,0,0,0,0,0,0,0,0,0,0,0,0,0,,0,,0,0,0,0,0,0,0,0,0,0,0,0,0,0,0,0,0
089fec57-8f5b-47ee-842b-0c7f98ed214d,2025-10-17 10:20:09.573673 UTC,0,,0,0,ABANDONED,0,ABANDONED,0,false,R1,48,30-60 sec,0,0,0,0,0,0,0,0,0,0,0,0,0,0,0,0,,0,,0,0,0,0,0,0,0,0,0,0,0,0,0,0,0,0,0
a906b9c0-70c0-4db8-bf6a-18bdd9ad42f7,2025-10-17 10:22:05.212664 UTC,0,,0,0,ABANDONED,0,ABANDONED,0,false,R1,74,60-120 sec,0,0,0,0,0,0,0,0,0,0,0,0,0,0,0,0,,0,,0,0,0,0,0,0,0,0,0,0,0,0,0,0,0,0,0
b754cbb1-fc5d-4a00-8412-f0ae91c77c99,2025-10-17 10:22:52.681149 UTC,0,,0,0,ABANDONED,0,ABANDONED,0,false,R1,6,5-30 sec,0,0,0,0,0,0,0,0,0,0,0,0,0,0,0,0,,0,,0,0,0,0,0,0,0,0,0,0,0,0,0,0,0,0,0
bd7accdd-7d3c-4775-a020-88916f641198,2025-10-17 10:23:26.427873 UTC,0,$session.params.escalate,0,0,ABANDONED,0,ABANDONED,0,false,R1,187,>120 sec,0,0,0,0,0,0,0,0,0,0,0,0,0,0,0,0,,0,,0,0,0,0,0,0,0,0,0,0,0,0,0,0,0,0,0
a8994f73-e01e-4b66-8a5a-027056949208,2025-10-17 10:24:23.272892 UTC,0,,0,0,ABANDONED,0,ABANDONED,0,false,R1,42,30-60 sec,0,0,0,0,0,0,0,0,0,0,0,0,0,0,0,0,,0,,0,0,0,0,0,0,0,0,0,0,0,0,0,0,0,0,0
a9a19a91-2ea5-4e76-ad71-b67fc6f49075,2025-10-17 10:26:51.158469 UTC,0,,0,0,ABANDONED,0,ABANDONED,0,false,R1,20,5-30 sec,0,0,0,0,0,0,0,0,0,0,0,0,0,0,0,0,,0,,0,0,0,0,0,0,0,0,0,0,0,0,0,0,0,0,0
6446867f-3b1a-464e-b163-053436e685d9,2025-10-17 10:28:02.635378 UTC,0,true,0,0,ABANDONED,0,ABANDONED,0,false,R1,57,30-60 sec,0,0,0,0,0,0,0,0,0,0,0,0,0,0,0,0,,0,,0,0,0,0,0,0,0,0,0,0,0,0,0,0,0,0,0
faba0085-b00a-4074-8932-61a48e16a284,2025-10-17 10:29:53.435576 UTC,0,true,0,0,ABANDONED,0,ABANDONED,0,false,R1,16,5-30 sec,0,0,0,0,0,0,0,0,0,0,0,0,0,0,0,0,,0,,0,0,0,0,0,0,0,0,0,0,0,0,0,0,0,0,0
dc87a83a-e865-4084-b375-019f2814cbc7,2025-10-17 10:30:55.283178 UTC,0,,0,0,ABANDONED,0,ABANDONED,0,false,R1,48,30-60 sec,0,0,0,0,0,0,0,0,0,0,0,0,0,0,0,0,,0,,0,0,0,0,0,0,0,0,0,0,0,0,0,0,0,0,0
fa96df9e-4078-4ca6-992f-6aaa8a0aa9a5,2025-10-17 10:32:40.990726 UTC,0,,0,0,ABANDONED,0,ABANDONED,0,false,R1,254,>120 sec,0,0,0,0,0,0,0,0,0,0,0,0,0,0,0,0,,0,,0,0,0,0,0,0,0,0,0,0,0,0,0,0,0,0,0
d7025652-dd9b-45ec-bfa7-d81a253cb030,2025-10-17 10:40:03.131947 UTC,0,,0,0,ABANDONED,0,ABANDONED,0,false,R1,31,30-60 sec,0,0,0,0,0,0,0,0,0,0,0,0,0,0,0,0,,0,,0,0,0,0,0,0,0,0,0,0,0,0,0,0,0,0,0
61d8b29c-3d2b-4362-a764-60d87f4fa498,2025-10-17 10:44:25.723287 UTC,0,,0,0,ABANDONED,0,ABANDONED,0,false,R1,32,30-60 sec,0,0,0,0,0,0,0,0,0,0,0,0,0,0,0,0,,0,,0,0,0,0,0,0,0,0,0,0,0,0,0,0,0,0,0
103dLrrMxv4SkKK_EevPDUyag,2025-10-17 11:05:48.755469 UTC,0,$session.params.escalate,0,0,ABANDONED,0,ABANDONED,0,false,R1,153,>120 sec,0,0,0,0,0,0,0,0,0,0,0,0,0,0,0,0,,0,,0,0,0,0,0,0,0,0,0,0,0,0,0,0,0,0,0
103vU9Voq2WQdyxa6Tidotb9g,2025-10-17 11:09:42.054195 UTC,0,,0,0,ABANDONED,0,ABANDONED,0,false,R1,156,>120 sec,0,0,0,0,0,0,0,0,0,0,0,0,0,0,0,0,,0,,0,0,0,0,0,0,0,0,0,0,0,0,0,0,0,0,0
119GfZ6kOKBSxqFPZeBrFnhPw,2025-10-17 11:26:30.669627 UTC,0,,0,0,ABANDONED,0,ABANDONED,0,false,R1,154,>120 sec,0,0,0,0,0,0,0,0,0,0,0,0,0,0,0,0,,0,,0,0,0,0,0,0,0,0,0,0,0,0,0,0,0,0,0